timestamp,bid_price_1,bid_volume_1,bid_price_2,bid_volume_2,bid_price_3,bid_volume_3,ask_price_1,ask_volume_1,ask_price_2,ask_volume_2,ask_price_3,ask_volume_3,mid_price
0,816,39,814.0,14.0,811.0,5.0,829,21,831.0,21.0,834.0,18.0,822.5
1,817,28,814.0,30.0,,,832,23,835.0,10.0,,,824.5
2,816,33,813.0,26.0,,,824,20,827.0,12.0,,,820.0
3,813,21,810.0,23.0,,,824,31,827.0,24.0,,,818.5
4,812,16,809.0,24.0,,,826,37,829.0,26.0,,,819.0
5,814,17,811.0,19.0,,,831,39,834.0,28.0,,,822.5
6,821,40,818.0,23.0,,,834,22,837.0,17.0,,,827.5
7,821,18,818.0,12.0,,,830,40,833.0,25.0,,,825.5
8,823,35,819.0,24.0,817.0,5.0,829,35,833.0,23.0,835.0,9.0,826.0
9,821,39,818.0,27.0,,,834,19,837.0,14.0,,,827.5
10,827,26,822.0,30.0,,,834,38,839.0,29.0,,,830.5
11,828,15,825.0,20.0,,,843,24,846.0,27.0,,,835.5
12,832,19,830.0,19.0,,,844,37,846.0,13.0,,,838.0
13,830,37,828.0,26.0,,,846,32,848.0,23.0,,,838.0
14,833,16,832.0,29.0,,,842,37,843.0,15.0,,,837.5
15,833,15,830.0,20.0,,,849,31,852.0,18.0,,,841.0
16,833,28,829.0,19.0,,,848,33,852.0,18.0,,,840.5
17,832,18,829.0,18.0,,,846,23,849.0,22.0,,,839.0
18,830,19,828.0,29.0,,,841,21,843.0,11.0,,,835.5
19,828,31,826.0,26.0,,,842,27,844.0,28.0,,,835.0
20,835,17,831.0,15.0,828.0,19.0,844,32,848.0,24.0,851.0,11.0,839.5
21,836,31,831.0,19.0,,,845,22,850.0,10.0,,,840.5
22,833,26,829.0,30.0,826.0,13.0,841,35,845.0,19.0,848.0,17.0,837.0
24,828,40,825.0,18.0,,,841,23,844.0,18.0,,,834.5
25,829,36,826.0,22.0,,,840,24,843.0,23.0,,,834.5
26,823,29,822.0,25.0,,,839,33,840.0,14.0,,,831.0
27,827,22,824.0,12.0,820.0,20.0,838,36,841.0,21.0,845.0,7.0,832.5
28,833,18,831.0,15.0,,,844,16,846.0,12.0,,,838.5
29,836,33,833.0,22.0,830.0,13.0,846,40,849.0,15.0,852.0,18.0,841.0
30,838,26,835.0,17.0,,,850,28,853.0,23.0,,,844.0
31,839,21,834.0,14.0,,,851,39,856.0,19.0,,,845.0
32,840,23,837.0,27.0,,,853,31,856.0,23.0,,,846.5
33,843,37,840.0,17.0,,,852,38,855.0,20.0,,,847.5
34,842,16,839.0,18.0,,,854,21,857.0,13.0,,,848.0
35,846,29,843.0,22.0,,,858,21,861.0,11.0,,,852.0
36,852,23,849.0,28.0,,,860,32,863.0,28.0,,,856.0
37,855,29,852.0,16.0,,,866,17,869.0,20.0,,,860.5
38,855,19,853.0,14.0,,,860,31,862.0,15.0,,,857.5
39,854,24,852.0,18.0,,,866,28,868.0,24.0,,,860.0
40,859,26,856.0,17.0,,,870,28,873.0,12.0,,,864.5
41,860,17,855.0,16.0,,,875,23,880.0,24.0,,,867.5
42,860,39,857.0,22.0,,,874,34,877.0,24.0,,,867.0
43,859,27,856.0,27.0,,,870,16,873.0,11.0,,,864.5
44,859,28,856.0,18.0,,,867,30,870.0,27.0,,,863.0
45,857,35,853.0,19.0,,,869,20,873.0,21.0,,,863.0
46,852,16,848.0,26.0,,,863,27,867.0,24.0,,,857.5
47,849,33,845.0,14.0,,,857,26,861.0,17.0,,,853.0
48,842,23,839.0,18.0,,,854,34,857.0,17.0,,,848.0
49,848,20,846.0,13.0,,,860,39,862.0,24.0,,,854.0
51,847,21,843.0,25.0,,,862,21,866.0,12.0,,,854.5
50,846,21,842.0,30.0,,,861,28,865.0,16.0,,,853.5
53,847,27,844.0,10.0,,,864,23,867.0,21.0,,,855.5
54,850,21,848.0,14.0,,,860,29,862.0,19.0,,,855.0
55,846,22,844.0,10.0,,,861,40,863.0,16.0,,,853.5
56,851,25,849.0,11.0,846.0,8.0,861,27,863.0,23.0,866.0,17.0,856.0
57,854,18,849.0,12.0,,,867,39,872.0,25.0,,,860.5
58,857,18,852.0,23.0,,,869,20,874.0,21.0,,,863.0
59,855,27,852.0,20.0,,,868,17,871.0,14.0,,,861.5
60,851,23,849.0,19.0,,,867,25,869.0,28.0,,,859.0
61,852,16,846.0,19.0,,,867,20,873.0,11.0,,,859.5
62,857,28,854.0,19.0,,,867,40,870.0,29.0,,,862.0
63,857,15,854.0,12.0,,,870,25,873.0,15.0,,,863.5
64,861,33,857.0,13.0,,,875,21,879.0,22.0,,,868.0
65,857,32,855.0,22.0,,,872,33,874.0,20.0,,,864.5
66,858,35,855.0,27.0,,,873,24,876.0,26.0,,,865.5
67,864,15,861.0,29.0,,,872,27,875.0,24.0,,,868.0
68,864,40,859.0,19.0,,,871,32,876.0,13.0,,,867.5
69,861,37,858.0,27.0,,,872,25,875.0,30.0,,,866.5
70,858,15,853.0,30.0,850.0,6.0,868,27,873.0,22.0,876.0,15.0,863.0
71,857,20,854.0,13.0,850.0,18.0,871,27,874.0,21.0,878.0,6.0,864.0
72,857,27,854.0,18.0,,,871,23,874.0,24.0,,,864.0
73,861,31,857.0,26.0,,,870,20,874.0,25.0,,,865.5
74,861,33,858.0,12.0,,,876,26,879.0,28.0,,,868.5
75,864,35,861.0,13.0,,,875,39,878.0,10.0,,,869.5
76,866,21,863.0,29.0,,,876,18,879.0,19.0,,,871.0
77,861,37,858.0,15.0,,,873,32,876.0,30.0,,,867.0
78,858,34,856.0,27.0,,,874,18,876.0,23.0,,,866.0
79,865,15,864.0,12.0,,,876,29,877.0,23.0,,,870.5
80,864,20,861.0,17.0,,,876,35,879.0,23.0,,,870.0
81,860,40,855.0,26.0,,,873,36,878.0,29.0,,,866.5
84,865,23,860.0,21.0,,,877,18,882.0,21.0,,,871.0
83,865,28,863.0,24.0,,,875,37,877.0,25.0,,,870.0
82,862,31,859.0,24.0,,,880,37,883.0,29.0,,,871.0
85,863,29,860.0,26.0,857.0,9.0,876,23,879.0,11.0,882.0,20.0,869.5
86,866,29,863.0,17.0,859.0,13.0,869,26,872.0,27.0,876.0,10.0,867.5
87,866,21,862.0,10.0,,,877,29,881.0,26.0,,,871.5
88,865,36,863.0,12.0,,,874,27,876.0,23.0,,,869.5
89,862,19,858.0,24.0,,,871,33,875.0,29.0,,,866.5
90,859,40,856.0,17.0,,,873,27,876.0,17.0,,,866.0
91,860,29,856.0,13.0,,,873,17,877.0,21.0,,,866.5
92,854,17,852.0,18.0,,,868,35,870.0,29.0,,,861.0
93,851,19,847.0,20.0,,,868,18,872.0,20.0,,,859.5
94,853,28,851.0,19.0,,,866,21,868.0,16.0,,,859.5
95,851,36,847.0,29.0,,,865,30,869.0,23.0,,,858.0
96,848,37,845.0,27.0,841.0,18.0,865,19,868.0,20.0,872.0,9.0,856.5
98,859,18,857.0,15.0,,,870,34,872.0,12.0,,,864.5
99,865,33,864.0,24.0,,,873,25,874.0,23.0,,,869.0
100,863,23,859.0,30.0,,,876,15,880.0,18.0,,,869.5
101,859,30,856.0,28.0,852.0,7.0,874,29,877.0,19.0,881.0,9.0,866.5
102,859,25,856.0,17.0,,,870,27,873.0,20.0,,,864.5
103,859,28,857.0,15.0,854.0,13.0,870,34,872.0,29.0,875.0,18.0,864.5
104,857,23,855.0,26.0,,,869,21,871.0,25.0,,,863.0
105,858,38,,,,,863,30,,,,,860.5
106,863,30,859.0,15.0,,,874,28,878.0,28.0,,,868.5
107,859,16,854.0,22.0,851.0,12.0,869,37,874.0,30.0,877.0,15.0,864.0
108,864,38,861.0,19.0,,,869,25,872.0,16.0,,,866.5
109,857,16,855.0,22.0,,,863,35,865.0,29.0,,,860.0
110,851,31,847.0,15.0,,,866,35,870.0,14.0,,,858.5
111,854,19,,,,,865,16,,,,,859.5
112,849,33,846.0,24.0,,,861,30,864.0,12.0,,,855.0
113,850,23,847.0,19.0,,,858,33,861.0,28.0,,,854.0
114,851,33,848.0,13.0,,,863,25,866.0,27.0,,,857.0
115,858,17,856.0,20.0,,,869,36,871.0,15.0,,,863.5
116,863,25,861.0,16.0,,,873,29,875.0,19.0,,,868.0
117,860,38,858.0,24.0,,,872,15,874.0,19.0,,,866.0
118,862,26,,,,,874,29,,,,,868.0
119,864,34,,,,,876,15,,,,,870.0
120,866,27,864.0,29.0,,,873,33,875.0,17.0,,,869.5
121,859,39,,,,,870,21,,,,,864.5
122,863,16,860.0,26.0,,,870,26,873.0,21.0,,,866.5
123,861,16,857.0,17.0,,,875,30,879.0,21.0,,,868.0
124,864,34,863.0,22.0,,,874,24,875.0,10.0,,,869.0
125,857,37,854.0,12.0,,,873,17,876.0,26.0,,,865.0
126,858,39,856.0,17.0,,,874,20,876.0,20.0,,,866.0
127,861,27,858.0,26.0,,,871,32,874.0,23.0,,,866.0
128,859,25,854.0,22.0,,,870,34,875.0,21.0,,,864.5
129,854,26,852.0,16.0,,,872,24,874.0,10.0,,,863.0
130,859,27,856.0,26.0,854.0,5.0,868,29,871.0,12.0,873.0,14.0,863.5
134,844,24,840.0,11.0,834.0,10.0,861,32,865.0,23.0,871.0,8.0,852.5
132,847,31,843.0,13.0,,,861,17,865.0,13.0,,,854.0
133,845,32,841.0,11.0,,,859,23,863.0,10.0,,,852.0
131,852,25,848.0,14.0,845.0,13.0,866,16,870.0,21.0,873.0,5.0,859.0
135,850,39,846.0,24.0,,,862,34,866.0,22.0,,,856.0
136,852,25,850.0,29.0,,,868,23,870.0,10.0,,,860.0
137,856,39,853.0,17.0,,,870,18,873.0,24.0,,,863.0
138,857,17,852.0,15.0,847.0,13.0,872,28,877.0,19.0,882.0,5.0,864.5
139,859,37,,,,,871,27,,,,,865.0
140,862,27,859.0,24.0,,,873,25,876.0,29.0,,,867.5
141,862,16,860.0,11.0,,,869,29,871.0,22.0,,,865.5
142,858,35,854.0,12.0,,,867,18,871.0,26.0,,,862.5
143,854,20,853.0,25.0,,,867,24,868.0,18.0,,,860.5
144,847,16,846.0,22.0,,,863,22,864.0,16.0,,,855.0
145,856,29,853.0,29.0,,,867,33,870.0,10.0,,,861.5
146,857,23,856.0,22.0,,,865,34,866.0,30.0,,,861.0
147,856,25,853.0,20.0,850.0,20.0,869,31,872.0,17.0,875.0,13.0,862.5
148,857,21,854.0,15.0,,,874,40,877.0,30.0,,,865.5
149,858,23,855.0,12.0,,,871,23,874.0,11.0,,,864.5
150,859,19,856.0,26.0,,,870,17,873.0,20.0,,,864.5
151,855,17,852.0,30.0,,,864,15,867.0,23.0,,,859.5
152,862,21,860.0,25.0,,,870,33,872.0,29.0,,,866.0
153,861,36,860.0,14.0,,,871,26,872.0,19.0,,,866.0
154,853,29,849.0,12.0,846.0,19.0,866,16,870.0,27.0,873.0,8.0,859.5
155,857,24,853.0,27.0,,,869,31,873.0,10.0,,,863.0
156,859,19,857.0,25.0,,,868,18,870.0,29.0,,,863.5
157,855,38,852.0,18.0,,,871,23,874.0,28.0,,,863.0
158,859,18,856.0,22.0,,,871,19,874.0,10.0,,,865.0
159,857,37,854.0,30.0,,,863,25,866.0,29.0,,,860.0
160,856,27,851.0,22.0,,,866,17,871.0,30.0,,,861.0
162,846,28,843.0,17.0,,,859,40,862.0,11.0,,,852.5
163,848,20,843.0,28.0,,,857,37,862.0,19.0,,,852.5
164,843,20,840.0,16.0,,,851,20,854.0,22.0,,,847.0
165,837,22,833.0,27.0,,,850,17,854.0,11.0,,,843.5
166,834,33,832.0,25.0,,,847,28,849.0,27.0,,,840.5
167,824,39,820.0,28.0,817.0,6.0,839,36,843.0,27.0,846.0,7.0,831.5
168,821,17,818.0,11.0,,,835,35,838.0,18.0,,,828.0
170,819,21,816.0,29.0,,,832,39,835.0,13.0,,,825.5
171,818,15,816.0,23.0,,,827,40,829.0,18.0,,,822.5
172,815,24,812.0,11.0,,,826,16,829.0,20.0,,,820.5
173,812,35,809.0,21.0,,,829,35,832.0,19.0,,,820.5
174,817,23,814.0,21.0,,,826,19,829.0,18.0,,,821.5
175,810,21,808.0,17.0,,,826,18,828.0,10.0,,,818.0
176,817,28,,,,,832,29,,,,,824.5
177,822,20,,,,,830,26,,,,,826.0
178,823,37,822.0,27.0,,,831,27,832.0,16.0,,,827.0
179,818,22,815.0,17.0,,,830,40,833.0,16.0,,,824.0
180,823,22,821.0,23.0,,,838,40,840.0,23.0,,,830.5
181,824,26,823.0,13.0,,,834,21,835.0,21.0,,,829.0
182,825,30,823.0,10.0,,,834,35,836.0,21.0,,,829.5
183,824,23,820.0,17.0,,,837,25,841.0,28.0,,,830.5
184,826,29,825.0,28.0,,,840,38,841.0,17.0,,,833.0
185,831,24,828.0,29.0,,,839,28,842.0,27.0,,,835.0
186,831,36,827.0,14.0,824.0,18.0,842,22,846.0,17.0,849.0,5.0,836.5
187,830,19,825.0,14.0,,,845,35,850.0,23.0,,,837.5
188,833,33,830.0,19.0,,,847,15,850.0,18.0,,,840.0
189,837,32,834.0,19.0,,,847,17,850.0,10.0,,,842.0
190,839,29,835.0,16.0,,,851,17,855.0,11.0,,,845.0
191,836,17,833.0,16.0,,,851,33,854.0,17.0,,,843.5
192,836,40,832.0,19.0,,,849,25,853.0,18.0,,,842.5
193,839,39,836.0,30.0,,,849,17,852.0,23.0,,,844.0
194,834,26,,,,,852,34,,,,,843.0
195,837,29,834.0,25.0,,,848,28,851.0,21.0,,,842.5
197,837,28,835.0,11.0,833.0,16.0,849,21,851.0,20.0,853.0,5.0,843.0
198,834,16,832.0,18.0,,,847,40,849.0,26.0,,,840.5
199,836,39,832.0,21.0,,,851,40,855.0,28.0,,,843.5
200,837,29,834.0,20.0,,,849,20,852.0,16.0,,,843.0
201,842,36,840.0,14.0,,,849,20,851.0,16.0,,,845.5
202,838,26,835.0,22.0,,,853,29,856.0,24.0,,,845.5
203,839,39,834.0,21.0,830.0,8.0,848,27,853.0,24.0,857.0,6.0,843.5
204,834,36,830.0,23.0,,,848,39,852.0,14.0,,,841.0
205,838,20,835.0,28.0,832.0,11.0,846,36,849.0,21.0,852.0,6.0,842.0
206,840,34,837.0,29.0,834.0,14.0,848,27,851.0,20.0,854.0,18.0,844.0
207,843,15,839.0,26.0,,,854,19,858.0,28.0,,,848.5
208,844,17,841.0,16.0,,,855,37,858.0,24.0,,,849.5
209,845,32,841.0,30.0,839.0,10.0,860,40,864.0,23.0,866.0,14.0,852.5
210,842,25,839.0,30.0,,,863,35,866.0,21.0,,,852.5
211,847,20,844.0,30.0,,,863,35,866.0,17.0,,,855.0
212,850,16,849.0,17.0,,,859,16,860.0,14.0,,,854.5
213,853,28,850.0,13.0,,,862,27,865.0,13.0,,,857.5
214,853,36,850.0,16.0,,,864,24,867.0,30.0,,,858.5
215,852,33,851.0,17.0,846.0,14.0,865,30,866.0,20.0,871.0,12.0,858.5
216,848,29,844.0,20.0,,,861,31,865.0,25.0,,,854.5
217,850,24,849.0,22.0,845.0,10.0,860,40,861.0,18.0,865.0,14.0,855.0
218,850,33,846.0,15.0,,,865,21,869.0,10.0,,,857.5
219,850,16,846.0,22.0,,,865,26,869.0,25.0,,,857.5
220,850,31,847.0,25.0,,,865,22,868.0,14.0,,,857.5
221,850,15,847.0,30.0,,,863,19,866.0,30.0,,,856.5
222,852,32,,,,,866,28,,,,,859.0
223,858,21,856.0,27.0,,,872,23,874.0,22.0,,,865.0
224,856,24,854.0,26.0,,,868,36,870.0,12.0,,,862.0
225,854,39,850.0,24.0,,,867,34,871.0,14.0,,,860.5
226,857,31,854.0,18.0,,,871,16,874.0,22.0,,,864.0
227,856,25,853.0,10.0,,,871,34,874.0,18.0,,,863.5
228,857,19,855.0,19.0,,,867,29,869.0,16.0,,,862.0
229,858,38,856.0,23.0,,,871,24,873.0,12.0,,,864.5
230,855,37,850.0,16.0,,,865,39,870.0,23.0,,,860.0
231,856,35,851.0,26.0,848.0,11.0,863,37,868.0,19.0,871.0,13.0,859.5
232,856,33,854.0,30.0,,,870,31,872.0,22.0,,,863.0
233,852,17,848.0,28.0,,,869,34,873.0,11.0,,,860.5
234,854,15,852.0,29.0,,,870,25,872.0,13.0,,,862.0
235,854,40,851.0,23.0,,,869,33,872.0,22.0,,,861.5
236,852,25,,,,,864,18,,,,,858.0
237,851,33,847.0,22.0,844.0,8.0,863,15,867.0,12.0,870.0,12.0,857.0
238,844,39,840.0,25.0,,,857,26,861.0,10.0,,,850.5
239,842,31,839.0,24.0,,,858,26,861.0,17.0,,,850.0
240,848,37,,,,,860,16,,,,,854.0
241,847,21,846.0,22.0,,,858,16,859.0,28.0,,,852.5
242,847,19,844.0,23.0,,,857,27,860.0,13.0,,,852.0
243,841,27,838.0,17.0,,,856,29,859.0,24.0,,,848.5
244,842,19,838.0,19.0,,,855,39,859.0,26.0,,,848.5
245,844,32,840.0,19.0,,,856,24,860.0,20.0,,,850.0
246,843,16,840.0,11.0,,,854,18,857.0,22.0,,,848.5
247,843,32,839.0,14.0,,,852,27,856.0,13.0,,,847.5
248,845,15,840.0,13.0,,,854,18,859.0,23.0,,,849.5
249,845,23,841.0,18.0,,,856,19,860.0,27.0,,,850.5
250,845,18,841.0,24.0,,,861,15,865.0,23.0,,,853.0
251,847,29,845.0,27.0,,,859,17,861.0,23.0,,,853.0
252,845,21,,,,,857,24,,,,,851.0
253,843,22,,,,,854,25,,,,,848.5
254,840,24,839.0,27.0,,,853,29,854.0,25.0,,,846.5
255,841,37,838.0,24.0,,,850,25,853.0,10.0,,,845.5
256,840,16,837.0,23.0,836.0,6.0,856,24,859.0,23.0,860.0,8.0,848.0
257,848,33,845.0,25.0,,,854,23,857.0,28.0,,,851.0
258,843,23,838.0,22.0,,,855,29,860.0,15.0,,,849.0
259,848,27,845.0,24.0,,,863,26,866.0,24.0,,,855.5
260,842,34,840.0,19.0,,,855,40,857.0,18.0,,,848.5
261,843,15,840.0,20.0,,,858,30,861.0,25.0,,,850.5
262,845,18,843.0,26.0,,,855,21,857.0,29.0,,,850.0
263,845,22,843.0,30.0,,,851,36,853.0,17.0,,,848.0
264,844,33,842.0,26.0,,,856,25,858.0,24.0,,,850.0
265,837,30,835.0,28.0,,,851,30,853.0,26.0,,,844.0
266,839,32,836.0,10.0,832.0,10.0,849,39,852.0,16.0,856.0,8.0,844.0
267,838,40,836.0,11.0,,,855,40,857.0,26.0,,,846.5
268,842,23,839.0,10.0,,,854,21,857.0,25.0,,,848.0
269,840,27,838.0,13.0,,,854,20,856.0,19.0,,,847.0
270,838,34,835.0,27.0,,,852,40,855.0,28.0,,,845.0
271,834,18,,,,,845,27,,,,,839.5
272,832,15,830.0,20.0,,,849,15,851.0,13.0,,,840.5
273,832,26,831.0,19.0,,,844,18,845.0,16.0,,,838.0
274,834,38,831.0,23.0,,,846,30,849.0,12.0,,,840.0
275,835,18,834.0,15.0,,,845,40,846.0,24.0,,,840.0
276,834,37,,,,,845,26,,,,,839.5
277,835,37,834.0,23.0,,,848,15,849.0,16.0,,,841.5
278,839,17,837.0,14.0,,,847,37,849.0,23.0,,,843.0
279,836,31,835.0,16.0,,,847,39,848.0,25.0,,,841.5
280,835,19,833.0,19.0,,,850,33,852.0,22.0,,,842.5
281,833,39,830.0,13.0,,,845,17,848.0,13.0,,,839.0
282,833,18,829.0,25.0,,,844,33,848.0,22.0,,,838.5
283,831,38,829.0,30.0,,,845,16,847.0,15.0,,,838.0
284,837,30,833.0,15.0,,,851,23,855.0,30.0,,,844.0
285,838,24,836.0,26.0,833.0,8.0,855,25,857.0,16.0,860.0,5.0,846.5
286,841,27,838.0,28.0,,,855,37,858.0,11.0,,,848.0
287,844,22,841.0,23.0,,,858,38,861.0,11.0,,,851.0
288,847,17,844.0,18.0,,,858,16,861.0,26.0,,,852.5
289,855,23,852.0,16.0,,,869,21,872.0,24.0,,,862.0
290,860,20,856.0,12.0,,,874,31,878.0,13.0,,,867.0
291,858,25,855.0,19.0,,,874,23,877.0,27.0,,,866.0
292,860,38,857.0,22.0,,,872,20,875.0,20.0,,,866.0
293,869,34,866.0,10.0,,,879,24,882.0,22.0,,,874.0
294,870,39,867.0,24.0,,,887,18,890.0,30.0,,,878.5
295,875,15,874.0,29.0,,,888,18,889.0,25.0,,,881.5
296,872,33,867.0,27.0,,,886,27,891.0,15.0,,,879.0
297,875,26,873.0,23.0,,,882,31,884.0,27.0,,,878.5
298,878,22,,,,,889,24,,,,,883.5
299,873,24,869.0,28.0,,,889,40,893.0,14.0,,,881.0
300,879,20,876.0,11.0,,,891,22,894.0,11.0,,,885.0
301,876,22,,,,,889,38,,,,,882.5
302,876,31,874.0,22.0,,,887,30,889.0,21.0,,,881.5
303,876,31,872.0,22.0,,,884,23,888.0,20.0,,,880.0
304,875,36,872.0,28.0,,,887,35,890.0,28.0,,,881.0
305,875,25,872.0,27.0,868.0,17.0,886,29,889.0,17.0,893.0,6.0,880.5
306,870,27,868.0,10.0,,,884,22,886.0,10.0,,,877.0
307,868,29,,,,,881,25,,,,,874.5
308,871,22,869.0,11.0,,,882,27,884.0,25.0,,,876.5
309,875,39,871.0,24.0,,,886,33,890.0,13.0,,,880.5
310,879,18,878.0,21.0,,,889,35,890.0,10.0,,,884.0
311,876,36,873.0,13.0,,,888,30,891.0,13.0,,,882.0
312,878,20,875.0,27.0,874.0,10.0,889,22,892.0,20.0,893.0,5.0,883.5
313,879,36,,,,,893,17,,,,,886.0
314,879,15,876.0,22.0,,,892,36,895.0,24.0,,,885.5
315,879,39,,,,,891,25,,,,,885.0
316,881,22,,,,,889,27,,,,,885.0
317,881,16,879.0,28.0,,,890,29,892.0,12.0,,,885.5
318,877,36,873.0,19.0,,,887,23,891.0,14.0,,,882.0
319,871,32,867.0,20.0,865.0,20.0,884,35,888.0,10.0,890.0,12.0,877.5
320,871,23,868.0,25.0,,,885,32,888.0,27.0,,,878.0
321,880,28,878.0,29.0,,,888,26,890.0,30.0,,,884.0
322,884,23,,,,,892,23,,,,,888.0
323,887,31,884.0,10.0,,,895,22,898.0,19.0,,,891.0
324,884,36,881.0,11.0,,,894,40,897.0,21.0,,,889.0
325,882,16,880.0,23.0,,,897,38,899.0,14.0,,,889.5
326,884,24,881.0,13.0,877.0,19.0,899,25,902.0,18.0,906.0,13.0,891.5
327,884,40,881.0,22.0,,,893,17,896.0,20.0,,,888.5
328,882,21,,,,,893,32,,,,,887.5
329,885,33,883.0,17.0,,,891,26,893.0,30.0,,,888.0
330,880,23,878.0,26.0,,,894,33,896.0,18.0,,,887.0
331,879,36,875.0,21.0,873.0,8.0,889,16,893.0,26.0,895.0,20.0,884.0
332,879,20,876.0,28.0,,,890,18,893.0,27.0,,,884.5
333,879,18,876.0,21.0,,,892,16,895.0,14.0,,,885.5
334,879,15,877.0,14.0,,,886,32,888.0,26.0,,,882.5
335,874,15,871.0,19.0,,,889,35,892.0,28.0,,,881.5
336,878,35,875.0,10.0,873.0,16.0,885,25,888.0,26.0,890.0,7.0,881.5
337,877,27,875.0,26.0,,,893,18,895.0,15.0,,,885.0
338,873,37,870.0,29.0,,,888,18,891.0,13.0,,,880.5
339,878,21,876.0,19.0,873.0,12.0,890,36,892.0,13.0,895.0,20.0,884.0
340,874,25,870.0,13.0,867.0,14.0,881,37,885.0,12.0,888.0,20.0,877.5
341,875,16,873.0,19.0,,,888,38,890.0,12.0,,,881.5
342,872,33,,,,,890,20,,,,,881.0
343,879,26,876.0,29.0,872.0,5.0,885,16,888.0,26.0,892.0,8.0,882.0
344,869,15,866.0,14.0,,,883,31,886.0,12.0,,,876.0
345,871,34,,,,,886,32,,,,,878.5
346,875,16,,,,,884,15,,,,,879.5
347,873,31,869.0,21.0,,,884,34,888.0,24.0,,,878.5
348,873,32,870.0,14.0,,,886,21,889.0,19.0,,,879.5
349,871,23,869.0,21.0,,,885,33,887.0,22.0,,,878.0
350,877,22,,,,,889,15,,,,,883.0
351,878,21,877.0,29.0,,,887,23,888.0,19.0,,,882.5
352,872,17,869.0,19.0,864.0,19.0,884,37,887.0,14.0,892.0,12.0,878.0
353,873,33,869.0,11.0,865.0,15.0,885,23,889.0,13.0,893.0,16.0,879.0
354,874,24,871.0,30.0,,,889,29,892.0,15.0,,,881.5
355,880,23,877.0,20.0,,,889,17,892.0,30.0,,,884.5
356,881,26,,,,,892,20,,,,,886.5
357,885,25,883.0,26.0,879.0,16.0,899,36,901.0,13.0,905.0,19.0,892.0
358,885,34,882.0,26.0,,,896,17,899.0,16.0,,,890.5
359,883,16,881.0,11.0,,,894,28,896.0,22.0,,,888.5
360,884,40,881.0,12.0,,,895,30,898.0,13.0,,,889.5
361,886,38,885.0,26.0,,,894,38,895.0,25.0,,,890.0
362,878,36,875.0,21.0,,,892,25,895.0,16.0,,,885.0
363,877,40,875.0,23.0,873.0,20.0,890,24,892.0,24.0,894.0,20.0,883.5
364,875,35,871.0,21.0,,,887,30,891.0,15.0,,,881.0
365,881,22,877.0,14.0,873.0,9.0,890,38,894.0,30.0,898.0,8.0,885.5
366,880,29,878.0,20.0,,,891,22,893.0,12.0,,,885.5
367,880,30,878.0,16.0,,,891,37,893.0,13.0,,,885.5
368,876,35,874.0,15.0,,,890,28,892.0,30.0,,,883.0
369,875,32,871.0,23.0,,,887,34,891.0,20.0,,,881.0
370,873,25,870.0,13.0,,,885,33,888.0,13.0,,,879.0
372,881,39,879.0,24.0,,,891,26,893.0,29.0,,,886.0
374,872,22,868.0,25.0,,,887,30,891.0,27.0,,,879.5
376,874,32,871.0,29.0,,,888,36,891.0,15.0,,,881.0
377,872,16,869.0,16.0,,,886,17,889.0,10.0,,,879.0
378,868,33,864.0,30.0,861.0,9.0,880,22,884.0,29.0,887.0,13.0,874.0
379,866,40,862.0,11.0,,,879,28,883.0,14.0,,,872.5
380,867,34,863.0,12.0,,,883,23,887.0,12.0,,,875.0
381,869,34,867.0,16.0,,,881,26,883.0,20.0,,,875.0
382,868,16,866.0,19.0,,,882,29,884.0,12.0,,,875.0
383,871,31,868.0,19.0,,,881,38,884.0,11.0,,,876.0
384,873,28,869.0,10.0,,,882,37,886.0,25.0,,,877.5
385,866,21,862.0,24.0,,,874,16,878.0,22.0,,,870.0
386,864,31,861.0,17.0,,,874,32,877.0,10.0,,,869.0
387,865,25,861.0,14.0,,,875,39,879.0,28.0,,,870.0
388,871,25,867.0,28.0,864.0,9.0,884,18,888.0,13.0,891.0,11.0,877.5
389,874,16,872.0,23.0,,,883,39,885.0,29.0,,,878.5
390,870,31,868.0,30.0,,,879,20,881.0,26.0,,,874.5
391,873,27,870.0,20.0,,,878,22,881.0,19.0,,,875.5
392,865,24,862.0,25.0,859.0,11.0,878,23,881.0,29.0,884.0,6.0,871.5
393,863,28,860.0,11.0,856.0,5.0,877,34,880.0,19.0,884.0,16.0,870.0
394,862,24,860.0,10.0,,,875,33,877.0,26.0,,,868.5
395,862,30,857.0,26.0,,,873,40,878.0,12.0,,,867.5
396,866,15,864.0,12.0,861.0,18.0,875,39,877.0,29.0,880.0,5.0,870.5
397,858,33,856.0,25.0,,,870,38,872.0,26.0,,,864.0
398,857,36,855.0,13.0,853.0,19.0,874,32,876.0,25.0,878.0,17.0,865.5
399,865,29,861.0,16.0,,,878,37,882.0,12.0,,,871.5
400,867,30,862.0,17.0,,,880,18,885.0,19.0,,,873.5
401,868,27,866.0,22.0,,,879,37,881.0,24.0,,,873.5
402,867,17,864.0,12.0,,,878,26,881.0,26.0,,,872.5
403,866,19,861.0,30.0,,,877,20,882.0,19.0,,,871.5
404,866,18,864.0,13.0,,,878,22,880.0,13.0,,,872.0
405,861,17,859.0,27.0,,,877,22,879.0,20.0,,,869.0
406,862,28,858.0,27.0,,,872,21,876.0,21.0,,,867.0
407,860,33,857.0,12.0,,,872,36,875.0,15.0,,,866.0
408,854,18,852.0,29.0,,,865,38,867.0,16.0,,,859.5
409,856,36,852.0,27.0,,,871,22,875.0,10.0,,,863.5
410,860,15,857.0,17.0,856.0,12.0,871,21,874.0,25.0,875.0,7.0,865.5
411,855,38,851.0,20.0,,,869,39,873.0,19.0,,,862.0
412,853,32,849.0,20.0,,,866,35,870.0,13.0,,,859.5
413,858,23,855.0,26.0,,,866,24,869.0,10.0,,,862.0
414,852,20,849.0,23.0,,,862,40,865.0,16.0,,,857.0
415,849,38,846.0,28.0,,,864,15,867.0,30.0,,,856.5
416,854,33,851.0,22.0,,,862,40,865.0,14.0,,,858.0
417,851,34,848.0,29.0,,,863,30,866.0,30.0,,,857.0
418,841,20,839.0,11.0,,,857,39,859.0,18.0,,,849.0
419,836,35,833.0,15.0,,,855,20,858.0,26.0,,,845.5
420,842,24,839.0,23.0,,,854,30,857.0,30.0,,,848.0
421,845,30,841.0,13.0,,,855,21,859.0,28.0,,,850.0
422,847,30,843.0,28.0,839.0,14.0,857,35,861.0,24.0,865.0,15.0,852.0
423,847,33,844.0,29.0,,,861,30,864.0,11.0,,,854.0
424,844,20,841.0,27.0,,,856,22,859.0,13.0,,,850.0
425,846,33,842.0,17.0,837.0,9.0,856,23,860.0,16.0,865.0,6.0,851.0
427,844,30,841.0,11.0,838.0,6.0,857,33,860.0,11.0,863.0,9.0,850.5
426,849,37,847.0,13.0,,,856,40,858.0,27.0,,,852.5
428,843,27,840.0,18.0,,,854,33,857.0,13.0,,,848.5
429,842,29,840.0,12.0,,,855,39,857.0,12.0,,,848.5
430,837,24,834.0,24.0,,,850,22,853.0,18.0,,,843.5
431,834,21,830.0,29.0,,,850,17,854.0,16.0,,,842.0
432,832,36,829.0,14.0,,,847,39,850.0,15.0,,,839.5
433,839,20,836.0,13.0,,,855,26,858.0,26.0,,,847.0
434,851,36,,,,,860,17,,,,,855.5
435,856,16,853.0,18.0,,,867,20,870.0,28.0,,,861.5
436,852,17,,,,,865,32,,,,,858.5
437,850,37,846.0,21.0,,,868,34,872.0,21.0,,,859.0
438,852,37,849.0,28.0,,,865,29,868.0,26.0,,,858.5
439,853,35,850.0,17.0,,,867,18,870.0,10.0,,,860.0
440,853,16,852.0,25.0,,,863,23,864.0,21.0,,,858.0
441,846,26,843.0,10.0,,,859,23,862.0,28.0,,,852.5
442,843,29,841.0,19.0,839.0,17.0,860,23,862.0,10.0,864.0,18.0,851.5
443,848,23,845.0,22.0,,,859,39,862.0,11.0,,,853.5
445,846,25,842.0,11.0,,,863,23,867.0,29.0,,,854.5
446,848,40,845.0,16.0,,,860,36,863.0,24.0,,,854.0
447,851,23,850.0,26.0,,,864,30,865.0,16.0,,,857.5
449,857,26,855.0,15.0,,,870,38,872.0,24.0,,,863.5
448,850,18,,,,,864,40,,,,,857.0
450,857,32,854.0,15.0,,,873,31,876.0,13.0,,,865.0
451,859,19,857.0,19.0,,,869,19,871.0,17.0,,,864.0
452,861,36,859.0,30.0,,,875,37,877.0,20.0,,,868.0
453,857,29,854.0,11.0,,,868,18,871.0,29.0,,,862.5
454,854,23,851.0,25.0,,,862,32,865.0,10.0,,,858.0
455,852,37,850.0,23.0,847.0,18.0,860,39,862.0,28.0,865.0,7.0,856.0
456,850,19,847.0,19.0,,,861,39,864.0,23.0,,,855.5
457,852,34,849.0,23.0,,,868,27,871.0,23.0,,,860.0
458,851,25,849.0,27.0,,,862,35,864.0,11.0,,,856.5
459,854,38,852.0,24.0,,,866,22,868.0,10.0,,,860.0
460,858,35,855.0,30.0,,,869,32,872.0,24.0,,,863.5
461,853,17,851.0,30.0,848.0,8.0,866,36,868.0,26.0,871.0,5.0,859.5
462,854,37,851.0,18.0,,,863,18,866.0,19.0,,,858.5
463,848,32,,,,,861,33,,,,,854.5
464,847,34,844.0,26.0,,,856,27,859.0,26.0,,,851.5
465,847,30,846.0,20.0,,,859,27,860.0,27.0,,,853.0
466,850,37,848.0,18.0,,,861,28,863.0,23.0,,,855.5
467,850,34,846.0,25.0,,,862,38,866.0,29.0,,,856.0
468,855,22,852.0,16.0,,,860,17,863.0,19.0,,,857.5
469,857,18,855.0,24.0,,,866,22,868.0,22.0,,,861.5
470,851,17,849.0,26.0,,,867,33,869.0,21.0,,,859.0
471,851,20,850.0,13.0,,,865,36,866.0,28.0,,,858.0
474,850,22,847.0,24.0,,,860,34,863.0,18.0,,,855.0
473,850,36,846.0,27.0,,,864,32,868.0,30.0,,,857.0
472,851,27,850.0,17.0,,,864,23,865.0,17.0,,,857.5
475,847,23,844.0,23.0,,,865,19,868.0,13.0,,,856.0
476,853,20,849.0,26.0,,,866,31,870.0,10.0,,,859.5
477,851,18,848.0,25.0,,,867,39,870.0,30.0,,,859.0
478,850,36,848.0,19.0,,,863,19,865.0,13.0,,,856.5
479,854,37,851.0,29.0,,,865,30,868.0,18.0,,,859.5
480,850,33,848.0,29.0,,,859,37,861.0,20.0,,,854.5
481,848,37,845.0,20.0,,,854,36,857.0,15.0,,,851.0
482,843,21,842.0,27.0,,,853,33,854.0,11.0,,,848.0
483,840,18,837.0,18.0,,,852,38,855.0,23.0,,,846.0
484,845,23,840.0,13.0,838.0,19.0,856,35,861.0,23.0,863.0,18.0,850.5
485,847,23,843.0,15.0,,,861,27,865.0,28.0,,,854.0
486,851,19,848.0,21.0,,,860,23,863.0,29.0,,,855.5
487,847,32,844.0,21.0,,,863,16,866.0,24.0,,,855.0
488,846,19,842.0,19.0,,,859,40,863.0,17.0,,,852.5
489,847,18,844.0,27.0,,,860,31,863.0,18.0,,,853.5
490,843,38,841.0,23.0,,,856,26,858.0,20.0,,,849.5
491,843,40,840.0,20.0,,,854,34,857.0,28.0,,,848.5
492,845,21,840.0,27.0,,,852,38,857.0,15.0,,,848.5
493,840,33,835.0,29.0,,,853,31,858.0,21.0,,,846.5
494,843,40,839.0,28.0,,,853,27,857.0,12.0,,,848.0
495,843,37,839.0,20.0,,,849,22,853.0,10.0,,,846.0
496,838,32,836.0,30.0,,,851,29,853.0,16.0,,,844.5
497,843,26,840.0,23.0,,,851,19,854.0,20.0,,,847.0
498,842,36,840.0,23.0,,,858,20,860.0,28.0,,,850.0
499,845,36,841.0,23.0,,,856,17,860.0,27.0,,,850.5
500,843,36,,,,,857,26,,,,,850.0
501,848,24,847.0,15.0,,,858,19,859.0,30.0,,,853.0
502,843,26,840.0,20.0,,,860,35,863.0,29.0,,,851.5
503,845,25,842.0,29.0,,,861,37,864.0,26.0,,,853.0
504,842,22,839.0,12.0,,,861,29,864.0,25.0,,,851.5
505,846,18,845.0,11.0,,,860,22,861.0,20.0,,,853.0
506,847,31,843.0,26.0,,,858,16,862.0,10.0,,,852.5
507,846,30,842.0,22.0,,,855,15,859.0,21.0,,,850.5
508,842,24,839.0,11.0,836.0,18.0,854,38,857.0,16.0,860.0,10.0,848.0
509,839,30,836.0,12.0,,,850,18,853.0,26.0,,,844.5
510,845,18,840.0,18.0,,,856,26,861.0,27.0,,,850.5
511,843,34,840.0,28.0,835.0,20.0,854,35,857.0,23.0,862.0,20.0,848.5
512,845,28,842.0,17.0,,,852,38,855.0,28.0,,,848.5
513,849,35,846.0,26.0,,,852,20,855.0,10.0,,,850.5
514,847,26,843.0,20.0,,,859,36,863.0,29.0,,,853.0
515,845,32,841.0,13.0,,,859,16,863.0,26.0,,,852.0
516,845,20,843.0,23.0,,,857,22,859.0,18.0,,,851.0
517,845,31,843.0,24.0,,,855,37,857.0,29.0,,,850.0
518,841,16,837.0,17.0,,,854,37,858.0,20.0,,,847.5
519,848,17,845.0,19.0,,,854,40,857.0,27.0,,,851.0
520,842,39,838.0,19.0,,,852,30,856.0,12.0,,,847.0
521,845,37,841.0,10.0,,,857,39,861.0,10.0,,,851.0
522,849,28,845.0,26.0,,,851,39,855.0,17.0,,,850.0
523,840,22,837.0,24.0,,,853,25,856.0,28.0,,,846.5
524,838,39,835.0,14.0,,,849,26,852.0,16.0,,,843.5
525,843,31,840.0,30.0,,,855,20,858.0,16.0,,,849.0
526,846,24,842.0,21.0,,,854,24,858.0,13.0,,,850.0
527,842,32,838.0,25.0,,,848,30,852.0,12.0,,,845.0
528,839,15,837.0,29.0,,,846,39,848.0,18.0,,,842.5
529,829,32,827.0,26.0,,,847,22,849.0,29.0,,,838.0
531,829,33,826.0,16.0,,,842,34,845.0,14.0,,,835.5
532,829,26,,,,,844,31,,,,,836.5
533,828,28,826.0,10.0,,,843,18,845.0,15.0,,,835.5
534,836,30,832.0,24.0,,,845,16,849.0,24.0,,,840.5
535,837,17,835.0,22.0,,,847,27,849.0,30.0,,,842.0
536,834,37,832.0,18.0,829.0,10.0,841,36,843.0,27.0,846.0,11.0,837.5
537,833,29,830.0,24.0,828.0,14.0,846,20,849.0,10.0,851.0,17.0,839.5
538,842,28,839.0,11.0,,,851,33,854.0,26.0,,,846.5
539,844,37,840.0,18.0,,,854,31,858.0,15.0,,,849.0
540,844,40,842.0,16.0,,,852,30,854.0,25.0,,,848.0
541,836,29,,,,,851,34,,,,,843.5
542,830,18,828.0,18.0,826.0,5.0,843,26,845.0,12.0,847.0,14.0,836.5
543,828,37,825.0,21.0,,,842,16,845.0,25.0,,,835.0
544,824,16,820.0,17.0,,,837,16,841.0,24.0,,,830.5
545,822,23,819.0,23.0,,,835,16,838.0,14.0,,,828.5
546,832,24,831.0,23.0,,,839,37,840.0,11.0,,,835.5
547,825,21,822.0,27.0,,,838,25,841.0,10.0,,,831.5
548,832,35,,,,,840,28,,,,,836.0
549,829,31,825.0,23.0,,,845,25,849.0,21.0,,,837.0
550,832,26,830.0,16.0,,,843,39,845.0,29.0,,,837.5
551,830,32,827.0,13.0,,,842,17,845.0,23.0,,,836.0
552,826,35,822.0,16.0,,,839,20,843.0,12.0,,,832.5
553,828,26,,,,,842,22,,,,,835.0
554,822,17,819.0,25.0,,,838,26,841.0,10.0,,,830.0
555,825,33,822.0,27.0,,,833,21,836.0,16.0,,,829.0
556,815,37,812.0,17.0,,,829,19,832.0,16.0,,,822.0
557,813,26,810.0,17.0,806.0,11.0,821,24,824.0,20.0,828.0,6.0,817.0
558,809,21,804.0,25.0,801.0,18.0,825,29,830.0,12.0,833.0,20.0,817.0
559,807,40,803.0,28.0,,,816,33,820.0,28.0,,,811.5
560,807,18,802.0,27.0,,,816,39,821.0,10.0,,,811.5
561,803,39,800.0,17.0,,,813,33,816.0,17.0,,,808.0
562,800,34,798.0,30.0,,,818,33,820.0,28.0,,,809.0
563,798,17,796.0,22.0,,,815,36,817.0,15.0,,,806.5
564,799,22,797.0,13.0,,,806,16,808.0,19.0,,,802.5
565,799,18,793.0,17.0,,,811,36,817.0,13.0,,,805.0
566,804,33,800.0,22.0,,,815,21,819.0,30.0,,,809.5
567,801,26,800.0,20.0,,,811,36,812.0,24.0,,,806.0
568,804,19,800.0,15.0,,,815,25,819.0,26.0,,,809.5
569,798,36,,,,,809,19,,,,,803.5
570,803,23,,,,,813,31,,,,,808.0
571,805,25,802.0,10.0,,,816,20,819.0,14.0,,,810.5
572,802,20,800.0,23.0,795.0,10.0,817,18,819.0,14.0,824.0,13.0,809.5
573,803,33,799.0,21.0,,,816,24,820.0,21.0,,,809.5
574,799,30,796.0,13.0,,,817,15,820.0,23.0,,,808.0
575,800,34,798.0,11.0,,,818,38,820.0,28.0,,,809.0
576,798,16,795.0,21.0,,,812,35,815.0,13.0,,,805.0
577,797,26,794.0,18.0,,,810,40,813.0,11.0,,,803.5
578,799,27,795.0,20.0,,,814,17,818.0,20.0,,,806.5
579,794,25,791.0,11.0,,,809,27,812.0,10.0,,,801.5
580,803,36,800.0,28.0,,,815,16,818.0,10.0,,,809.0
581,804,29,802.0,10.0,,,816,27,818.0,15.0,,,810.0
582,808,26,804.0,11.0,,,820,33,824.0,16.0,,,814.0
583,805,16,803.0,21.0,,,817,27,819.0,24.0,,,811.0
584,803,20,800.0,15.0,,,815,17,818.0,30.0,,,809.0
585,809,34,806.0,20.0,,,820,33,823.0,30.0,,,814.5
586,809,22,806.0,14.0,,,820,16,823.0,12.0,,,814.5
587,808,26,804.0,21.0,,,820,38,824.0,20.0,,,814.0
588,808,26,805.0,12.0,802.0,9.0,820,16,823.0,21.0,826.0,12.0,814.0
589,810,19,,,,,825,29,,,,,817.5
590,814,32,810.0,27.0,,,823,17,827.0,30.0,,,818.5
591,818,24,,,,,824,29,,,,,821.0
592,815,26,812.0,27.0,809.0,18.0,831,24,834.0,11.0,837.0,19.0,823.0
593,820,39,816.0,16.0,,,835,20,839.0,15.0,,,827.5
594,818,35,814.0,18.0,,,835,30,839.0,22.0,,,826.5
595,829,17,827.0,28.0,,,839,35,841.0,10.0,,,834.0
596,827,24,824.0,19.0,,,843,36,846.0,11.0,,,835.0
597,826,33,823.0,10.0,,,841,20,844.0,24.0,,,833.5
598,827,38,824.0,20.0,,,837,23,840.0,14.0,,,832.0
599,826,27,822.0,16.0,,,835,32,839.0,24.0,,,830.5
600,826,29,823.0,20.0,,,835,32,838.0,15.0,,,830.5
601,818,15,,,,,832,20,,,,,825.0
602,821,22,818.0,20.0,,,834,18,837.0,29.0,,,827.5
603,826,38,822.0,10.0,,,839,37,843.0,17.0,,,832.5
604,821,15,819.0,19.0,816.0,6.0,833,24,835.0,27.0,838.0,12.0,827.0
605,821,17,820.0,28.0,,,836,35,837.0,19.0,,,828.5
606,822,17,819.0,25.0,,,835,24,838.0,14.0,,,828.5
607,820,20,817.0,29.0,,,839,28,842.0,28.0,,,829.5
608,823,24,819.0,17.0,,,841,21,845.0,25.0,,,832.0
609,824,24,821.0,26.0,,,833,28,836.0,13.0,,,828.5
610,820,19,817.0,23.0,,,834,28,837.0,14.0,,,827.0
611,824,24,822.0,16.0,,,838,31,840.0,25.0,,,831.0
612,825,27,823.0,29.0,,,834,19,836.0,14.0,,,829.5
613,817,21,816.0,24.0,,,828,21,829.0,10.0,,,822.5
614,821,26,817.0,26.0,,,829,21,833.0,22.0,,,825.0
615,818,27,816.0,12.0,,,828,15,830.0,16.0,,,823.0
616,816,16,811.0,29.0,,,831,32,836.0,24.0,,,823.5
617,820,20,817.0,27.0,,,825,19,828.0,29.0,,,822.5
618,817,22,813.0,14.0,,,832,33,836.0,13.0,,,824.5
619,816,31,813.0,12.0,,,826,38,829.0,30.0,,,821.0
620,814,18,811.0,19.0,,,827,27,830.0,27.0,,,820.5
621,816,24,813.0,29.0,,,826,39,829.0,16.0,,,821.0
622,820,35,818.0,27.0,,,832,36,834.0,10.0,,,826.0
623,819,23,817.0,23.0,,,836,30,838.0,13.0,,,827.5
624,821,16,818.0,18.0,,,831,37,834.0,20.0,,,826.0
625,819,33,818.0,20.0,,,828,19,829.0,11.0,,,823.5
626,817,19,814.0,18.0,,,832,17,835.0,17.0,,,824.5
627,817,22,814.0,26.0,,,826,37,829.0,12.0,,,821.5
628,814,35,810.0,20.0,,,828,19,832.0,10.0,,,821.0
629,814,17,811.0,23.0,,,822,29,825.0,29.0,,,818.0
630,810,21,806.0,12.0,,,816,26,820.0,29.0,,,813.0
631,809,15,807.0,14.0,,,819,36,821.0,12.0,,,814.0
632,808,15,,,,,818,21,,,,,813.0
633,802,40,799.0,13.0,796.0,16.0,818,22,821.0,30.0,824.0,7.0,810.0
634,803,36,800.0,16.0,,,815,21,818.0,26.0,,,809.0
635,805,24,801.0,14.0,,,817,25,821.0,19.0,,,811.0
636,808,27,807.0,16.0,,,822,19,823.0,19.0,,,815.0
637,813,31,810.0,22.0,,,823,17,826.0,15.0,,,818.0
638,806,29,799.0,25.0,,,824,21,831.0,12.0,,,815.0
639,805,36,804.0,22.0,,,822,27,823.0,29.0,,,813.5
640,815,17,812.0,22.0,,,823,25,826.0,30.0,,,819.0
641,812,37,808.0,29.0,,,828,29,832.0,25.0,,,820.0
642,813,16,,,,,830,23,,,,,821.5
643,812,26,810.0,29.0,,,823,20,825.0,26.0,,,817.5
644,807,30,803.0,28.0,,,817,37,821.0,23.0,,,812.0
645,806,22,804.0,23.0,,,819,33,821.0,23.0,,,812.5
646,806,17,804.0,29.0,,,818,35,820.0,15.0,,,812.0
647,812,38,811.0,15.0,,,821,35,822.0,23.0,,,816.5
648,809,27,807.0,14.0,,,820,27,822.0,14.0,,,814.5
649,811,37,809.0,19.0,,,824,40,826.0,21.0,,,817.5
650,811,21,807.0,20.0,,,827,37,831.0,28.0,,,819.0
651,814,37,810.0,11.0,,,826,18,830.0,13.0,,,820.0
652,816,35,812.0,20.0,,,828,32,832.0,24.0,,,822.0
653,816,37,814.0,11.0,,,831,27,833.0,28.0,,,823.5
654,820,28,816.0,25.0,,,830,31,834.0,14.0,,,825.0
655,820,40,816.0,16.0,813.0,10.0,833,30,837.0,16.0,840.0,17.0,826.5
656,814,23,811.0,29.0,808.0,14.0,828,31,831.0,28.0,834.0,9.0,821.0
657,820,27,817.0,13.0,,,831,34,834.0,26.0,,,825.5
658,831,17,,,,,840,39,,,,,835.5
659,822,34,819.0,25.0,,,832,38,835.0,16.0,,,827.0
660,821,25,818.0,17.0,,,832,22,835.0,30.0,,,826.5
661,820,36,817.0,23.0,,,830,15,833.0,23.0,,,825.0
662,826,39,824.0,20.0,,,839,18,841.0,14.0,,,832.5
663,824,23,822.0,13.0,,,834,24,836.0,12.0,,,829.0
664,828,34,826.0,29.0,,,839,28,841.0,23.0,,,833.5
665,825,19,821.0,23.0,818.0,19.0,834,33,838.0,25.0,841.0,8.0,829.5
666,821,38,818.0,19.0,814.0,12.0,833,39,836.0,22.0,840.0,15.0,827.0
667,817,16,814.0,18.0,,,832,39,835.0,30.0,,,824.5
668,816,18,813.0,23.0,,,825,15,828.0,28.0,,,820.5
669,813,36,810.0,10.0,,,827,32,830.0,14.0,,,820.0
670,816,26,812.0,26.0,,,823,17,827.0,23.0,,,819.5
671,813,32,809.0,16.0,,,821,19,825.0,30.0,,,817.0
672,807,16,803.0,26.0,,,822,25,826.0,22.0,,,814.5
673,806,29,804.0,22.0,802.0,8.0,816,16,818.0,11.0,820.0,6.0,811.0
674,808,36,806.0,17.0,,,821,34,823.0,14.0,,,814.5
675,811,19,,,,,825,37,,,,,818.0
676,811,15,808.0,26.0,,,822,38,825.0,22.0,,,816.5
677,805,24,804.0,20.0,,,820,32,821.0,10.0,,,812.5
678,808,37,806.0,18.0,803.0,11.0,820,32,822.0,19.0,825.0,13.0,814.0
679,806,33,,,,,818,19,,,,,812.0
680,801,36,798.0,15.0,,,817,27,820.0,21.0,,,809.0
681,807,39,803.0,12.0,,,819,24,823.0,16.0,,,813.0
682,807,27,806.0,10.0,,,819,40,820.0,10.0,,,813.0
683,800,31,798.0,26.0,,,815,25,817.0,26.0,,,807.5
684,802,30,800.0,13.0,,,809,37,811.0,21.0,,,805.5
685,800,22,798.0,26.0,,,809,39,811.0,28.0,,,804.5
686,801,18,799.0,14.0,,,814,19,816.0,26.0,,,807.5
687,797,34,794.0,21.0,,,812,19,815.0,25.0,,,804.5
689,803,27,800.0,22.0,,,812,17,815.0,20.0,,,807.5
690,793,40,791.0,20.0,,,805,37,807.0,23.0,,,799.0
691,791,38,,,,,804,16,,,,,797.5
692,790,34,788.0,24.0,,,804,38,806.0,12.0,,,797.0
693,786,17,783.0,30.0,,,800,16,803.0,25.0,,,793.0
694,786,15,783.0,26.0,,,800,25,803.0,15.0,,,793.0
695,786,22,783.0,14.0,,,795,28,798.0,17.0,,,790.5
696,793,21,792.0,19.0,,,806,36,807.0,19.0,,,799.5
697,793,38,789.0,18.0,786.0,7.0,802,22,806.0,11.0,809.0,8.0,797.5
698,790,36,789.0,12.0,784.0,18.0,802,19,803.0,11.0,808.0,8.0,796.0
699,788,26,786.0,22.0,,,798,27,800.0,22.0,,,793.0
700,796,24,793.0,18.0,,,799,20,802.0,29.0,,,797.5
701,788,25,785.0,11.0,,,805,23,808.0,22.0,,,796.5
702,792,19,790.0,26.0,,,801,37,803.0,19.0,,,796.5
703,784,40,783.0,28.0,,,797,25,798.0,25.0,,,790.5
704,786,34,783.0,21.0,,,802,17,805.0,11.0,,,794.0
705,783,23,779.0,14.0,,,798,32,802.0,17.0,,,790.5
706,781,30,777.0,22.0,775.0,5.0,795,32,799.0,19.0,801.0,20.0,788.0
707,784,15,781.0,14.0,,,794,37,797.0,30.0,,,789.0
708,780,16,777.0,28.0,773.0,15.0,792,22,795.0,22.0,799.0,12.0,786.0
709,782,33,780.0,24.0,,,794,17,796.0,23.0,,,788.0
710,781,35,779.0,11.0,,,794,23,796.0,24.0,,,787.5
711,782,24,780.0,20.0,778.0,10.0,794,20,796.0,14.0,798.0,19.0,788.0
712,788,31,784.0,19.0,,,804,37,808.0,19.0,,,796.0
713,792,33,,,,,803,21,,,,,797.5
714,789,23,786.0,15.0,,,799,19,802.0,30.0,,,794.0
715,791,19,789.0,20.0,,,803,33,805.0,29.0,,,797.0
716,790,19,785.0,10.0,,,804,29,809.0,15.0,,,797.0
717,790,16,786.0,24.0,,,799,37,803.0,28.0,,,794.5
718,795,23,789.0,20.0,,,804,16,810.0,16.0,,,799.5
719,798,26,795.0,30.0,,,813,17,816.0,30.0,,,805.5
720,793,19,789.0,13.0,,,803,26,807.0,23.0,,,798.0
721,792,28,789.0,30.0,,,802,31,805.0,17.0,,,797.0
722,793,19,792.0,12.0,789.0,19.0,804,29,805.0,26.0,808.0,5.0,798.5
723,790,19,786.0,23.0,,,801,33,805.0,11.0,,,795.5
724,786,19,,,,,790,39,,,,,788.0
725,781,18,777.0,18.0,,,790,27,794.0,28.0,,,785.5
726,776,32,773.0,18.0,,,791,15,794.0,21.0,,,783.5
727,778,19,773.0,26.0,,,790,33,795.0,25.0,,,784.0
728,774,24,770.0,21.0,,,788,39,792.0,17.0,,,781.0
729,773,28,770.0,15.0,,,784,38,787.0,21.0,,,778.5
730,777,32,776.0,30.0,773.0,13.0,783,20,784.0,11.0,787.0,8.0,780.0
731,768,15,764.0,12.0,,,782,26,786.0,17.0,,,775.0
732,773,17,771.0,14.0,,,786,39,788.0,25.0,,,779.5
733,772,20,769.0,17.0,,,786,16,789.0,26.0,,,779.0
734,770,34,765.0,15.0,,,781,27,786.0,27.0,,,775.5
735,765,38,762.0,20.0,759.0,13.0,781,19,784.0,30.0,787.0,17.0,773.0
736,780,23,778.0,10.0,776.0,15.0,788,15,790.0,13.0,792.0,12.0,784.0
737,778,18,774.0,25.0,,,789,24,793.0,23.0,,,783.5
738,780,31,774.0,17.0,,,788,32,794.0,12.0,,,784.0
739,777,25,775.0,14.0,,,788,38,790.0,13.0,,,782.5
740,779,36,776.0,29.0,,,792,38,795.0,24.0,,,785.5
741,776,16,773.0,14.0,,,788,15,791.0,25.0,,,782.0
742,778,38,775.0,26.0,,,789,39,792.0,20.0,,,783.5
743,775,32,772.0,22.0,,,793,15,796.0,12.0,,,784.0
744,767,31,764.0,26.0,762.0,17.0,778,37,781.0,18.0,783.0,18.0,772.5
745,762,18,,,,,777,19,,,,,769.5
746,761,40,760.0,27.0,,,770,32,771.0,19.0,,,765.5
747,755,34,751.0,24.0,,,765,24,769.0,15.0,,,760.0
748,754,25,751.0,15.0,,,768,31,771.0,25.0,,,761.0
749,756,35,754.0,27.0,,,772,26,774.0,15.0,,,764.0
750,759,15,756.0,24.0,,,770,34,773.0,24.0,,,764.5
751,760,27,759.0,30.0,,,775,15,776.0,26.0,,,767.5
752,759,19,756.0,20.0,,,772,40,775.0,29.0,,,765.5
753,759,32,756.0,22.0,,,772,35,775.0,21.0,,,765.5
754,758,24,754.0,22.0,,,771,28,775.0,19.0,,,764.5
755,755,26,752.0,11.0,749.0,6.0,764,29,767.0,21.0,770.0,16.0,759.5
756,754,31,751.0,18.0,,,767,33,770.0,12.0,,,760.5
757,752,26,748.0,18.0,,,760,15,764.0,23.0,,,756.0
758,745,38,742.0,14.0,,,756,17,759.0,12.0,,,750.5
759,741,20,738.0,21.0,,,752,29,755.0,25.0,,,746.5
760,739,38,735.0,10.0,,,750,34,754.0,22.0,,,744.5
761,740,27,736.0,18.0,,,751,18,755.0,14.0,,,745.5
762,741,23,739.0,27.0,736.0,15.0,758,37,760.0,16.0,763.0,5.0,749.5
763,742,26,738.0,18.0,,,754,25,758.0,11.0,,,748.0
764,746,19,744.0,24.0,,,757,39,759.0,15.0,,,751.5
765,744,36,741.0,15.0,,,755,24,758.0,27.0,,,749.5
766,739,15,734.0,13.0,,,752,35,757.0,22.0,,,745.5
767,736,26,733.0,30.0,,,749,29,752.0,10.0,,,742.5
768,731,36,727.0,15.0,,,746,35,750.0,11.0,,,738.5
769,728,29,725.0,29.0,,,741,30,744.0,25.0,,,734.5
770,739,25,734.0,26.0,,,751,30,756.0,16.0,,,745.0
771,749,15,746.0,10.0,,,758,23,761.0,22.0,,,753.5
772,743,27,740.0,17.0,,,763,36,766.0,16.0,,,753.0
773,746,39,743.0,20.0,,,757,25,760.0,10.0,,,751.5
774,748,38,743.0,15.0,,,756,22,761.0,29.0,,,752.0
775,744,33,743.0,19.0,739.0,18.0,761,21,762.0,21.0,766.0,10.0,752.5
776,745,39,742.0,16.0,,,758,28,761.0,12.0,,,751.5
777,745,38,,,,,761,34,,,,,753.0
778,751,28,749.0,13.0,,,765,34,767.0,26.0,,,758.0
779,752,21,750.0,20.0,,,759,34,761.0,18.0,,,755.5
780,749,39,744.0,29.0,,,758,37,763.0,24.0,,,753.5
781,750,34,746.0,25.0,742.0,5.0,761,30,765.0,22.0,769.0,15.0,755.5
782,749,27,745.0,11.0,,,765,26,769.0,20.0,,,757.0
787,745,37,741.0,24.0,,,765,18,769.0,28.0,,,755.0
784,753,30,749.0,20.0,,,764,29,768.0,26.0,,,758.5
785,758,23,755.0,11.0,,,766,40,769.0,26.0,,,762.0
786,751,32,749.0,17.0,,,767,21,769.0,17.0,,,759.0
783,754,16,751.0,16.0,,,763,18,766.0,30.0,,,758.5
788,751,17,749.0,29.0,,,758,36,760.0,21.0,,,754.5
789,750,21,745.0,27.0,,,763,19,768.0,17.0,,,756.5
790,747,24,,,,,759,35,,,,,753.0
791,745,19,744.0,26.0,,,757,21,758.0,19.0,,,751.0
792,747,30,743.0,12.0,741.0,14.0,755,21,759.0,25.0,761.0,7.0,751.0
793,740,24,737.0,27.0,735.0,11.0,754,15,757.0,20.0,759.0,10.0,747.0
794,752,39,751.0,22.0,748.0,19.0,758,20,759.0,10.0,762.0,15.0,755.0
797,750,28,748.0,25.0,,,763,38,765.0,28.0,,,756.5
796,744,28,743.0,30.0,,,754,37,755.0,14.0,,,749.0
795,744,31,741.0,20.0,,,758,39,761.0,19.0,,,751.0
798,746,29,743.0,16.0,,,757,23,760.0,24.0,,,751.5
799,749,18,747.0,17.0,,,766,28,768.0,14.0,,,757.5
800,746,21,742.0,15.0,,,760,37,764.0,23.0,,,753.0
801,750,40,747.0,26.0,,,764,26,767.0,22.0,,,757.0
802,748,22,744.0,12.0,,,763,38,767.0,21.0,,,755.5
803,747,30,744.0,22.0,,,762,37,765.0,23.0,,,754.5
804,754,38,752.0,15.0,,,762,19,764.0,17.0,,,758.0
805,754,28,752.0,17.0,,,767,27,769.0,28.0,,,760.5
806,750,16,747.0,23.0,,,766,33,769.0,17.0,,,758.0
807,758,31,754.0,10.0,,,769,33,773.0,24.0,,,763.5
808,758,27,755.0,19.0,,,773,39,776.0,27.0,,,765.5
809,759,22,755.0,12.0,,,772,18,776.0,26.0,,,765.5
810,761,32,758.0,12.0,,,774,15,777.0,12.0,,,767.5
811,763,39,761.0,15.0,,,776,25,778.0,11.0,,,769.5
812,764,39,763.0,29.0,,,776,33,777.0,15.0,,,770.0
813,765,21,761.0,23.0,,,780,19,784.0,30.0,,,772.5
814,771,26,,,,,776,25,,,,,773.5
815,762,22,759.0,18.0,,,782,28,785.0,12.0,,,772.0
816,762,39,761.0,30.0,,,772,40,773.0,10.0,,,767.0
817,753,31,749.0,12.0,,,766,22,770.0,23.0,,,759.5
818,746,29,743.0,20.0,,,765,17,768.0,25.0,,,755.5
819,750,35,746.0,22.0,,,759,19,763.0,30.0,,,754.5
820,753,16,750.0,28.0,,,758,22,761.0,13.0,,,755.5
821,747,28,744.0,26.0,,,759,34,762.0,11.0,,,753.0
822,750,20,749.0,13.0,,,762,16,763.0,14.0,,,756.0
823,746,17,742.0,21.0,,,760,28,764.0,21.0,,,753.0
824,746,15,744.0,12.0,,,761,34,763.0,23.0,,,753.5
825,750,30,745.0,25.0,743.0,18.0,763,16,768.0,20.0,770.0,14.0,756.5
826,747,21,746.0,13.0,,,764,36,765.0,25.0,,,755.5
827,751,25,749.0,21.0,,,764,32,766.0,15.0,,,757.5
828,755,36,752.0,19.0,,,764,32,767.0,10.0,,,759.5
829,753,18,750.0,17.0,,,764,28,767.0,29.0,,,758.5
830,747,36,744.0,22.0,,,765,38,768.0,19.0,,,756.0
831,743,30,739.0,16.0,,,760,28,764.0,26.0,,,751.5
832,747,25,746.0,17.0,,,760,29,761.0,11.0,,,753.5
833,739,26,736.0,25.0,,,750,34,753.0,19.0,,,744.5
834,741,39,737.0,18.0,,,754,28,758.0,14.0,,,747.5
835,740,36,737.0,29.0,,,749,31,752.0,27.0,,,744.5
836,741,15,737.0,26.0,,,751,25,755.0,15.0,,,746.0
840,744,15,741.0,19.0,,,755,21,758.0,21.0,,,749.5
838,740,40,738.0,18.0,,,752,16,754.0,26.0,,,746.0
839,742,27,738.0,25.0,,,754,25,758.0,19.0,,,748.0
837,737,39,733.0,15.0,,,748,19,752.0,20.0,,,742.5
841,746,21,742.0,15.0,,,759,26,763.0,16.0,,,752.5
842,746,20,743.0,29.0,,,759,40,762.0,24.0,,,752.5
843,746,39,744.0,24.0,,,760,15,762.0,14.0,,,753.0
844,745,27,742.0,18.0,,,755,20,758.0,12.0,,,750.0
845,748,23,745.0,10.0,,,762,31,765.0,24.0,,,755.0
846,746,23,744.0,14.0,,,764,17,766.0,18.0,,,755.0
847,750,15,,,,,767,25,,,,,758.5
848,760,31,759.0,12.0,,,771,28,772.0,11.0,,,765.5
849,760,22,757.0,27.0,755.0,11.0,774,27,777.0,16.0,779.0,8.0,767.0
850,762,31,759.0,19.0,,,769,22,772.0,27.0,,,765.5
851,757,17,754.0,22.0,751.0,16.0,770,24,773.0,24.0,776.0,13.0,763.5
852,764,18,760.0,10.0,,,776,24,780.0,29.0,,,770.0
853,763,31,759.0,29.0,,,775,18,779.0,23.0,,,769.0
854,770,39,,,,,781,38,,,,,775.5
855,769,16,766.0,17.0,,,784,35,787.0,12.0,,,776.5
856,767,26,764.0,11.0,762.0,11.0,781,16,784.0,19.0,786.0,14.0,774.0
857,767,20,,,,,781,21,,,,,774.0
858,771,22,767.0,24.0,,,783,21,787.0,16.0,,,777.0
859,768,16,765.0,23.0,,,776,25,779.0,24.0,,,772.0
860,766,22,765.0,29.0,,,777,29,778.0,10.0,,,771.5
861,769,32,768.0,24.0,,,776,31,777.0,17.0,,,772.5
862,764,23,761.0,26.0,,,779,21,782.0,15.0,,,771.5
867,747,37,744.0,22.0,,,767,26,770.0,26.0,,,757.0
864,759,33,756.0,29.0,,,769,20,772.0,26.0,,,764.0
865,757,33,755.0,25.0,,,765,22,767.0,14.0,,,761.0
866,751,31,748.0,10.0,,,764,38,767.0,22.0,,,757.5
863,760,27,758.0,10.0,,,774,34,776.0,13.0,,,767.0
869,754,38,751.0,20.0,,,766,20,769.0,20.0,,,760.0
870,751,21,749.0,21.0,,,762,36,764.0,19.0,,,756.5
871,740,31,737.0,24.0,,,756,29,759.0,28.0,,,748.0
872,743,18,741.0,24.0,,,756,26,758.0,16.0,,,749.5
873,744,23,739.0,26.0,,,754,18,759.0,14.0,,,749.0
874,748,26,745.0,12.0,,,762,33,765.0,26.0,,,755.0
875,750,24,747.0,12.0,,,763,24,766.0,23.0,,,756.5
876,759,28,756.0,30.0,,,771,18,774.0,22.0,,,765.0
877,753,32,,,,,766,24,,,,,759.5
878,754,17,750.0,16.0,,,766,40,770.0,14.0,,,760.0
879,748,21,745.0,27.0,,,764,33,767.0,29.0,,,756.0
880,755,28,751.0,15.0,,,766,18,770.0,18.0,,,760.5
881,753,24,750.0,13.0,,,767,34,770.0,18.0,,,760.0
882,751,35,749.0,22.0,,,765,18,767.0,13.0,,,758.0
883,750,32,747.0,30.0,,,763,20,766.0,12.0,,,756.5
884,753,40,,,,,765,20,,,,,759.0
885,756,23,754.0,29.0,,,770,26,772.0,17.0,,,763.0
886,762,21,761.0,17.0,,,772,15,773.0,22.0,,,767.0
887,768,36,766.0,17.0,,,777,24,779.0,29.0,,,772.5
888,765,24,761.0,26.0,,,781,26,785.0,26.0,,,773.0
889,768,23,765.0,27.0,762.0,15.0,776,23,779.0,12.0,782.0,12.0,772.0
890,762,19,760.0,11.0,,,773,37,775.0,30.0,,,767.5
891,759,30,757.0,18.0,753.0,9.0,770,16,772.0,17.0,776.0,9.0,764.5
892,757,31,754.0,25.0,,,771,27,774.0,27.0,,,764.0
893,760,26,757.0,13.0,,,772,31,775.0,24.0,,,766.0
894,763,22,760.0,18.0,,,776,22,779.0,26.0,,,769.5
895,765,34,763.0,13.0,,,779,23,781.0,11.0,,,772.0
896,763,38,761.0,17.0,,,771,16,773.0,14.0,,,767.0
897,770,19,766.0,18.0,,,777,33,781.0,20.0,,,773.5
899,764,18,762.0,24.0,,,774,18,776.0,16.0,,,769.0
900,765,35,764.0,18.0,,,774,18,775.0,14.0,,,769.5
901,764,38,763.0,22.0,762.0,20.0,780,38,781.0,21.0,782.0,12.0,772.0
902,765,27,762.0,11.0,,,776,36,779.0,22.0,,,770.5
903,765,22,761.0,24.0,,,775,24,779.0,12.0,,,770.0
904,770,32,766.0,29.0,,,780,32,784.0,12.0,,,775.0
905,770,40,767.0,12.0,,,782,19,785.0,10.0,,,776.0
906,772,24,769.0,11.0,,,786,15,789.0,12.0,,,779.0
907,771,40,768.0,21.0,,,783,40,786.0,14.0,,,777.0
908,772,29,769.0,19.0,766.0,19.0,786,38,789.0,23.0,792.0,15.0,779.0
909,769,22,766.0,26.0,,,782,23,785.0,19.0,,,775.5
910,766,25,763.0,10.0,,,779,33,782.0,22.0,,,772.5
911,764,27,760.0,12.0,,,780,18,784.0,16.0,,,772.0
912,772,31,768.0,19.0,,,780,27,784.0,24.0,,,776.0
913,770,16,768.0,13.0,,,782,17,784.0,18.0,,,776.0
914,768,24,764.0,15.0,,,785,19,789.0,30.0,,,776.5
915,772,36,769.0,29.0,,,783,23,786.0,27.0,,,777.5
916,770,16,766.0,23.0,,,782,22,786.0,27.0,,,776.0
920,779,19,775.0,25.0,,,788,19,792.0,17.0,,,783.5
918,775,40,773.0,23.0,,,788,17,790.0,29.0,,,781.5
919,778,17,775.0,18.0,,,793,15,796.0,15.0,,,785.5
917,776,19,,,,,787,33,,,,,781.5
921,775,27,773.0,24.0,,,784,40,786.0,22.0,,,779.5
922,773,28,770.0,11.0,,,786,34,789.0,27.0,,,779.5
923,779,30,776.0,10.0,,,788,15,791.0,23.0,,,783.5
924,770,23,767.0,30.0,765.0,17.0,790,25,793.0,28.0,795.0,13.0,780.0
925,772,36,769.0,11.0,,,785,40,788.0,28.0,,,778.5
926,781,22,779.0,18.0,,,796,25,798.0,20.0,,,788.5
927,779,25,777.0,23.0,,,792,37,794.0,26.0,,,785.5
928,776,27,774.0,28.0,,,788,30,790.0,10.0,,,782.0
929,776,20,773.0,30.0,,,792,24,795.0,28.0,,,784.0
930,782,36,778.0,24.0,,,793,40,797.0,17.0,,,787.5
931,777,40,775.0,28.0,,,786,38,788.0,28.0,,,781.5
932,775,39,772.0,18.0,,,788,17,791.0,15.0,,,781.5
933,769,17,765.0,27.0,,,786,22,790.0,12.0,,,777.5
934,771,34,769.0,23.0,,,783,37,785.0,22.0,,,777.0
935,769,15,767.0,20.0,,,779,38,781.0,24.0,,,774.0
936,764,18,760.0,20.0,,,775,29,779.0,17.0,,,769.5
937,760,29,757.0,22.0,754.0,8.0,778,27,781.0,22.0,784.0,6.0,769.0
938,762,22,760.0,30.0,,,775,28,777.0,16.0,,,768.5
939,764,33,761.0,18.0,758.0,13.0,780,38,783.0,26.0,786.0,16.0,772.0
940,763,25,760.0,16.0,,,778,27,781.0,20.0,,,770.5
941,765,20,762.0,22.0,,,775,22,778.0,27.0,,,770.0
942,766,25,762.0,27.0,,,775,36,779.0,20.0,,,770.5
943,769,35,765.0,30.0,,,781,25,785.0,29.0,,,775.0
944,769,27,768.0,30.0,,,782,39,783.0,11.0,,,775.5
945,770,18,766.0,28.0,,,786,15,790.0,21.0,,,778.0
946,776,19,774.0,17.0,,,787,32,789.0,27.0,,,781.5
947,771,35,768.0,28.0,,,785,19,788.0,18.0,,,778.0
948,768,21,766.0,25.0,,,778,19,780.0,17.0,,,773.0
949,766,32,,,,,777,30,,,,,771.5
950,763,17,761.0,22.0,,,779,32,781.0,28.0,,,771.0
951,763,33,760.0,27.0,,,779,24,782.0,21.0,,,771.0
952,756,38,752.0,18.0,,,768,38,772.0,25.0,,,762.0
953,758,37,754.0,28.0,,,768,18,772.0,22.0,,,763.0
954,760,28,757.0,10.0,,,772,21,775.0,26.0,,,766.0
955,756,38,751.0,10.0,,,768,34,773.0,14.0,,,762.0
956,753,24,,,,,766,19,,,,,759.5
957,752,21,,,,,762,25,,,,,757.0
958,749,23,745.0,28.0,,,764,35,768.0,10.0,,,756.5
959,755,23,,,,,766,33,,,,,760.5
960,752,39,748.0,16.0,,,760,37,764.0,22.0,,,756.0
961,750,23,747.0,11.0,,,762,35,765.0,16.0,,,756.0
962,748,26,746.0,26.0,743.0,18.0,764,28,766.0,28.0,769.0,20.0,756.0
963,758,39,,,,,765,24,,,,,761.5
964,760,28,757.0,16.0,,,777,22,780.0,13.0,,,768.5
965,765,26,762.0,20.0,,,776,37,779.0,16.0,,,770.5
966,768,19,766.0,12.0,,,773,27,775.0,17.0,,,770.5
967,765,18,,,,,776,34,,,,,770.5
968,760,37,756.0,29.0,,,765,35,769.0,22.0,,,762.5
969,756,20,752.0,12.0,748.0,7.0,766,26,770.0,30.0,774.0,9.0,761.0
970,753,16,749.0,28.0,,,770,17,774.0,24.0,,,761.5
971,752,19,748.0,24.0,,,763,32,767.0,15.0,,,757.5
972,749,40,746.0,16.0,,,759,23,762.0,11.0,,,754.0
973,748,28,745.0,20.0,,,760,30,763.0,24.0,,,754.0
974,752,17,750.0,13.0,747.0,13.0,757,20,759.0,28.0,762.0,12.0,754.5
975,751,33,748.0,28.0,,,766,34,769.0,24.0,,,758.5
976,753,38,752.0,24.0,,,757,19,758.0,23.0,,,755.0
977,750,25,746.0,26.0,,,763,19,767.0,20.0,,,756.5
978,755,28,752.0,21.0,,,765,27,768.0,28.0,,,760.0
979,754,15,750.0,21.0,,,765,16,769.0,14.0,,,759.5
980,753,23,,,,,763,21,,,,,758.0
981,743,32,741.0,30.0,,,756,26,758.0,18.0,,,749.5
982,745,29,743.0,22.0,,,759,35,761.0,26.0,,,752.0
983,752,36,750.0,24.0,,,764,23,766.0,23.0,,,758.0
984,751,34,749.0,28.0,,,767,20,769.0,11.0,,,759.0
985,755,32,753.0,27.0,749.0,7.0,764,36,766.0,15.0,770.0,17.0,759.5
986,753,26,751.0,26.0,747.0,10.0,764,36,766.0,14.0,770.0,5.0,758.5
987,751,27,749.0,27.0,,,764,21,766.0,23.0,,,757.5
988,754,15,750.0,19.0,,,759,36,763.0,23.0,,,756.5
989,747,32,743.0,29.0,,,760,20,764.0,22.0,,,753.5
990,749,30,746.0,20.0,,,763,29,766.0,30.0,,,756.0
991,753,17,751.0,24.0,,,765,39,767.0,10.0,,,759.0
992,758,33,755.0,26.0,,,765,20,768.0,11.0,,,761.5
993,753,28,750.0,16.0,,,769,30,772.0,24.0,,,761.0
994,750,18,747.0,26.0,,,764,18,767.0,23.0,,,757.0
995,749,26,746.0,28.0,743.0,14.0,762,25,765.0,22.0,768.0,7.0,755.5
996,751,16,748.0,11.0,,,768,31,771.0,18.0,,,759.5
997,756,28,752.0,12.0,,,764,26,768.0,22.0,,,760.0
998,753,24,750.0,28.0,748.0,13.0,764,24,767.0,16.0,769.0,11.0,758.5
999,756,30,753.0,19.0,,,767,38,770.0,29.0,,,761.5
1000,766,23,762.0,30.0,,,777,32,781.0,20.0,,,771.5
1001,769,38,767.0,16.0,,,779,26,781.0,28.0,,,774.0
1002,769,33,766.0,14.0,,,783,35,786.0,14.0,,,776.0
1003,776,39,775.0,14.0,,,785,34,786.0,27.0,,,780.5
1004,779,21,775.0,25.0,,,787,18,791.0,17.0,,,783.0
1005,783,28,781.0,12.0,778.0,5.0,799,20,801.0,11.0,804.0,19.0,791.0
1006,786,29,784.0,16.0,,,790,29,792.0,20.0,,,788.0
1007,785,32,782.0,28.0,,,796,17,799.0,25.0,,,790.5
1008,788,18,784.0,18.0,,,798,26,802.0,19.0,,,793.0
1009,779,22,,,,,794,37,,,,,786.5
1010,782,22,779.0,18.0,,,795,37,798.0,20.0,,,788.5
1011,795,19,793.0,22.0,,,798,29,800.0,28.0,,,796.5
1012,793,37,790.0,27.0,,,806,15,809.0,15.0,,,799.5
1013,794,33,,,,,805,26,,,,,799.5
1014,797,40,,,,,807,25,,,,,802.0
1015,794,34,792.0,12.0,,,807,15,809.0,20.0,,,800.5
1016,796,26,792.0,19.0,,,806,38,810.0,21.0,,,801.0
1017,792,23,789.0,16.0,,,806,16,809.0,26.0,,,799.0
1018,792,36,789.0,20.0,786.0,15.0,800,37,803.0,27.0,806.0,14.0,796.0
1019,797,31,794.0,18.0,,,812,21,815.0,12.0,,,804.5
1020,790,39,788.0,20.0,,,808,18,810.0,27.0,,,799.0
1021,789,29,785.0,22.0,,,804,31,808.0,17.0,,,796.5
1022,790,17,788.0,22.0,787.0,13.0,802,30,804.0,13.0,805.0,10.0,796.0
1023,790,25,788.0,26.0,,,807,15,809.0,15.0,,,798.5
1024,786,38,784.0,11.0,,,797,22,799.0,11.0,,,791.5
1025,787,40,784.0,30.0,,,798,38,801.0,22.0,,,792.5
1027,790,26,789.0,16.0,,,799,40,800.0,27.0,,,794.5
1028,791,34,788.0,14.0,,,801,24,804.0,30.0,,,796.0
1029,795,21,791.0,17.0,,,801,22,805.0,11.0,,,798.0
1030,796,32,794.0,15.0,,,806,15,808.0,30.0,,,801.0
1031,799,33,795.0,19.0,,,810,27,814.0,13.0,,,804.5
1032,804,39,801.0,18.0,,,817,33,820.0,21.0,,,810.5
1033,799,15,797.0,13.0,,,812,15,814.0,15.0,,,805.5
1034,797,33,795.0,22.0,,,813,19,815.0,27.0,,,805.0
1035,803,40,801.0,13.0,,,810,29,812.0,22.0,,,806.5
1036,802,28,799.0,23.0,,,812,16,815.0,21.0,,,807.0
1037,798,24,794.0,14.0,,,812,35,816.0,16.0,,,805.0
1038,796,19,795.0,27.0,,,806,30,807.0,12.0,,,801.0
1039,793,39,790.0,30.0,,,802,26,805.0,11.0,,,797.5
1040,793,15,789.0,18.0,,,803,20,807.0,13.0,,,798.0
1041,790,40,788.0,22.0,,,801,35,803.0,12.0,,,795.5
1042,798,39,795.0,10.0,,,804,33,807.0,22.0,,,801.0
1043,789,21,787.0,10.0,,,806,28,808.0,23.0,,,797.5
1044,790,27,788.0,15.0,,,801,23,803.0,12.0,,,795.5
1045,790,20,786.0,28.0,,,801,31,805.0,11.0,,,795.5
1046,794,24,791.0,24.0,,,805,30,808.0,28.0,,,799.5
1047,791,38,788.0,12.0,,,798,25,801.0,18.0,,,794.5
1048,792,30,,,,,803,22,,,,,797.5
1049,792,33,788.0,30.0,,,803,35,807.0,22.0,,,797.5
1051,794,37,791.0,24.0,,,800,27,803.0,11.0,,,797.0
1052,796,19,795.0,11.0,,,807,37,808.0,10.0,,,801.5
1053,797,16,793.0,10.0,,,807,40,811.0,22.0,,,802.0
1054,798,21,794.0,14.0,,,811,21,815.0,23.0,,,804.5
1055,801,36,797.0,22.0,,,810,35,814.0,22.0,,,805.5
1056,795,19,,,,,807,32,,,,,801.0
1057,796,29,,,,,803,28,,,,,799.5
1058,796,36,795.0,23.0,,,806,27,807.0,25.0,,,801.0
1059,793,23,791.0,29.0,,,807,27,809.0,13.0,,,800.0
1060,796,26,792.0,25.0,,,806,40,810.0,14.0,,,801.0
1061,794,19,792.0,17.0,,,803,26,805.0,15.0,,,798.5
1062,796,27,791.0,18.0,790.0,16.0,806,27,811.0,11.0,812.0,11.0,801.0
1063,795,19,793.0,13.0,,,805,19,807.0,11.0,,,800.0
1064,795,37,792.0,16.0,,,805,19,808.0,12.0,,,800.0
1065,793,28,789.0,27.0,,,808,25,812.0,27.0,,,800.5
1066,794,15,791.0,20.0,,,803,26,806.0,15.0,,,798.5
1067,790,25,788.0,11.0,,,796,31,798.0,10.0,,,793.0
1068,791,28,788.0,15.0,,,801,37,804.0,16.0,,,796.0
1069,794,30,791.0,26.0,,,806,19,809.0,17.0,,,800.0
1070,798,38,797.0,26.0,,,807,21,808.0,18.0,,,802.5
1071,799,31,795.0,25.0,792.0,12.0,809,21,813.0,26.0,816.0,14.0,804.0
1072,803,15,800.0,19.0,,,818,17,821.0,19.0,,,810.5
1073,807,28,805.0,27.0,,,818,24,820.0,26.0,,,812.5
1074,803,40,800.0,28.0,,,815,29,818.0,14.0,,,809.0
1075,805,38,802.0,27.0,,,822,25,825.0,27.0,,,813.5
1080,802,22,799.0,23.0,,,811,15,814.0,19.0,,,806.5
1077,805,30,801.0,15.0,799.0,15.0,817,35,821.0,15.0,823.0,13.0,811.0
1078,799,31,796.0,21.0,,,810,30,813.0,15.0,,,804.5
1079,799,28,797.0,17.0,793.0,8.0,814,22,816.0,27.0,820.0,13.0,806.5
1076,808,39,804.0,11.0,,,815,39,819.0,11.0,,,811.5
1081,800,20,799.0,30.0,,,812,22,813.0,10.0,,,806.0
1083,801,27,800.0,15.0,,,813,34,814.0,29.0,,,807.0
1084,800,17,797.0,13.0,,,811,22,814.0,27.0,,,805.5
1085,807,25,805.0,20.0,,,821,30,823.0,18.0,,,814.0
1086,807,16,804.0,26.0,,,821,17,824.0,16.0,,,814.0
1087,807,28,803.0,20.0,,,818,30,822.0,14.0,,,812.5
1088,814,34,812.0,10.0,,,820,20,822.0,13.0,,,817.0
1089,808,39,805.0,10.0,,,817,36,820.0,23.0,,,812.5
1090,805,25,801.0,19.0,,,814,38,818.0,23.0,,,809.5
1091,812,35,,,,,815,27,,,,,813.5
1092,806,40,802.0,21.0,,,822,36,826.0,15.0,,,814.0
1093,810,39,808.0,14.0,,,820,19,822.0,25.0,,,815.0
1094,806,27,801.0,26.0,,,820,32,825.0,29.0,,,813.0
1095,810,23,807.0,23.0,,,824,35,827.0,14.0,,,817.0
1096,811,24,809.0,15.0,,,823,22,825.0,24.0,,,817.0
1097,806,23,803.0,16.0,,,814,17,817.0,15.0,,,810.0
1098,808,36,805.0,13.0,,,825,22,828.0,12.0,,,816.5
1099,810,29,808.0,17.0,,,825,27,827.0,11.0,,,817.5
1100,817,25,812.0,12.0,,,822,39,827.0,15.0,,,819.5
1101,815,27,813.0,25.0,811.0,12.0,830,35,832.0,16.0,834.0,10.0,822.5
1102,816,37,814.0,15.0,,,828,16,830.0,13.0,,,822.0
1103,813,22,809.0,29.0,,,826,38,830.0,22.0,,,819.5
1104,815,23,813.0,15.0,,,827,21,829.0,16.0,,,821.0
1105,814,34,809.0,19.0,,,829,15,834.0,13.0,,,821.5
1106,820,28,,,,,829,33,,,,,824.5
1107,819,21,815.0,16.0,,,838,22,842.0,10.0,,,828.5
1108,829,23,826.0,10.0,,,839,40,842.0,17.0,,,834.0
1109,821,37,818.0,25.0,,,835,35,838.0,13.0,,,828.0
1110,827,29,823.0,14.0,,,842,31,846.0,13.0,,,834.5
1111,820,25,816.0,28.0,,,830,21,834.0,20.0,,,825.0
1112,822,35,819.0,19.0,815.0,14.0,831,17,834.0,24.0,838.0,20.0,826.5
1113,817,25,813.0,11.0,,,831,37,835.0,30.0,,,824.0
1114,817,37,813.0,23.0,,,828,26,832.0,24.0,,,822.5
1115,818,23,816.0,27.0,,,830,30,832.0,28.0,,,824.0
1116,820,29,817.0,23.0,,,832,39,835.0,11.0,,,826.0
1117,820,17,818.0,24.0,,,833,39,835.0,17.0,,,826.5
1118,822,31,,,,,834,37,,,,,828.0
1119,823,23,819.0,12.0,,,835,35,839.0,22.0,,,829.0
1120,821,26,818.0,23.0,,,834,38,837.0,28.0,,,827.5
1121,834,39,830.0,24.0,,,843,18,847.0,21.0,,,838.5
1122,834,28,,,,,846,28,,,,,840.0
1123,836,33,831.0,27.0,,,849,16,854.0,11.0,,,842.5
1124,834,39,830.0,26.0,,,844,21,848.0,13.0,,,839.0
1125,831,20,829.0,21.0,,,850,21,852.0,26.0,,,840.5
1126,837,31,835.0,12.0,,,850,37,852.0,26.0,,,843.5
1127,842,15,838.0,14.0,,,857,35,861.0,23.0,,,849.5
1128,849,28,845.0,28.0,841.0,10.0,859,29,863.0,16.0,867.0,7.0,854.0
1129,852,23,850.0,15.0,,,862,19,864.0,18.0,,,857.0
1130,851,30,848.0,11.0,,,862,29,865.0,14.0,,,856.5
1131,846,39,844.0,16.0,,,860,20,862.0,15.0,,,853.0
1132,847,30,845.0,16.0,,,857,26,859.0,24.0,,,852.0
1133,848,39,846.0,12.0,843.0,14.0,862,39,864.0,15.0,867.0,6.0,855.0
1134,848,29,847.0,19.0,,,864,22,865.0,30.0,,,856.0
1135,849,36,846.0,11.0,,,861,20,864.0,26.0,,,855.0
1136,851,26,849.0,17.0,,,863,21,865.0,28.0,,,857.0
1137,853,16,850.0,14.0,,,865,16,868.0,18.0,,,859.0
1138,849,26,845.0,12.0,841.0,10.0,862,36,866.0,14.0,870.0,20.0,855.5
1139,843,31,840.0,27.0,,,856,38,859.0,15.0,,,849.5
1140,846,19,844.0,26.0,,,857,35,859.0,29.0,,,851.5
1141,843,19,840.0,14.0,,,851,21,854.0,14.0,,,847.0
1142,847,22,844.0,30.0,,,859,22,862.0,19.0,,,853.0
1143,846,22,845.0,25.0,,,860,15,861.0,27.0,,,853.0
1144,850,34,848.0,27.0,,,857,31,859.0,10.0,,,853.5
1148,850,40,847.0,29.0,,,863,26,866.0,25.0,,,856.5
1146,849,20,845.0,27.0,,,855,25,859.0,27.0,,,852.0
1147,848,23,845.0,16.0,,,863,25,866.0,21.0,,,855.5
1145,850,15,848.0,14.0,,,863,24,865.0,11.0,,,856.5
1149,848,15,844.0,29.0,,,861,17,865.0,19.0,,,854.5
1150,851,28,848.0,14.0,,,860,20,863.0,17.0,,,855.5
1151,854,22,851.0,19.0,,,865,23,868.0,24.0,,,859.5
1152,858,33,855.0,15.0,854.0,10.0,867,16,870.0,30.0,871.0,9.0,862.5
1153,863,27,859.0,26.0,,,873,30,877.0,18.0,,,868.0
1154,859,40,856.0,26.0,,,869,38,872.0,24.0,,,864.0
1155,852,24,849.0,18.0,,,863,21,866.0,24.0,,,857.5
1156,854,36,851.0,20.0,,,865,19,868.0,22.0,,,859.5
1157,849,31,845.0,14.0,,,859,22,863.0,18.0,,,854.0
1158,845,18,842.0,22.0,,,861,21,864.0,15.0,,,853.0
1159,852,29,849.0,12.0,,,864,36,867.0,18.0,,,858.0
1160,856,32,854.0,10.0,,,865,26,867.0,30.0,,,860.5
1161,852,30,847.0,18.0,,,871,26,876.0,10.0,,,861.5
1162,856,28,852.0,21.0,,,863,39,867.0,26.0,,,859.5
1163,853,25,849.0,15.0,,,862,18,866.0,20.0,,,857.5
1164,847,20,844.0,21.0,,,861,16,864.0,10.0,,,854.0
1165,847,20,845.0,15.0,,,860,23,862.0,14.0,,,853.5
1166,846,21,844.0,20.0,,,856,31,858.0,17.0,,,851.0
1167,850,32,846.0,18.0,,,858,30,862.0,16.0,,,854.0
1168,844,33,841.0,22.0,,,852,29,855.0,11.0,,,848.0
1169,848,24,845.0,25.0,,,859,17,862.0,21.0,,,853.5
1170,852,29,848.0,17.0,,,861,38,865.0,19.0,,,856.5
1171,854,35,851.0,29.0,,,868,25,871.0,30.0,,,861.0
1172,849,27,846.0,27.0,,,861,36,864.0,24.0,,,855.0
1173,850,25,848.0,15.0,,,858,30,860.0,12.0,,,854.0
1175,851,29,848.0,15.0,,,864,33,867.0,27.0,,,857.5
1174,850,19,848.0,28.0,,,861,35,863.0,13.0,,,855.5
1176,854,22,851.0,23.0,,,862,40,865.0,17.0,,,858.0
1177,851,25,,,,,867,33,,,,,859.0
1178,851,33,848.0,21.0,,,860,34,863.0,25.0,,,855.5
1179,850,18,847.0,15.0,,,867,20,870.0,24.0,,,858.5
1180,850,31,847.0,18.0,845.0,15.0,861,30,864.0,24.0,866.0,6.0,855.5
1181,850,32,846.0,26.0,,,863,26,867.0,20.0,,,856.5
1182,849,40,847.0,10.0,,,860,37,862.0,14.0,,,854.5
1183,852,38,851.0,28.0,,,867,37,868.0,19.0,,,859.5
1184,859,27,856.0,13.0,,,871,40,874.0,13.0,,,865.0
1185,857,34,855.0,23.0,850.0,18.0,872,26,874.0,21.0,879.0,20.0,864.5
1186,865,38,,,,,873,20,,,,,869.0
1187,861,19,858.0,21.0,,,874,18,877.0,16.0,,,867.5
1188,857,25,853.0,21.0,849.0,7.0,867,28,871.0,20.0,875.0,11.0,862.0
1189,858,29,855.0,24.0,,,871,31,874.0,13.0,,,864.5
1190,859,21,,,,,869,30,,,,,864.0
1191,854,19,851.0,17.0,,,868,20,871.0,11.0,,,861.0
1192,856,23,853.0,19.0,,,870,37,873.0,26.0,,,863.0
1193,853,32,,,,,873,39,,,,,863.0
1194,861,22,857.0,14.0,,,873,23,877.0,15.0,,,867.0
1195,862,18,860.0,25.0,,,871,27,873.0,13.0,,,866.5
1196,863,16,861.0,22.0,,,874,37,876.0,11.0,,,868.5
1197,863,31,,,,,878,27,,,,,870.5
1198,867,28,863.0,18.0,,,877,26,881.0,27.0,,,872.0
1199,868,37,866.0,23.0,,,880,15,882.0,18.0,,,874.0
1200,862,20,858.0,23.0,855.0,20.0,877,36,881.0,26.0,884.0,5.0,869.5
1201,852,21,849.0,14.0,,,871,37,874.0,21.0,,,861.5
1202,851,20,849.0,20.0,846.0,13.0,860,37,862.0,30.0,865.0,20.0,855.5
1203,849,29,846.0,11.0,,,864,15,867.0,15.0,,,856.5
1204,848,19,,,,,857,37,,,,,852.5
1205,844,37,840.0,28.0,,,857,20,861.0,11.0,,,850.5
1206,844,27,840.0,25.0,,,850,30,854.0,24.0,,,847.0
1207,835,30,832.0,16.0,,,849,26,852.0,23.0,,,842.0
1208,832,29,830.0,15.0,,,845,19,847.0,25.0,,,838.5
1209,826,22,823.0,28.0,,,840,21,843.0,19.0,,,833.0
1210,833,16,831.0,10.0,828.0,13.0,842,26,844.0,18.0,847.0,12.0,837.5
1211,831,16,,,,,841,27,,,,,836.0
1212,836,34,833.0,20.0,,,846,19,849.0,28.0,,,841.0
1213,839,29,837.0,18.0,,,855,26,857.0,27.0,,,847.0
1214,831,19,828.0,18.0,,,842,19,845.0,21.0,,,836.5
1215,827,15,824.0,23.0,,,840,38,843.0,21.0,,,833.5
1216,826,20,823.0,28.0,,,841,34,844.0,12.0,,,833.5
1217,830,32,827.0,28.0,,,841,16,844.0,27.0,,,835.5
1218,827,28,,,,,843,40,,,,,835.0
1219,829,25,827.0,27.0,,,842,17,844.0,13.0,,,835.5
1220,828,40,825.0,12.0,823.0,16.0,841,20,844.0,19.0,846.0,19.0,834.5
1221,831,37,828.0,10.0,,,837,23,840.0,21.0,,,834.0
1222,824,32,822.0,18.0,,,840,21,842.0,15.0,,,832.0
1223,828,22,826.0,10.0,,,836,35,838.0,11.0,,,832.0
1224,829,24,,,,,844,35,,,,,836.5
1225,825,32,822.0,13.0,,,839,36,842.0,27.0,,,832.0
1227,823,21,819.0,10.0,,,837,38,841.0,16.0,,,830.0
1226,824,25,821.0,17.0,,,842,31,845.0,21.0,,,833.0
1228,818,38,816.0,26.0,813.0,19.0,834,27,836.0,30.0,839.0,13.0,826.0
1229,821,26,818.0,28.0,,,836,19,839.0,13.0,,,828.5
1230,823,20,819.0,21.0,,,836,36,840.0,23.0,,,829.5
1231,824,18,820.0,19.0,,,830,25,834.0,19.0,,,827.0
1232,819,18,816.0,15.0,,,828,20,831.0,28.0,,,823.5
1233,812,25,810.0,13.0,,,825,16,827.0,27.0,,,818.5
1234,818,30,815.0,17.0,,,826,24,829.0,18.0,,,822.0
1235,820,32,818.0,10.0,,,829,16,831.0,15.0,,,824.5
1236,821,37,819.0,11.0,,,835,26,837.0,12.0,,,828.0
1237,825,20,823.0,10.0,,,835,16,837.0,13.0,,,830.0
1238,831,25,828.0,12.0,,,840,17,843.0,25.0,,,835.5
1239,831,21,827.0,20.0,,,846,30,850.0,24.0,,,838.5
1240,833,22,829.0,10.0,,,839,34,843.0,24.0,,,836.0
1241,831,34,829.0,11.0,,,844,22,846.0,24.0,,,837.5
1242,831,28,,,,,845,39,,,,,838.0
1243,833,21,831.0,11.0,,,842,24,844.0,17.0,,,837.5
1244,833,32,830.0,19.0,,,841,17,844.0,30.0,,,837.0
1245,834,21,831.0,25.0,,,843,24,846.0,28.0,,,838.5
1246,831,32,827.0,16.0,,,840,21,844.0,19.0,,,835.5
1247,824,28,823.0,25.0,,,833,22,834.0,16.0,,,828.5
1248,824,35,822.0,30.0,,,833,30,835.0,18.0,,,828.5
1249,823,22,820.0,21.0,,,835,19,838.0,25.0,,,829.0
1250,826,28,,,,,837,38,,,,,831.5
1251,839,15,837.0,21.0,,,849,29,851.0,22.0,,,844.0
1252,836,20,834.0,15.0,,,849,39,851.0,15.0,,,842.5
1253,835,24,833.0,29.0,,,848,20,850.0,20.0,,,841.5
1254,831,24,829.0,26.0,,,847,38,849.0,13.0,,,839.0
1255,829,26,828.0,22.0,,,842,36,843.0,26.0,,,835.5
1256,828,24,825.0,22.0,,,844,17,847.0,21.0,,,836.0
1257,831,16,828.0,16.0,,,842,17,845.0,12.0,,,836.5
1258,830,33,827.0,15.0,,,841,17,844.0,16.0,,,835.5
1259,830,17,828.0,19.0,,,843,36,845.0,14.0,,,836.5
1260,829,22,826.0,30.0,,,839,16,842.0,10.0,,,834.0
1261,826,18,823.0,24.0,,,841,37,844.0,18.0,,,833.5
1262,830,19,829.0,21.0,,,843,15,844.0,28.0,,,836.5
1263,831,26,829.0,11.0,,,841,31,843.0,30.0,,,836.0
1264,830,15,827.0,30.0,,,841,15,844.0,26.0,,,835.5
1265,838,36,835.0,18.0,,,844,37,847.0,18.0,,,841.0
1266,838,26,834.0,14.0,,,851,19,855.0,14.0,,,844.5
1267,833,29,831.0,14.0,,,846,18,848.0,18.0,,,839.5
1268,839,23,836.0,18.0,833.0,8.0,851,16,854.0,13.0,857.0,16.0,845.0
1269,841,16,838.0,10.0,,,858,29,861.0,16.0,,,849.5
1270,842,31,840.0,14.0,,,853,20,855.0,27.0,,,847.5
1271,837,29,834.0,29.0,831.0,16.0,846,22,849.0,23.0,852.0,14.0,841.5
1272,837,31,835.0,20.0,,,848,28,850.0,27.0,,,842.5
1273,833,27,831.0,22.0,,,851,20,853.0,22.0,,,842.0
1274,837,37,833.0,13.0,829.0,9.0,851,18,855.0,21.0,859.0,8.0,844.0
1275,837,39,836.0,15.0,833.0,19.0,846,29,847.0,12.0,850.0,6.0,841.5
1276,839,19,837.0,27.0,,,847,32,849.0,20.0,,,843.0
1277,840,25,837.0,18.0,,,847,38,850.0,29.0,,,843.5
1282,829,26,825.0,14.0,,,836,26,840.0,28.0,,,832.5
1279,822,15,820.0,18.0,,,834,28,836.0,16.0,,,828.0
1280,822,24,819.0,27.0,,,842,34,845.0,30.0,,,832.0
1281,828,33,824.0,17.0,,,840,40,844.0,19.0,,,834.0
1278,831,28,828.0,19.0,,,844,27,847.0,19.0,,,837.5
1283,827,20,824.0,24.0,821.0,18.0,839,31,842.0,20.0,845.0,19.0,833.0
1284,830,15,827.0,17.0,,,841,26,844.0,22.0,,,835.5
1286,839,30,836.0,17.0,,,849,30,852.0,18.0,,,844.0
1287,840,22,839.0,17.0,,,848,19,849.0,22.0,,,844.0
1288,842,22,840.0,14.0,,,851,32,853.0,18.0,,,846.5
1289,842,36,838.0,12.0,,,855,36,859.0,21.0,,,848.5
1290,839,16,837.0,20.0,,,850,23,852.0,22.0,,,844.5
1291,840,19,836.0,15.0,,,852,21,856.0,28.0,,,846.0
1292,839,36,836.0,25.0,,,854,40,857.0,22.0,,,846.5
1294,838,15,835.0,17.0,,,852,35,855.0,22.0,,,845.0
1295,836,38,832.0,23.0,,,850,36,854.0,11.0,,,843.0
1296,840,27,838.0,14.0,,,852,26,854.0,29.0,,,846.0
1297,838,31,836.0,26.0,,,855,39,857.0,27.0,,,846.5
1298,840,25,836.0,15.0,,,851,33,855.0,10.0,,,845.5
1299,841,25,836.0,30.0,,,854,36,859.0,26.0,,,847.5
1300,846,38,842.0,14.0,836.0,19.0,856,28,860.0,28.0,866.0,15.0,851.0
1301,849,22,846.0,24.0,,,856,26,859.0,29.0,,,852.5
1302,847,31,844.0,16.0,,,859,40,862.0,15.0,,,853.0
1303,849,40,846.0,11.0,,,857,36,860.0,23.0,,,853.0
1304,843,23,840.0,30.0,,,857,36,860.0,27.0,,,850.0
1305,846,15,843.0,20.0,,,858,27,861.0,23.0,,,852.0
1306,844,39,841.0,21.0,,,854,29,857.0,14.0,,,849.0
1307,839,31,835.0,21.0,,,855,36,859.0,15.0,,,847.0
1308,845,37,840.0,17.0,,,859,38,864.0,19.0,,,852.0
1309,857,24,852.0,19.0,,,864,23,869.0,24.0,,,860.5
1310,858,36,855.0,24.0,,,874,31,877.0,13.0,,,866.0
1311,859,35,856.0,23.0,,,871,24,874.0,15.0,,,865.0
1312,859,34,856.0,15.0,,,868,17,871.0,12.0,,,863.5
1313,856,31,853.0,24.0,,,869,24,872.0,28.0,,,862.5
1314,852,38,849.0,10.0,,,869,23,872.0,14.0,,,860.5
1315,849,24,847.0,16.0,,,864,17,866.0,24.0,,,856.5
1316,849,37,844.0,28.0,,,860,23,865.0,30.0,,,854.5
1317,848,33,845.0,19.0,844.0,5.0,863,16,866.0,26.0,867.0,11.0,855.5
1318,853,31,851.0,10.0,,,862,34,864.0,14.0,,,857.5
1319,845,16,842.0,22.0,,,861,29,864.0,26.0,,,853.0
1323,853,22,850.0,22.0,845.0,15.0,871,17,874.0,27.0,879.0,16.0,862.0
1320,842,24,839.0,30.0,,,857,29,860.0,20.0,,,849.5
1322,857,28,854.0,29.0,,,866,18,869.0,29.0,,,861.5
1321,850,18,847.0,13.0,,,859,39,862.0,26.0,,,854.5
1324,860,31,858.0,25.0,854.0,7.0,874,39,876.0,27.0,880.0,10.0,867.0
1325,856,19,,,,,872,37,,,,,864.0
1326,859,25,856.0,29.0,,,874,35,877.0,26.0,,,866.5
1327,863,22,861.0,20.0,,,873,17,875.0,27.0,,,868.0
1328,861,31,856.0,25.0,,,873,24,878.0,22.0,,,867.0
1329,861,17,859.0,21.0,,,870,38,872.0,15.0,,,865.5
1330,856,30,852.0,12.0,,,867,28,871.0,24.0,,,861.5
1331,856,40,853.0,16.0,,,868,36,871.0,18.0,,,862.0
1332,854,40,853.0,27.0,,,868,18,869.0,15.0,,,861.0
1333,854,25,851.0,23.0,,,868,40,871.0,24.0,,,861.0
1334,850,32,847.0,29.0,,,858,25,861.0,12.0,,,854.0
1335,848,40,845.0,13.0,,,856,37,859.0,10.0,,,852.0
1336,841,27,839.0,11.0,,,854,35,856.0,23.0,,,847.5
1337,835,29,831.0,12.0,,,849,28,853.0,23.0,,,842.0
1338,839,20,837.0,24.0,,,854,35,856.0,15.0,,,846.5
1339,836,28,835.0,19.0,,,849,15,850.0,15.0,,,842.5
1340,842,16,841.0,30.0,,,851,35,852.0,27.0,,,846.5
1341,841,26,838.0,30.0,,,855,25,858.0,16.0,,,848.0
1342,846,19,,,,,857,38,,,,,851.5
1343,842,18,839.0,13.0,,,858,32,861.0,14.0,,,850.0
1344,845,39,844.0,15.0,,,858,38,859.0,20.0,,,851.5
1345,850,22,848.0,28.0,,,861,31,863.0,14.0,,,855.5
1346,855,22,851.0,17.0,,,864,22,868.0,29.0,,,859.5
1347,849,39,846.0,23.0,,,863,25,866.0,23.0,,,856.0
1348,855,37,851.0,14.0,,,863,40,867.0,10.0,,,859.0
1349,853,39,849.0,20.0,,,864,40,868.0,23.0,,,858.5
1350,852,31,849.0,13.0,,,862,22,865.0,30.0,,,857.0
1351,851,17,848.0,13.0,,,861,27,864.0,21.0,,,856.0
1352,849,35,845.0,29.0,,,860,30,864.0,18.0,,,854.5
1353,852,30,848.0,20.0,,,865,31,869.0,14.0,,,858.5
1354,857,36,853.0,24.0,,,869,27,873.0,22.0,,,863.0
1355,854,39,851.0,14.0,,,870,17,873.0,18.0,,,862.0
1356,855,26,852.0,29.0,,,870,26,873.0,29.0,,,862.5
1357,854,27,852.0,20.0,849.0,9.0,862,18,864.0,22.0,867.0,17.0,858.0
1358,846,21,843.0,17.0,841.0,5.0,855,15,858.0,25.0,860.0,6.0,850.5
1359,849,22,848.0,13.0,,,856,15,857.0,21.0,,,852.5
1360,849,18,845.0,27.0,,,862,17,866.0,13.0,,,855.5
1361,847,40,845.0,28.0,841.0,19.0,863,30,865.0,15.0,869.0,17.0,855.0
1362,839,16,836.0,24.0,,,854,21,857.0,21.0,,,846.5
1363,840,40,836.0,30.0,,,846,23,850.0,30.0,,,843.0
1364,833,36,830.0,14.0,,,844,27,847.0,24.0,,,838.5
1365,832,23,828.0,30.0,,,847,15,851.0,15.0,,,839.5
1366,830,30,828.0,15.0,,,841,16,843.0,14.0,,,835.5
1367,825,24,822.0,13.0,,,839,19,842.0,30.0,,,832.0
1368,823,27,821.0,15.0,,,839,27,841.0,12.0,,,831.0
1369,819,39,816.0,28.0,,,837,34,840.0,28.0,,,828.0
1370,822,23,,,,,834,24,,,,,828.0
1371,824,32,823.0,30.0,,,830,21,831.0,20.0,,,827.0
1372,810,34,807.0,24.0,,,825,39,828.0,12.0,,,817.5
1373,811,35,807.0,18.0,802.0,13.0,821,20,825.0,10.0,830.0,8.0,816.0
1374,807,27,805.0,25.0,801.0,10.0,816,39,818.0,27.0,822.0,17.0,811.5
1375,805,33,801.0,14.0,,,812,35,816.0,27.0,,,808.5
1376,810,18,807.0,17.0,,,818,22,821.0,23.0,,,814.0
1377,806,34,804.0,11.0,,,821,22,823.0,11.0,,,813.5
1378,807,37,806.0,28.0,,,821,22,822.0,28.0,,,814.0
1380,814,28,812.0,22.0,809.0,10.0,823,37,825.0,17.0,828.0,19.0,818.5
1379,806,15,800.0,24.0,,,820,17,826.0,11.0,,,813.0
1381,815,35,814.0,27.0,,,827,36,828.0,26.0,,,821.0
1382,816,31,813.0,21.0,812.0,6.0,826,15,829.0,14.0,830.0,11.0,821.0
1383,807,21,804.0,16.0,,,819,21,822.0,17.0,,,813.0
1384,807,24,805.0,28.0,,,820,25,822.0,30.0,,,813.5
1385,799,32,797.0,11.0,,,814,31,816.0,23.0,,,806.5
1386,799,26,796.0,17.0,,,810,29,813.0,26.0,,,804.5
1387,794,24,791.0,27.0,,,808,15,811.0,16.0,,,801.0
1388,790,28,787.0,23.0,,,806,19,809.0,27.0,,,798.0
1389,795,33,792.0,24.0,,,802,26,805.0,29.0,,,798.5
1390,789,30,786.0,12.0,785.0,11.0,804,34,807.0,10.0,808.0,5.0,796.5
1391,794,32,790.0,17.0,,,804,32,808.0,25.0,,,799.0
1392,798,38,793.0,19.0,,,804,33,809.0,16.0,,,801.0
1393,800,26,798.0,25.0,,,811,26,813.0,13.0,,,805.5
1394,804,38,800.0,27.0,,,815,36,819.0,28.0,,,809.5
1395,804,25,,,,,813,33,,,,,808.5
1396,799,40,795.0,27.0,,,813,17,817.0,28.0,,,806.0
1397,799,16,798.0,18.0,,,813,23,814.0,16.0,,,806.0
1398,796,34,792.0,23.0,,,810,24,814.0,15.0,,,803.0
1399,794,31,790.0,26.0,,,808,25,812.0,11.0,,,801.0
1401,794,31,790.0,29.0,,,805,35,809.0,30.0,,,799.5
1402,791,24,787.0,27.0,,,803,27,807.0,13.0,,,797.0
1403,792,30,789.0,16.0,,,808,17,811.0,17.0,,,800.0
1404,792,35,789.0,22.0,785.0,13.0,805,24,808.0,30.0,812.0,18.0,798.5
1405,795,23,791.0,15.0,,,809,16,813.0,15.0,,,802.0
1406,801,20,798.0,21.0,,,812,40,815.0,13.0,,,806.5
1407,797,28,796.0,12.0,793.0,20.0,808,22,809.0,28.0,812.0,11.0,802.5
1412,790,22,788.0,12.0,,,801,26,803.0,14.0,,,795.5
1409,797,39,794.0,11.0,,,807,18,810.0,29.0,,,802.0
1410,795,29,793.0,13.0,,,803,29,805.0,21.0,,,799.0
1411,793,30,790.0,29.0,,,805,22,808.0,22.0,,,799.0
1408,796,18,794.0,16.0,,,806,16,808.0,10.0,,,801.0
1413,787,31,784.0,13.0,,,795,17,798.0,21.0,,,791.0
1414,785,40,782.0,21.0,,,797,16,800.0,13.0,,,791.0
1417,778,22,774.0,29.0,,,797,40,801.0,28.0,,,787.5
1416,777,21,776.0,20.0,,,792,39,793.0,14.0,,,784.5
1418,785,24,782.0,24.0,,,793,36,796.0,18.0,,,789.0
1419,783,21,779.0,22.0,,,802,29,806.0,18.0,,,792.5
1420,784,38,781.0,17.0,,,801,19,804.0,17.0,,,792.5
1421,780,34,778.0,10.0,,,794,27,796.0,20.0,,,787.0
1422,786,20,783.0,28.0,781.0,11.0,799,28,802.0,13.0,804.0,17.0,792.5
1423,775,19,773.0,21.0,,,792,35,794.0,25.0,,,783.5
1424,779,39,778.0,10.0,,,797,38,798.0,25.0,,,788.0
1425,780,32,777.0,21.0,773.0,18.0,791,34,794.0,21.0,798.0,9.0,785.5
1426,779,30,776.0,29.0,,,791,28,794.0,19.0,,,785.0
1427,779,40,776.0,30.0,,,793,18,796.0,16.0,,,786.0
1428,779,29,777.0,13.0,,,792,35,794.0,19.0,,,785.5
1429,776,30,773.0,26.0,770.0,11.0,788,24,791.0,26.0,794.0,14.0,782.0
1430,779,24,776.0,20.0,,,788,38,791.0,11.0,,,783.5
1431,778,30,774.0,25.0,,,787,15,791.0,14.0,,,782.5
1432,779,40,776.0,14.0,,,790,15,793.0,11.0,,,784.5
1433,774,37,772.0,28.0,,,786,33,788.0,25.0,,,780.0
1434,774,40,771.0,14.0,,,789,36,792.0,30.0,,,781.5
1435,781,39,779.0,19.0,,,788,38,790.0,26.0,,,784.5
1436,780,33,777.0,19.0,,,792,31,795.0,11.0,,,786.0
1437,777,20,774.0,21.0,,,788,28,791.0,15.0,,,782.5
1438,780,39,,,,,793,28,,,,,786.5
1439,774,19,773.0,17.0,,,785,25,786.0,11.0,,,779.5
1440,779,35,774.0,30.0,,,783,19,788.0,16.0,,,781.0
1441,768,24,766.0,26.0,764.0,6.0,779,25,781.0,21.0,783.0,15.0,773.5
1442,772,34,769.0,29.0,,,782,39,785.0,26.0,,,777.0
1443,775,35,773.0,17.0,,,785,33,787.0,15.0,,,780.0
1444,771,28,770.0,17.0,,,782,29,783.0,28.0,,,776.5
1445,769,28,766.0,27.0,,,779,40,782.0,23.0,,,774.0
1446,768,33,767.0,24.0,,,780,18,781.0,26.0,,,774.0
1447,768,24,764.0,16.0,,,784,25,788.0,30.0,,,776.0
1448,775,21,772.0,21.0,770.0,20.0,786,25,789.0,19.0,791.0,8.0,780.5
1449,777,29,775.0,25.0,,,792,20,794.0,16.0,,,784.5
1450,782,33,778.0,10.0,,,798,17,802.0,29.0,,,790.0
1451,781,15,778.0,14.0,,,794,35,797.0,26.0,,,787.5
1452,779,29,777.0,11.0,,,793,22,795.0,22.0,,,786.0
1453,773,30,768.0,17.0,,,784,30,789.0,17.0,,,778.5
1454,772,33,770.0,17.0,,,789,32,791.0,16.0,,,780.5
1455,776,23,773.0,15.0,,,789,29,792.0,19.0,,,782.5
1456,779,19,776.0,17.0,,,789,27,792.0,10.0,,,784.0
1457,774,16,771.0,27.0,,,789,16,792.0,19.0,,,781.5
1458,774,34,771.0,23.0,,,784,34,787.0,26.0,,,779.0
1459,773,18,769.0,17.0,,,782,16,786.0,25.0,,,777.5
1460,769,19,765.0,21.0,,,787,19,791.0,14.0,,,778.0
1461,775,25,773.0,17.0,,,788,17,790.0,28.0,,,781.5
1462,775,27,772.0,23.0,770.0,12.0,786,15,789.0,15.0,791.0,9.0,780.5
1463,771,27,768.0,27.0,,,783,21,786.0,14.0,,,777.0
1464,769,40,767.0,24.0,,,780,30,782.0,21.0,,,774.5
1465,769,26,767.0,27.0,,,785,18,787.0,18.0,,,777.0
1466,761,40,757.0,18.0,,,778,24,782.0,13.0,,,769.5
1467,761,31,758.0,20.0,,,778,37,781.0,16.0,,,769.5
1468,764,34,763.0,22.0,,,778,25,779.0,17.0,,,771.0
1469,765,29,762.0,22.0,,,773,36,776.0,17.0,,,769.0
1470,765,37,762.0,21.0,,,776,32,779.0,30.0,,,770.5
1471,768,15,765.0,12.0,,,776,23,779.0,30.0,,,772.0
1473,770,31,767.0,25.0,,,779,39,782.0,30.0,,,774.5
1474,772,30,770.0,28.0,,,780,29,782.0,13.0,,,776.0
1475,762,20,760.0,19.0,,,773,18,775.0,16.0,,,767.5
1476,761,29,757.0,26.0,,,775,16,779.0,14.0,,,768.0
1477,759,40,757.0,26.0,,,772,21,774.0,26.0,,,765.5
1478,757,29,754.0,16.0,,,769,26,772.0,30.0,,,763.0
1479,755,22,752.0,26.0,,,768,19,771.0,28.0,,,761.5
1480,761,31,758.0,10.0,756.0,12.0,764,32,767.0,29.0,769.0,8.0,762.5
1481,758,26,756.0,24.0,,,769,32,771.0,29.0,,,763.5
1482,756,36,753.0,13.0,750.0,20.0,772,33,775.0,20.0,778.0,8.0,764.0
1483,764,38,,,,,775,35,,,,,769.5
1484,762,40,758.0,26.0,,,773,31,777.0,17.0,,,767.5
1485,753,18,750.0,11.0,,,769,18,772.0,12.0,,,761.0
1486,763,28,760.0,22.0,,,771,33,774.0,28.0,,,767.0
1487,760,34,757.0,16.0,,,776,28,779.0,14.0,,,768.0
1488,752,35,749.0,17.0,,,767,25,770.0,27.0,,,759.5
1489,764,18,762.0,30.0,,,771,29,773.0,15.0,,,767.5
1490,762,16,758.0,27.0,,,771,21,775.0,23.0,,,766.5
1491,764,16,761.0,27.0,,,778,22,781.0,15.0,,,771.0
1492,763,22,761.0,14.0,,,774,16,776.0,29.0,,,768.5
1493,769,26,767.0,29.0,,,779,35,781.0,10.0,,,774.0
1494,760,20,758.0,26.0,,,775,17,777.0,23.0,,,767.5
1495,759,23,754.0,27.0,,,772,36,777.0,25.0,,,765.5
1496,755,23,750.0,18.0,,,767,23,772.0,20.0,,,761.0
1497,751,20,750.0,26.0,,,768,20,769.0,12.0,,,759.5
1498,749,22,747.0,24.0,,,759,23,761.0,28.0,,,754.0
1499,746,39,741.0,20.0,738.0,18.0,756,26,761.0,30.0,764.0,15.0,751.0
1500,745,18,742.0,11.0,,,757,39,760.0,20.0,,,751.0
1501,744,16,,,,,754,29,,,,,749.0
1502,746,21,743.0,14.0,,,755,19,758.0,22.0,,,750.5
1503,740,18,735.0,21.0,733.0,11.0,751,36,756.0,11.0,758.0,18.0,745.5
1504,743,23,739.0,19.0,734.0,18.0,752,21,756.0,27.0,761.0,11.0,747.5
1505,739,15,736.0,17.0,,,754,34,757.0,25.0,,,746.5
1509,745,40,743.0,10.0,,,759,38,761.0,27.0,,,752.0
1507,745,19,742.0,12.0,,,759,34,762.0,18.0,,,752.0
1508,747,23,743.0,18.0,,,756,22,760.0,19.0,,,751.5
1506,744,28,741.0,27.0,738.0,15.0,755,30,758.0,18.0,761.0,19.0,749.5
1510,749,32,745.0,14.0,,,760,31,764.0,14.0,,,754.5
1511,748,22,746.0,21.0,,,766,15,768.0,11.0,,,757.0
1512,752,33,750.0,14.0,,,764,30,766.0,21.0,,,758.0
1513,754,32,751.0,13.0,,,764,24,767.0,26.0,,,759.0
1514,756,35,753.0,15.0,,,763,39,766.0,23.0,,,759.5
1515,754,29,751.0,15.0,,,760,17,763.0,27.0,,,757.0
1516,749,33,745.0,15.0,,,764,34,768.0,14.0,,,756.5
1517,750,30,747.0,10.0,,,761,25,764.0,24.0,,,755.5
1518,750,26,746.0,18.0,,,758,24,762.0,25.0,,,754.0
1519,745,27,744.0,28.0,,,762,23,763.0,25.0,,,753.5
1520,748,27,746.0,16.0,,,758,16,760.0,21.0,,,753.0
1521,748,26,743.0,29.0,,,761,20,766.0,13.0,,,754.5
1522,748,21,744.0,30.0,,,765,19,769.0,12.0,,,756.5
1523,755,18,751.0,14.0,,,764,37,768.0,26.0,,,759.5
1524,748,23,745.0,17.0,,,760,40,763.0,12.0,,,754.0
1525,748,34,744.0,23.0,,,758,17,762.0,22.0,,,753.0
1526,742,31,738.0,11.0,,,758,18,762.0,22.0,,,750.0
1527,743,32,739.0,14.0,,,758,31,762.0,24.0,,,750.5
1528,746,38,745.0,24.0,,,759,28,760.0,26.0,,,752.5
1529,752,38,749.0,15.0,,,761,39,764.0,19.0,,,756.5
1530,750,40,747.0,21.0,744.0,12.0,761,34,764.0,11.0,767.0,13.0,755.5
1531,749,19,745.0,16.0,,,757,28,761.0,26.0,,,753.0
1532,748,24,746.0,27.0,,,759,18,761.0,16.0,,,753.5
1533,746,37,,,,,756,29,,,,,751.0
1534,746,33,743.0,19.0,,,764,28,767.0,18.0,,,755.0
1535,747,38,745.0,13.0,,,756,16,758.0,20.0,,,751.5
1536,743,15,740.0,21.0,,,752,26,755.0,19.0,,,747.5
1537,738,15,736.0,12.0,,,751,37,753.0,16.0,,,744.5
1538,735,28,733.0,30.0,,,748,29,750.0,27.0,,,741.5
1539,738,33,734.0,16.0,733.0,15.0,753,32,757.0,20.0,758.0,6.0,745.5
1540,747,18,743.0,13.0,,,753,20,757.0,23.0,,,750.0
1541,743,19,738.0,18.0,734.0,9.0,759,28,764.0,22.0,768.0,5.0,751.0
1542,744,39,,,,,758,29,,,,,751.0
1544,749,23,748.0,29.0,743.0,20.0,761,25,762.0,21.0,767.0,14.0,755.0
1545,749,21,746.0,16.0,,,761,22,764.0,30.0,,,755.0
1546,752,25,749.0,27.0,,,764,24,767.0,27.0,,,758.0
1547,752,33,749.0,10.0,,,759,17,762.0,28.0,,,755.5
1548,750,17,748.0,30.0,,,763,24,765.0,10.0,,,756.5
1549,752,30,748.0,16.0,,,764,37,768.0,17.0,,,758.0
1550,752,33,750.0,23.0,,,762,34,764.0,16.0,,,757.0
1551,748,28,746.0,17.0,,,758,16,760.0,10.0,,,753.0
1552,744,26,740.0,21.0,,,764,39,768.0,20.0,,,754.0
1553,750,40,748.0,13.0,,,764,37,766.0,25.0,,,757.0
1554,748,15,746.0,20.0,,,763,18,765.0,14.0,,,755.5
1555,748,16,745.0,22.0,,,761,33,764.0,13.0,,,754.5
1556,745,24,743.0,28.0,,,762,22,764.0,14.0,,,753.5
1557,748,26,744.0,29.0,,,763,20,767.0,19.0,,,755.5
1558,754,15,750.0,29.0,,,765,20,769.0,23.0,,,759.5
1559,755,28,753.0,12.0,748.0,11.0,769,33,771.0,28.0,776.0,15.0,762.0
1560,759,28,756.0,19.0,,,769,39,772.0,27.0,,,764.0
1561,759,20,755.0,16.0,,,772,36,776.0,20.0,,,765.5
1562,760,25,758.0,30.0,,,775,21,777.0,26.0,,,767.5
1563,766,29,764.0,20.0,,,782,16,784.0,14.0,,,774.0
1569,764,39,761.0,17.0,,,783,35,786.0,28.0,,,773.5
1566,769,24,767.0,24.0,,,777,32,779.0,10.0,,,773.0
1567,774,16,770.0,18.0,,,781,25,785.0,21.0,,,777.5
1568,768,37,766.0,20.0,,,782,27,784.0,13.0,,,775.0
1564,768,37,763.0,13.0,,,781,31,786.0,30.0,,,774.5
1570,769,27,765.0,27.0,,,781,20,785.0,15.0,,,775.0
1571,770,37,766.0,21.0,,,780,15,784.0,22.0,,,775.0
1572,772,38,769.0,26.0,,,787,20,790.0,24.0,,,779.5
1573,773,31,,,,,786,22,,,,,779.5
1574,774,25,771.0,24.0,,,788,27,791.0,20.0,,,781.0
1575,772,22,769.0,23.0,767.0,11.0,788,34,791.0,11.0,793.0,19.0,780.0
1576,772,40,770.0,15.0,768.0,15.0,785,22,787.0,17.0,789.0,14.0,778.5
1577,780,40,777.0,18.0,,,790,31,793.0,29.0,,,785.0
1578,785,31,784.0,24.0,,,791,15,792.0,16.0,,,788.0
1579,781,36,777.0,27.0,,,792,27,796.0,22.0,,,786.5
1580,783,24,780.0,22.0,,,798,24,801.0,29.0,,,790.5
1581,780,20,776.0,15.0,,,797,27,801.0,23.0,,,788.5
1582,778,19,775.0,13.0,771.0,11.0,791,39,794.0,30.0,798.0,11.0,784.5
1587,784,20,780.0,11.0,,,798,20,802.0,17.0,,,791.0
1584,777,25,774.0,14.0,,,791,25,794.0,15.0,,,784.0
1585,783,36,781.0,15.0,,,795,15,797.0,30.0,,,789.0
1586,788,19,786.0,12.0,,,796,26,798.0,19.0,,,792.0
1583,778,37,776.0,24.0,,,792,17,794.0,17.0,,,785.0
1588,785,21,,,,,800,20,,,,,792.5
1589,785,28,782.0,17.0,,,799,28,802.0,26.0,,,792.0
1590,781,36,776.0,25.0,774.0,9.0,797,16,802.0,22.0,804.0,12.0,789.0
1591,781,28,779.0,11.0,775.0,19.0,793,40,795.0,22.0,799.0,6.0,787.0
1592,775,27,772.0,28.0,,,787,21,790.0,14.0,,,781.0
1593,778,33,773.0,15.0,,,787,23,792.0,27.0,,,782.5
1594,778,23,775.0,23.0,,,787,34,790.0,11.0,,,782.5
1595,774,20,771.0,11.0,,,786,27,789.0,27.0,,,780.0
1596,778,31,774.0,14.0,772.0,14.0,790,22,794.0,22.0,796.0,10.0,784.0
1597,785,34,783.0,25.0,,,793,29,795.0,26.0,,,789.0
1598,784,34,780.0,17.0,,,796,23,800.0,27.0,,,790.0
1599,780,26,775.0,23.0,,,797,31,802.0,18.0,,,788.5
1600,783,22,779.0,28.0,,,793,39,797.0,18.0,,,788.0
1601,783,39,781.0,21.0,,,797,18,799.0,18.0,,,790.0
1602,781,40,779.0,29.0,,,797,37,799.0,23.0,,,789.0
1603,776,27,772.0,16.0,,,792,39,796.0,25.0,,,784.0
1604,777,36,773.0,17.0,,,785,19,789.0,16.0,,,781.0
1605,774,32,770.0,22.0,,,782,22,786.0,29.0,,,778.0
1606,773,16,769.0,12.0,,,782,18,786.0,25.0,,,777.5
1607,773,38,771.0,25.0,,,784,29,786.0,18.0,,,778.5
1608,772,17,769.0,26.0,,,786,29,789.0,10.0,,,779.0
1609,770,33,766.0,15.0,,,785,34,789.0,21.0,,,777.5
1610,769,37,764.0,17.0,,,784,29,789.0,22.0,,,776.5
1611,770,32,768.0,24.0,,,775,17,777.0,15.0,,,772.5
1612,765,28,761.0,16.0,,,780,30,784.0,27.0,,,772.5
1613,767,20,764.0,14.0,,,781,23,784.0,22.0,,,774.0
1614,772,20,768.0,14.0,,,780,31,784.0,16.0,,,776.0
1615,772,27,769.0,20.0,,,782,30,785.0,25.0,,,777.0
1616,777,30,772.0,15.0,,,787,26,792.0,26.0,,,782.0
1617,776,25,773.0,20.0,770.0,8.0,786,25,789.0,27.0,792.0,6.0,781.0
1618,777,35,775.0,28.0,773.0,8.0,785,16,787.0,23.0,789.0,5.0,781.0
1619,775,35,772.0,13.0,,,786,24,789.0,20.0,,,780.5
1620,777,34,773.0,27.0,,,790,33,794.0,11.0,,,783.5
1621,778,36,777.0,26.0,,,792,31,793.0,23.0,,,785.0
1622,782,33,778.0,28.0,,,788,19,792.0,13.0,,,785.0
1623,777,23,776.0,22.0,,,786,40,787.0,16.0,,,781.5
1624,775,35,772.0,22.0,,,787,15,790.0,14.0,,,781.0
1625,776,18,772.0,27.0,770.0,10.0,791,40,795.0,22.0,797.0,8.0,783.5
1626,781,16,778.0,30.0,,,790,23,793.0,20.0,,,785.5
1627,781,16,778.0,17.0,,,792,19,795.0,16.0,,,786.5
1628,780,39,778.0,22.0,,,794,18,796.0,25.0,,,787.0
1629,777,26,773.0,20.0,,,793,39,797.0,12.0,,,785.0
1630,782,37,779.0,15.0,775.0,17.0,796,24,799.0,24.0,803.0,7.0,789.0
1631,782,32,780.0,18.0,,,796,19,798.0,19.0,,,789.0
1632,785,16,782.0,17.0,,,795,32,798.0,26.0,,,790.0
1633,785,38,784.0,14.0,,,794,38,795.0,20.0,,,789.5
1634,786,34,782.0,26.0,,,799,37,803.0,14.0,,,792.5
1635,786,20,785.0,11.0,,,799,38,800.0,23.0,,,792.5
1636,788,35,786.0,22.0,783.0,5.0,799,35,801.0,10.0,804.0,17.0,793.5
1637,780,28,778.0,17.0,,,799,33,801.0,26.0,,,789.5
1638,786,22,782.0,30.0,,,795,16,799.0,30.0,,,790.5
1639,787,25,785.0,27.0,,,796,28,798.0,23.0,,,791.5
1640,786,18,782.0,28.0,,,802,17,806.0,17.0,,,794.0
1641,787,36,784.0,12.0,780.0,20.0,799,35,802.0,10.0,806.0,5.0,793.0
1642,790,29,787.0,26.0,,,800,39,803.0,16.0,,,795.0
1643,790,18,786.0,16.0,,,804,25,808.0,10.0,,,797.0
1644,791,22,786.0,14.0,,,805,40,810.0,16.0,,,798.0
1645,790,27,788.0,14.0,,,801,25,803.0,18.0,,,795.5
1646,788,37,785.0,16.0,,,801,30,804.0,11.0,,,794.5
1647,788,24,784.0,14.0,,,800,32,804.0,19.0,,,794.0
1648,778,29,775.0,29.0,,,797,37,800.0,21.0,,,787.5
1649,775,34,772.0,22.0,,,794,26,797.0,15.0,,,784.5
1650,778,32,775.0,16.0,,,788,30,791.0,13.0,,,783.0
1651,776,19,775.0,15.0,,,786,25,787.0,17.0,,,781.0
1652,776,19,775.0,24.0,,,790,18,791.0,13.0,,,783.0
1653,775,35,774.0,13.0,,,785,32,786.0,23.0,,,780.0
1654,775,16,772.0,18.0,,,788,22,791.0,23.0,,,781.5
1655,776,26,773.0,22.0,,,785,15,788.0,29.0,,,780.5
1656,772,19,767.0,30.0,,,780,28,785.0,12.0,,,776.0
1657,772,37,770.0,12.0,,,786,35,788.0,28.0,,,779.0
1658,773,28,770.0,13.0,,,787,34,790.0,11.0,,,780.0
1659,777,39,774.0,11.0,770.0,13.0,789,19,792.0,14.0,796.0,19.0,783.0
1660,775,18,772.0,16.0,,,790,22,793.0,20.0,,,782.5
1661,778,17,774.0,24.0,,,788,21,792.0,17.0,,,783.0
1662,771,19,767.0,22.0,,,784,30,788.0,25.0,,,777.5
1663,774,35,771.0,22.0,,,785,38,788.0,18.0,,,779.5
1664,774,15,770.0,23.0,,,786,36,790.0,28.0,,,780.0
1665,769,39,764.0,28.0,,,785,24,790.0,11.0,,,777.0
1666,771,22,768.0,29.0,,,782,30,785.0,17.0,,,776.5
1667,770,35,767.0,25.0,,,783,34,786.0,29.0,,,776.5
1668,768,37,765.0,27.0,764.0,15.0,785,20,788.0,28.0,789.0,7.0,776.5
1669,768,25,765.0,10.0,,,782,17,785.0,16.0,,,775.0
1670,773,21,771.0,21.0,,,785,38,787.0,17.0,,,779.0
1671,773,26,,,,,784,32,,,,,778.5
1672,777,25,,,,,786,35,,,,,781.5
1673,782,37,779.0,16.0,,,794,24,797.0,14.0,,,788.0
1674,780,19,779.0,22.0,,,792,34,793.0,26.0,,,786.0
1675,781,30,777.0,25.0,,,795,22,799.0,18.0,,,788.0
1676,783,21,,,,,798,22,,,,,790.5
1677,784,18,780.0,27.0,,,797,32,801.0,13.0,,,790.5
1678,784,37,781.0,17.0,,,796,18,799.0,28.0,,,790.0
1679,788,17,785.0,26.0,,,796,19,799.0,10.0,,,792.0
1680,783,15,,,,,797,19,,,,,790.0
1681,791,32,789.0,14.0,,,800,32,802.0,26.0,,,795.5
1682,788,19,785.0,13.0,,,802,22,805.0,27.0,,,795.0
1683,786,17,782.0,30.0,,,798,31,802.0,14.0,,,792.0
1684,788,36,785.0,20.0,,,796,22,799.0,22.0,,,792.0
1685,782,17,778.0,15.0,,,792,40,796.0,17.0,,,787.0
1686,777,34,773.0,22.0,,,792,15,796.0,21.0,,,784.5
1687,779,19,776.0,19.0,,,793,15,796.0,19.0,,,786.0
1688,784,40,781.0,10.0,,,794,21,797.0,15.0,,,789.0
1689,785,34,781.0,26.0,,,793,29,797.0,16.0,,,789.0
1690,785,28,781.0,20.0,,,794,39,798.0,28.0,,,789.5
1691,784,38,780.0,28.0,,,795,16,799.0,29.0,,,789.5
1692,786,15,783.0,16.0,,,797,29,800.0,22.0,,,791.5
1693,783,18,780.0,28.0,,,795,15,798.0,17.0,,,789.0
1694,780,29,777.0,29.0,,,795,26,798.0,15.0,,,787.5
1695,784,39,781.0,13.0,,,792,40,795.0,20.0,,,788.0
1696,784,32,780.0,27.0,,,793,19,797.0,29.0,,,788.5
1698,778,18,775.0,23.0,,,790,40,793.0,16.0,,,784.0
1699,783,34,781.0,23.0,,,790,19,792.0,15.0,,,786.5
1700,777,32,,,,,794,32,,,,,785.5
1701,779,37,775.0,25.0,,,794,20,798.0,23.0,,,786.5
1702,774,21,771.0,29.0,767.0,6.0,787,40,790.0,17.0,794.0,11.0,780.5
1703,772,20,769.0,19.0,,,787,37,790.0,11.0,,,779.5
1704,777,17,775.0,24.0,,,783,28,785.0,15.0,,,780.0
1705,779,32,775.0,13.0,,,788,40,792.0,27.0,,,783.5
1706,780,31,778.0,23.0,,,790,30,792.0,14.0,,,785.0
1707,781,16,778.0,27.0,,,796,26,799.0,17.0,,,788.5
1708,783,16,781.0,20.0,,,793,18,795.0,11.0,,,788.0
1709,787,16,783.0,14.0,,,798,25,802.0,19.0,,,792.5
1710,783,24,779.0,19.0,,,792,28,796.0,11.0,,,787.5
1711,787,31,784.0,10.0,,,796,20,799.0,21.0,,,791.5
1712,782,22,781.0,30.0,,,804,40,805.0,11.0,,,793.0
1713,780,18,776.0,12.0,772.0,17.0,791,25,795.0,26.0,799.0,20.0,785.5
1714,777,29,,,,,792,28,,,,,784.5
1715,781,29,777.0,21.0,,,795,31,799.0,16.0,,,788.0
1716,784,29,782.0,19.0,,,795,16,797.0,14.0,,,789.5
1718,776,17,772.0,27.0,,,792,18,796.0,28.0,,,784.0
1719,779,38,775.0,13.0,,,787,33,791.0,20.0,,,783.0
1720,777,27,773.0,16.0,,,791,37,795.0,14.0,,,784.0
1721,774,30,,,,,787,15,,,,,780.5
1722,777,37,774.0,19.0,,,789,16,792.0,18.0,,,783.0
1723,779,40,777.0,13.0,775.0,17.0,786,31,788.0,19.0,790.0,16.0,782.5
1724,778,34,775.0,30.0,,,791,35,794.0,30.0,,,784.5
1725,780,36,776.0,13.0,,,785,33,789.0,21.0,,,782.5
1726,781,27,777.0,20.0,,,794,28,798.0,28.0,,,787.5
1727,784,31,,,,,793,28,,,,,788.5
1728,778,20,775.0,13.0,,,792,34,795.0,29.0,,,785.0
1729,778,15,,,,,795,36,,,,,786.5
1730,785,18,781.0,12.0,,,792,18,796.0,23.0,,,788.5
1731,783,23,,,,,799,34,,,,,791.0
1732,786,24,783.0,13.0,,,796,39,799.0,17.0,,,791.0
1733,782,26,781.0,19.0,,,797,21,798.0,20.0,,,789.5
1734,787,37,781.0,24.0,,,798,39,804.0,11.0,,,792.5
1735,786,33,784.0,27.0,781.0,12.0,795,29,797.0,29.0,800.0,11.0,790.5
1736,784,33,781.0,28.0,779.0,7.0,791,39,794.0,15.0,796.0,13.0,787.5
1737,783,16,780.0,28.0,,,795,18,798.0,14.0,,,789.0
1738,783,38,780.0,10.0,,,796,20,799.0,24.0,,,789.5
1739,788,18,783.0,14.0,,,798,33,803.0,17.0,,,793.0
1740,790,18,787.0,17.0,,,799,40,802.0,23.0,,,794.5
1741,788,38,786.0,30.0,,,801,25,803.0,18.0,,,794.5
1742,790,28,788.0,23.0,,,800,25,802.0,16.0,,,795.0
1743,788,23,784.0,27.0,,,794,36,798.0,16.0,,,791.0
1744,789,28,786.0,11.0,,,799,22,802.0,21.0,,,794.0
1745,783,16,780.0,17.0,,,799,26,802.0,12.0,,,791.0
1746,788,30,786.0,22.0,,,798,17,800.0,17.0,,,793.0
1747,788,23,785.0,28.0,,,800,36,803.0,10.0,,,794.0
1748,790,28,788.0,30.0,784.0,19.0,796,34,798.0,29.0,802.0,18.0,793.0
1749,790,23,785.0,25.0,,,806,23,811.0,14.0,,,798.0
1750,790,24,786.0,19.0,,,800,20,804.0,15.0,,,795.0
1751,789,25,785.0,28.0,,,801,23,805.0,17.0,,,795.0
1752,790,24,788.0,26.0,,,801,32,803.0,15.0,,,795.5
1753,795,38,792.0,10.0,,,806,35,809.0,19.0,,,800.5
1754,791,27,788.0,25.0,,,807,39,810.0,12.0,,,799.0
1755,792,23,788.0,10.0,785.0,14.0,803,38,807.0,14.0,810.0,11.0,797.5
1756,798,34,794.0,30.0,,,812,22,816.0,28.0,,,805.0
1757,801,23,796.0,21.0,794.0,19.0,818,36,823.0,23.0,825.0,20.0,809.5
1758,804,30,803.0,19.0,,,817,30,818.0,29.0,,,810.5
1759,802,29,798.0,27.0,,,811,36,815.0,20.0,,,806.5
1760,801,25,798.0,15.0,,,810,25,813.0,25.0,,,805.5
1761,801,35,798.0,30.0,,,812,37,815.0,15.0,,,806.5
1762,798,30,793.0,19.0,,,814,16,819.0,28.0,,,806.0
1763,805,39,802.0,23.0,799.0,17.0,816,20,819.0,23.0,822.0,13.0,810.5
1764,800,37,799.0,16.0,,,815,25,816.0,30.0,,,807.5
1765,797,16,793.0,19.0,,,811,35,815.0,20.0,,,804.0
1766,801,24,800.0,25.0,,,816,36,817.0,30.0,,,808.5
1767,801,25,,,,,809,29,,,,,805.0
1768,799,21,797.0,19.0,,,816,20,818.0,13.0,,,807.5
1769,798,18,796.0,26.0,,,812,34,814.0,20.0,,,805.0
1770,799,24,796.0,23.0,,,808,32,811.0,17.0,,,803.5
1772,794,20,791.0,27.0,,,803,21,806.0,20.0,,,798.5
1773,795,24,793.0,12.0,,,809,20,811.0,28.0,,,802.0
1774,792,31,789.0,22.0,,,802,35,805.0,12.0,,,797.0
1775,793,21,790.0,10.0,787.0,20.0,804,35,807.0,11.0,810.0,19.0,798.5
1776,787,34,783.0,29.0,,,804,29,808.0,24.0,,,795.5
1777,792,24,790.0,26.0,,,805,20,807.0,12.0,,,798.5
1778,796,23,794.0,18.0,,,807,20,809.0,13.0,,,801.5
1779,797,34,794.0,10.0,,,808,29,811.0,10.0,,,802.5
1780,796,15,794.0,18.0,,,803,39,805.0,22.0,,,799.5
1781,790,37,787.0,16.0,,,802,15,805.0,21.0,,,796.0
1782,787,33,784.0,12.0,,,802,21,805.0,23.0,,,794.5
1783,791,40,788.0,21.0,,,800,36,803.0,23.0,,,795.5
1784,789,20,786.0,18.0,,,798,36,801.0,18.0,,,793.5
1785,790,39,787.0,21.0,,,804,37,807.0,19.0,,,797.0
1786,788,35,786.0,17.0,,,801,39,803.0,21.0,,,794.5
1787,790,28,787.0,25.0,,,805,19,808.0,14.0,,,797.5
1788,789,34,787.0,10.0,785.0,17.0,793,32,795.0,19.0,797.0,19.0,791.0
1789,789,37,,,,,799,26,,,,,794.0
1790,792,25,789.0,30.0,,,804,34,807.0,27.0,,,798.0
1791,795,28,791.0,22.0,,,805,23,809.0,26.0,,,800.0
1792,802,35,798.0,18.0,,,810,33,814.0,25.0,,,806.0
1793,802,16,801.0,21.0,,,813,17,814.0,30.0,,,807.5
1794,797,17,793.0,25.0,,,811,36,815.0,17.0,,,804.0
1795,795,24,,,,,811,21,,,,,803.0
1796,799,19,796.0,15.0,,,811,19,814.0,18.0,,,805.0
1797,804,31,802.0,10.0,,,806,30,808.0,15.0,,,805.0
1798,796,16,793.0,17.0,,,806,32,809.0,15.0,,,801.0
1799,800,25,797.0,25.0,,,810,25,813.0,21.0,,,805.0
1800,797,32,795.0,17.0,,,812,29,814.0,12.0,,,804.5
1801,794,24,791.0,16.0,,,810,33,813.0,11.0,,,802.0
1802,797,28,794.0,18.0,,,805,21,808.0,16.0,,,801.0
1803,793,16,791.0,24.0,,,799,27,801.0,20.0,,,796.0
1804,789,27,788.0,13.0,,,799,24,800.0,18.0,,,794.0
1805,790,15,789.0,12.0,,,797,40,798.0,28.0,,,793.5
1806,783,40,779.0,29.0,,,795,26,799.0,13.0,,,789.0
1807,778,39,775.0,17.0,,,793,26,796.0,27.0,,,785.5
1808,776,39,775.0,28.0,772.0,15.0,785,35,786.0,11.0,789.0,17.0,780.5
1809,770,25,,,,,786,22,,,,,778.0
1810,776,32,772.0,28.0,,,783,20,787.0,18.0,,,779.5
1811,772,29,,,,,783,15,,,,,777.5
1812,770,29,,,,,781,39,,,,,775.5
1813,767,39,765.0,18.0,,,781,22,783.0,23.0,,,774.0
1818,776,39,773.0,29.0,,,787,18,790.0,28.0,,,781.5
1815,775,35,772.0,22.0,,,787,25,790.0,12.0,,,781.0
1816,770,37,767.0,13.0,,,786,32,789.0,12.0,,,778.0
1817,778,35,776.0,13.0,,,787,34,789.0,27.0,,,782.5
1814,773,37,771.0,24.0,,,784,38,786.0,15.0,,,778.5
1819,779,23,775.0,22.0,,,789,39,793.0,15.0,,,784.0
1820,783,26,781.0,30.0,,,791,29,793.0,21.0,,,787.0
1821,777,37,774.0,15.0,771.0,20.0,789,34,792.0,11.0,795.0,8.0,783.0
1822,783,23,781.0,21.0,,,789,15,791.0,20.0,,,786.0
1823,781,19,778.0,24.0,,,792,25,795.0,12.0,,,786.5
1824,779,26,778.0,14.0,,,791,33,792.0,21.0,,,785.0
1825,776,21,772.0,17.0,,,792,17,796.0,14.0,,,784.0
1826,781,31,778.0,14.0,,,788,30,791.0,23.0,,,784.5
1827,775,16,774.0,10.0,,,786,15,787.0,21.0,,,780.5
1828,772,18,769.0,21.0,,,784,23,787.0,12.0,,,778.0
1829,775,16,,,,,785,36,,,,,780.0
1830,773,19,770.0,25.0,,,789,17,792.0,26.0,,,781.0
1831,777,17,773.0,14.0,,,788,26,792.0,19.0,,,782.5
1832,775,22,774.0,24.0,771.0,7.0,788,37,789.0,20.0,792.0,6.0,781.5
1833,778,21,774.0,10.0,,,787,22,791.0,21.0,,,782.5
1834,781,26,779.0,15.0,,,794,28,796.0,19.0,,,787.5
1835,782,26,781.0,25.0,,,793,16,794.0,25.0,,,787.5
1836,785,31,782.0,10.0,,,795,17,798.0,13.0,,,790.0
1837,787,29,785.0,19.0,,,802,36,804.0,28.0,,,794.5
1838,783,19,781.0,14.0,,,798,36,800.0,16.0,,,790.5
1839,785,27,780.0,10.0,,,797,23,802.0,26.0,,,791.0
1840,788,29,787.0,26.0,,,799,37,800.0,27.0,,,793.5
1841,791,16,788.0,28.0,,,799,31,802.0,12.0,,,795.0
1842,790,36,788.0,12.0,,,796,38,798.0,21.0,,,793.0
1843,785,33,783.0,21.0,,,802,37,804.0,21.0,,,793.5
1844,790,18,788.0,13.0,,,803,27,805.0,17.0,,,796.5
1845,789,29,786.0,12.0,,,803,19,806.0,18.0,,,796.0
1846,788,19,786.0,30.0,,,803,37,805.0,21.0,,,795.5
1847,791,26,789.0,14.0,,,803,30,805.0,12.0,,,797.0
1848,798,15,796.0,19.0,,,808,27,810.0,22.0,,,803.0
1849,798,17,795.0,19.0,,,809,21,812.0,24.0,,,803.5
1850,796,40,793.0,22.0,,,814,22,817.0,19.0,,,805.0
1851,798,38,795.0,14.0,,,811,24,814.0,30.0,,,804.5
1852,799,40,796.0,23.0,,,808,27,811.0,18.0,,,803.5
1853,795,24,791.0,26.0,788.0,17.0,811,31,815.0,13.0,818.0,6.0,803.0
1854,797,18,795.0,10.0,792.0,20.0,801,21,803.0,22.0,806.0,15.0,799.0
1855,794,23,790.0,17.0,,,809,35,813.0,29.0,,,801.5
1856,797,25,795.0,25.0,,,812,16,814.0,20.0,,,804.5
1857,800,31,798.0,25.0,,,813,29,815.0,18.0,,,806.5
1858,803,26,802.0,12.0,,,817,21,818.0,28.0,,,810.0
1859,796,40,793.0,17.0,,,811,31,814.0,15.0,,,803.5
1860,802,30,799.0,27.0,,,814,31,817.0,10.0,,,808.0
1861,802,23,798.0,27.0,,,815,34,819.0,27.0,,,808.5
1862,800,36,798.0,15.0,,,812,29,814.0,21.0,,,806.0
1863,799,35,795.0,24.0,,,814,22,818.0,20.0,,,806.5
1864,802,31,798.0,26.0,795.0,19.0,816,15,820.0,12.0,823.0,6.0,809.0
1865,801,36,799.0,25.0,,,809,16,811.0,19.0,,,805.0
1866,805,16,803.0,13.0,,,814,25,816.0,17.0,,,809.5
1867,797,23,791.0,26.0,,,817,24,823.0,29.0,,,807.0
1868,804,25,,,,,814,38,,,,,809.0
1869,809,26,806.0,18.0,,,822,21,825.0,21.0,,,815.5
1870,813,25,809.0,24.0,,,820,28,824.0,17.0,,,816.5
1871,810,27,807.0,25.0,,,825,32,828.0,13.0,,,817.5
1872,811,36,807.0,14.0,,,826,32,830.0,24.0,,,818.5
1873,816,39,812.0,24.0,,,828,22,832.0,13.0,,,822.0
1874,813,34,809.0,26.0,,,826,16,830.0,26.0,,,819.5
1875,819,33,816.0,22.0,,,833,38,836.0,10.0,,,826.0
1876,813,15,810.0,28.0,,,825,20,828.0,28.0,,,819.0
1877,811,31,807.0,30.0,,,826,16,830.0,26.0,,,818.5
1878,812,33,810.0,27.0,,,824,27,826.0,16.0,,,818.0
1879,812,18,809.0,20.0,,,824,15,827.0,21.0,,,818.0
1880,812,35,809.0,26.0,806.0,7.0,822,23,825.0,19.0,828.0,16.0,817.0
1881,813,23,811.0,29.0,,,820,19,822.0,10.0,,,816.5
1882,805,29,803.0,23.0,,,818,30,820.0,20.0,,,811.5
1883,806,21,802.0,17.0,799.0,11.0,817,35,821.0,27.0,824.0,20.0,811.5
1884,808,34,804.0,27.0,,,819,24,823.0,24.0,,,813.5
1885,802,35,798.0,14.0,,,817,26,821.0,10.0,,,809.5
1886,808,24,804.0,14.0,,,818,21,822.0,26.0,,,813.0
1887,807,36,805.0,24.0,,,821,31,823.0,15.0,,,814.0
1888,806,38,803.0,22.0,,,818,33,821.0,18.0,,,812.0
1889,803,40,800.0,17.0,,,816,25,819.0,11.0,,,809.5
1890,802,19,799.0,27.0,,,810,25,813.0,26.0,,,806.0
1891,800,20,797.0,14.0,,,813,33,816.0,10.0,,,806.5
1892,798,40,795.0,11.0,,,810,21,813.0,24.0,,,804.0
1893,795,37,791.0,29.0,,,813,22,817.0,27.0,,,804.0
1894,797,20,,,,,807,29,,,,,802.0
1895,792,26,789.0,28.0,786.0,18.0,807,38,810.0,23.0,813.0,5.0,799.5
1897,786,23,783.0,30.0,,,801,15,804.0,18.0,,,793.5
1898,787,39,786.0,13.0,,,797,22,798.0,18.0,,,792.0
1899,786,15,783.0,27.0,,,798,29,801.0,21.0,,,792.0
1900,786,40,782.0,24.0,777.0,15.0,800,20,804.0,12.0,809.0,12.0,793.0
1901,781,16,779.0,16.0,,,799,16,801.0,21.0,,,790.0
1902,782,19,778.0,28.0,,,797,37,801.0,28.0,,,789.5
1905,782,25,779.0,27.0,,,790,27,793.0,18.0,,,786.0
1904,781,37,779.0,25.0,,,790,16,792.0,29.0,,,785.5
1903,780,21,777.0,23.0,,,792,37,795.0,12.0,,,786.0
1906,783,32,779.0,15.0,,,801,37,805.0,15.0,,,792.0
1907,781,21,779.0,17.0,,,796,25,798.0,21.0,,,788.5
1908,787,40,783.0,20.0,,,796,27,800.0,23.0,,,791.5
1909,787,37,784.0,26.0,,,797,33,800.0,29.0,,,792.0
1910,786,35,784.0,20.0,,,798,28,800.0,11.0,,,792.0
1911,787,38,784.0,12.0,782.0,9.0,799,19,802.0,23.0,804.0,16.0,793.0
1912,784,21,782.0,23.0,,,803,22,805.0,10.0,,,793.5
1913,787,23,781.0,25.0,,,798,18,804.0,30.0,,,792.5
1914,789,23,786.0,16.0,,,804,21,807.0,22.0,,,796.5
1915,790,17,,,,,802,36,,,,,796.0
1916,792,19,789.0,15.0,,,802,40,805.0,13.0,,,797.0
1917,787,26,785.0,30.0,,,797,20,799.0,10.0,,,792.0
1918,780,40,776.0,23.0,,,797,21,801.0,21.0,,,788.5
1919,781,21,777.0,13.0,,,794,32,798.0,11.0,,,787.5
1920,781,34,778.0,11.0,772.0,7.0,797,36,800.0,27.0,806.0,7.0,789.0
1921,780,22,777.0,20.0,,,793,15,796.0,15.0,,,786.5
1922,779,17,,,,,790,38,,,,,784.5
1923,775,40,772.0,13.0,768.0,16.0,785,33,788.0,26.0,792.0,9.0,780.0
1924,773,39,770.0,18.0,767.0,9.0,789,20,792.0,27.0,795.0,12.0,781.0
1925,772,36,768.0,11.0,,,785,36,789.0,14.0,,,778.5
1926,773,27,769.0,29.0,,,793,34,797.0,29.0,,,783.0
1927,782,33,779.0,20.0,,,790,20,793.0,19.0,,,786.0
1928,780,15,776.0,29.0,,,790,26,794.0,14.0,,,785.0
1929,781,30,778.0,10.0,,,790,30,793.0,29.0,,,785.5
1930,784,39,782.0,14.0,,,790,32,792.0,17.0,,,787.0
1931,775,38,772.0,27.0,,,786,28,789.0,15.0,,,780.5
1932,776,37,773.0,26.0,,,790,28,793.0,11.0,,,783.0
1933,778,26,774.0,20.0,,,787,34,791.0,23.0,,,782.5
1934,780,26,777.0,23.0,,,790,31,793.0,19.0,,,785.0
1935,778,28,,,,,790,34,,,,,784.0
1936,784,35,783.0,13.0,,,790,21,791.0,26.0,,,787.0
1937,787,28,783.0,15.0,,,798,18,802.0,27.0,,,792.5
1938,788,32,786.0,24.0,,,798,17,800.0,17.0,,,793.0
1939,789,33,787.0,26.0,782.0,15.0,802,19,804.0,20.0,809.0,15.0,795.5
1940,789,18,786.0,24.0,781.0,17.0,801,21,804.0,13.0,809.0,6.0,795.0
1941,797,29,794.0,11.0,,,806,23,809.0,23.0,,,801.5
1946,794,32,789.0,23.0,,,804,25,809.0,13.0,,,799.0
1943,794,24,791.0,24.0,,,806,34,809.0,11.0,,,800.0
1944,791,28,787.0,13.0,,,804,18,808.0,17.0,,,797.5
1945,791,22,787.0,12.0,,,803,16,807.0,18.0,,,797.0
1942,795,15,791.0,15.0,,,805,24,809.0,28.0,,,800.0
1947,791,25,,,,,804,27,,,,,797.5
1948,791,21,787.0,21.0,,,802,17,806.0,24.0,,,796.5
1949,788,27,784.0,12.0,,,802,32,806.0,15.0,,,795.0
1950,795,30,793.0,23.0,,,807,26,809.0,13.0,,,801.0
1951,799,35,796.0,10.0,,,808,15,811.0,24.0,,,803.5
1952,804,20,802.0,15.0,,,813,31,815.0,16.0,,,808.5
1953,800,32,797.0,12.0,,,819,36,822.0,22.0,,,809.5
1954,802,23,799.0,26.0,,,815,22,818.0,17.0,,,808.5
1955,805,30,803.0,11.0,,,819,15,821.0,13.0,,,812.0
1956,809,28,808.0,13.0,,,820,28,821.0,27.0,,,814.5
1957,802,16,798.0,30.0,,,816,24,820.0,21.0,,,809.0
1958,806,18,803.0,15.0,,,823,38,826.0,21.0,,,814.5
1959,810,25,806.0,23.0,,,822,22,826.0,27.0,,,816.0
1960,805,19,804.0,13.0,,,820,36,821.0,12.0,,,812.5
1961,808,28,805.0,13.0,,,818,24,821.0,27.0,,,813.0
1963,804,27,801.0,27.0,,,819,26,822.0,16.0,,,811.5
1964,809,15,806.0,20.0,,,819,29,822.0,11.0,,,814.0
1967,809,25,806.0,12.0,803.0,12.0,825,19,828.0,22.0,831.0,19.0,817.0
1966,811,20,,,,,820,21,,,,,815.5
1965,810,39,809.0,23.0,,,817,27,818.0,23.0,,,813.5
1968,815,21,813.0,15.0,,,822,16,824.0,17.0,,,818.5
1969,817,21,815.0,16.0,,,826,32,828.0,27.0,,,821.5
1970,817,27,815.0,19.0,,,830,39,832.0,20.0,,,823.5
1971,822,21,820.0,17.0,,,837,23,839.0,13.0,,,829.5
1972,822,15,818.0,12.0,817.0,7.0,835,23,839.0,28.0,840.0,15.0,828.5
1973,827,19,824.0,21.0,,,836,26,839.0,19.0,,,831.5
1974,827,32,,,,,836,18,,,,,831.5
1975,826,27,825.0,21.0,,,837,21,838.0,20.0,,,831.5
1976,822,40,819.0,11.0,,,839,15,842.0,17.0,,,830.5
1977,826,20,824.0,14.0,,,833,35,835.0,19.0,,,829.5
1978,824,29,822.0,20.0,,,838,39,840.0,19.0,,,831.0
1979,827,28,825.0,25.0,,,841,24,843.0,28.0,,,834.0
1980,831,29,828.0,19.0,,,837,20,840.0,26.0,,,834.0
1981,831,19,828.0,25.0,,,841,21,844.0,26.0,,,836.0
1982,829,33,828.0,10.0,,,839,26,840.0,28.0,,,834.0
1983,828,26,825.0,12.0,,,837,15,840.0,26.0,,,832.5
1984,825,19,823.0,11.0,,,837,27,839.0,15.0,,,831.0
1985,825,30,822.0,12.0,,,837,18,840.0,23.0,,,831.0
1986,823,30,821.0,29.0,,,837,40,839.0,19.0,,,830.0
1987,826,33,823.0,29.0,,,836,38,839.0,30.0,,,831.0
1988,825,19,821.0,10.0,,,839,22,843.0,14.0,,,832.0
1989,825,40,822.0,11.0,817.0,19.0,834,31,837.0,13.0,842.0,9.0,829.5
1990,826,24,,,,,835,40,,,,,830.5
1991,822,17,819.0,26.0,,,837,30,840.0,27.0,,,829.5
1992,820,17,817.0,14.0,,,833,21,836.0,19.0,,,826.5
1993,824,18,821.0,26.0,818.0,19.0,833,16,836.0,21.0,839.0,10.0,828.5
1994,824,37,822.0,15.0,,,837,17,839.0,27.0,,,830.5
1995,820,32,814.0,26.0,,,838,25,844.0,19.0,,,829.0
1996,825,16,823.0,26.0,,,840,26,842.0,30.0,,,832.5
1997,828,24,823.0,23.0,,,842,40,847.0,12.0,,,835.0
1998,836,31,832.0,30.0,828.0,9.0,849,26,853.0,19.0,857.0,8.0,842.5
1999,836,16,833.0,16.0,,,845,26,848.0,11.0,,,840.5
2000,839,30,834.0,18.0,,,851,40,856.0,20.0,,,845.0
2001,840,40,836.0,26.0,,,851,23,855.0,23.0,,,845.5
2002,832,29,828.0,18.0,,,846,36,850.0,28.0,,,839.0
2003,832,23,830.0,20.0,,,846,25,848.0,25.0,,,839.0
2004,833,16,828.0,22.0,,,839,15,844.0,14.0,,,836.0
2005,830,27,827.0,18.0,,,844,19,847.0,19.0,,,837.0
2006,829,16,827.0,14.0,,,838,16,840.0,12.0,,,833.5
2007,826,17,822.0,22.0,,,836,33,840.0,12.0,,,831.0
2008,824,28,820.0,15.0,,,835,26,839.0,18.0,,,829.5
2009,822,34,819.0,24.0,816.0,12.0,833,18,836.0,21.0,839.0,8.0,827.5
2010,823,24,820.0,15.0,817.0,8.0,833,18,836.0,13.0,839.0,17.0,828.0
2011,823,29,820.0,25.0,,,833,15,836.0,12.0,,,828.0
2012,818,18,814.0,26.0,,,832,15,836.0,11.0,,,825.0
2013,821,31,817.0,27.0,,,833,29,837.0,29.0,,,827.0
2014,817,28,,,,,829,20,,,,,823.0
2015,813,34,809.0,26.0,,,824,34,828.0,26.0,,,818.5
2016,814,18,812.0,28.0,,,826,15,828.0,16.0,,,820.0
2017,817,28,814.0,14.0,,,825,23,828.0,11.0,,,821.0
2018,817,35,813.0,10.0,,,826,25,830.0,14.0,,,821.5
2019,814,22,812.0,20.0,,,822,18,824.0,25.0,,,818.0
2020,816,15,813.0,10.0,,,829,40,832.0,17.0,,,822.5
2021,815,33,814.0,28.0,,,823,26,824.0,12.0,,,819.0
2022,813,31,810.0,11.0,,,821,18,824.0,27.0,,,817.0
2023,805,29,801.0,28.0,,,820,39,824.0,29.0,,,812.5
2024,805,29,,,,,813,36,,,,,809.0
2025,805,37,801.0,16.0,,,814,26,818.0,13.0,,,809.5
2026,806,34,802.0,19.0,,,819,29,823.0,12.0,,,812.5
2027,806,33,802.0,30.0,798.0,17.0,819,24,823.0,30.0,827.0,6.0,812.5
2028,804,36,801.0,25.0,798.0,18.0,818,17,821.0,22.0,824.0,8.0,811.0
2029,804,18,800.0,18.0,,,822,39,826.0,29.0,,,813.0
2030,812,20,809.0,29.0,807.0,18.0,816,20,819.0,21.0,821.0,19.0,814.0
2031,808,26,805.0,25.0,,,818,21,821.0,10.0,,,813.0
2032,802,24,800.0,29.0,798.0,20.0,815,23,817.0,15.0,819.0,18.0,808.5
2033,802,34,800.0,30.0,,,816,26,818.0,12.0,,,809.0
2034,806,27,803.0,19.0,,,821,23,824.0,15.0,,,813.5
2035,800,39,796.0,25.0,792.0,5.0,820,17,824.0,18.0,828.0,19.0,810.0
2036,804,15,802.0,18.0,,,816,32,818.0,17.0,,,810.0
2037,804,19,803.0,12.0,,,821,19,822.0,30.0,,,812.5
2038,806,35,804.0,10.0,,,817,23,819.0,20.0,,,811.5
2039,802,22,798.0,23.0,,,814,23,818.0,19.0,,,808.0
2040,805,21,804.0,23.0,,,813,39,814.0,14.0,,,809.0
2041,806,29,804.0,16.0,,,822,32,824.0,28.0,,,814.0
2042,810,18,807.0,30.0,,,825,27,828.0,14.0,,,817.5
2043,811,20,808.0,18.0,805.0,13.0,822,27,825.0,10.0,828.0,5.0,816.5
2044,809,33,806.0,25.0,,,820,15,823.0,21.0,,,814.5
2045,810,22,808.0,21.0,,,821,39,823.0,10.0,,,815.5
2046,811,15,809.0,21.0,806.0,8.0,820,29,822.0,15.0,825.0,9.0,815.5
2047,811,36,808.0,26.0,,,821,40,824.0,27.0,,,816.0
2048,814,25,810.0,22.0,,,823,29,827.0,22.0,,,818.5
2049,812,21,810.0,11.0,808.0,15.0,829,16,831.0,22.0,833.0,5.0,820.5
2050,812,30,810.0,21.0,,,826,37,828.0,19.0,,,819.0
2051,813,24,810.0,21.0,,,824,26,827.0,21.0,,,818.5
2052,809,35,805.0,10.0,,,819,22,823.0,15.0,,,814.0
2053,819,35,816.0,27.0,,,824,38,827.0,24.0,,,821.5
2054,817,36,812.0,10.0,,,828,37,833.0,21.0,,,822.5
2055,810,40,808.0,17.0,,,827,34,829.0,21.0,,,818.5
2056,808,37,804.0,23.0,,,820,30,824.0,23.0,,,814.0
2057,814,39,811.0,27.0,,,822,16,825.0,27.0,,,818.0
2058,806,28,801.0,24.0,,,823,19,828.0,21.0,,,814.5
2059,810,25,808.0,18.0,805.0,8.0,823,33,825.0,27.0,828.0,16.0,816.5
2060,814,38,809.0,30.0,,,824,16,829.0,23.0,,,819.0
2061,812,37,811.0,14.0,,,824,31,825.0,13.0,,,818.0
2062,810,38,,,,,825,30,,,,,817.5
2063,809,39,805.0,12.0,,,828,24,832.0,26.0,,,818.5
2064,811,20,808.0,21.0,,,823,26,826.0,22.0,,,817.0
2065,812,20,,,,,825,32,,,,,818.5
2066,814,23,812.0,24.0,,,822,35,824.0,11.0,,,818.0
2067,814,40,811.0,15.0,,,826,31,829.0,16.0,,,820.0
2069,822,21,819.0,26.0,,,831,36,834.0,25.0,,,826.5
2068,819,23,816.0,14.0,,,826,18,829.0,20.0,,,822.5
2070,823,28,820.0,16.0,,,833,22,836.0,19.0,,,828.0
2071,820,40,818.0,29.0,,,835,33,837.0,15.0,,,827.5
2072,824,20,821.0,12.0,,,838,29,841.0,30.0,,,831.0
2073,830,19,829.0,21.0,,,840,22,841.0,16.0,,,835.0
2074,827,32,823.0,29.0,,,840,25,844.0,19.0,,,833.5
2075,827,31,822.0,20.0,,,843,22,848.0,17.0,,,835.0
2076,826,29,825.0,20.0,,,840,21,841.0,11.0,,,833.0
2077,822,30,819.0,23.0,,,840,26,843.0,17.0,,,831.0
2078,829,23,826.0,17.0,823.0,12.0,838,22,841.0,29.0,844.0,20.0,833.5
2079,822,35,819.0,29.0,,,838,40,841.0,28.0,,,830.0
2080,821,40,820.0,10.0,817.0,17.0,833,29,834.0,19.0,837.0,6.0,827.0
2081,817,27,813.0,24.0,,,829,19,833.0,20.0,,,823.0
2082,816,25,812.0,16.0,,,830,24,834.0,14.0,,,823.0
2083,818,40,814.0,17.0,,,832,16,836.0,17.0,,,825.0
2084,821,30,819.0,13.0,,,831,29,833.0,26.0,,,826.0
2085,819,36,817.0,16.0,,,832,36,834.0,22.0,,,825.5
2086,819,16,815.0,16.0,,,833,39,837.0,13.0,,,826.0
2087,821,19,817.0,25.0,,,831,22,835.0,29.0,,,826.0
2088,821,23,816.0,24.0,,,831,40,836.0,16.0,,,826.0
2089,822,38,818.0,17.0,813.0,12.0,835,23,839.0,21.0,844.0,17.0,828.5
2090,823,27,818.0,19.0,,,833,40,838.0,10.0,,,828.0
2091,825,35,822.0,14.0,,,835,37,838.0,22.0,,,830.0
2092,821,22,817.0,22.0,,,834,35,838.0,18.0,,,827.5
2093,825,33,,,,,838,31,,,,,831.5
2094,825,24,824.0,27.0,,,838,36,839.0,29.0,,,831.5
2095,823,33,822.0,19.0,,,836,33,837.0,10.0,,,829.5
2096,823,34,821.0,20.0,,,834,24,836.0,20.0,,,828.5
2097,817,40,813.0,22.0,,,832,26,836.0,21.0,,,824.5
2098,822,36,818.0,24.0,,,833,34,837.0,30.0,,,827.5
2099,822,39,819.0,10.0,815.0,8.0,837,26,840.0,13.0,844.0,18.0,829.5
2100,824,27,823.0,18.0,,,835,17,836.0,24.0,,,829.5
2101,823,38,820.0,25.0,,,840,22,843.0,29.0,,,831.5
2102,823,30,819.0,12.0,,,837,17,841.0,28.0,,,830.0
2103,823,39,819.0,18.0,,,838,35,842.0,11.0,,,830.5
2104,820,21,815.0,28.0,812.0,15.0,837,34,842.0,27.0,845.0,13.0,828.5
2105,822,17,820.0,19.0,,,834,30,836.0,22.0,,,828.0
2106,822,35,820.0,26.0,,,827,33,829.0,19.0,,,824.5
2107,820,21,818.0,22.0,,,831,22,833.0,15.0,,,825.5
2108,816,16,813.0,30.0,,,832,36,835.0,30.0,,,824.0
2109,819,38,816.0,30.0,,,828,38,831.0,27.0,,,823.5
2110,818,34,816.0,24.0,,,827,29,829.0,28.0,,,822.5
2111,810,17,807.0,16.0,,,825,31,828.0,10.0,,,817.5
2112,809,38,805.0,28.0,,,825,39,829.0,20.0,,,817.0
2113,808,40,804.0,24.0,,,822,31,826.0,25.0,,,815.0
2114,810,40,808.0,27.0,,,823,36,825.0,29.0,,,816.5
2115,807,19,805.0,29.0,,,819,18,821.0,19.0,,,813.0
2116,807,27,803.0,28.0,,,815,31,819.0,10.0,,,811.0
2117,802,31,798.0,13.0,,,816,39,820.0,21.0,,,809.0
2118,804,17,801.0,20.0,,,809,18,812.0,18.0,,,806.5
2119,802,17,798.0,27.0,,,813,37,817.0,17.0,,,807.5
2120,794,36,790.0,12.0,787.0,6.0,811,35,815.0,17.0,818.0,9.0,802.5
2121,795,32,792.0,26.0,,,807,38,810.0,18.0,,,801.0
2122,795,40,793.0,13.0,,,804,17,806.0,28.0,,,799.5
2123,797,37,794.0,26.0,,,802,31,805.0,12.0,,,799.5
2124,792,24,789.0,13.0,,,802,21,805.0,13.0,,,797.0
2125,796,27,793.0,23.0,,,803,37,806.0,26.0,,,799.5
2126,796,23,791.0,12.0,,,812,39,817.0,13.0,,,804.0
2127,802,33,800.0,27.0,,,816,15,818.0,24.0,,,809.0
2128,805,27,804.0,15.0,,,813,19,814.0,12.0,,,809.0
2129,805,30,801.0,27.0,,,816,40,820.0,14.0,,,810.5
2130,804,30,799.0,27.0,,,811,21,816.0,20.0,,,807.5
2131,802,17,800.0,27.0,,,812,35,814.0,27.0,,,807.0
2132,801,37,799.0,22.0,,,816,28,818.0,24.0,,,808.5
2133,802,21,799.0,14.0,,,817,31,820.0,25.0,,,809.5
2134,807,39,804.0,26.0,,,816,17,819.0,19.0,,,811.5
2135,809,33,808.0,27.0,,,812,23,813.0,10.0,,,810.5
2136,801,29,799.0,11.0,,,813,16,815.0,11.0,,,807.0
2137,800,37,,,,,812,31,,,,,806.0
2138,793,32,789.0,11.0,,,808,29,812.0,30.0,,,800.5
2139,797,28,796.0,20.0,,,811,24,812.0,27.0,,,804.0
2140,795,34,792.0,18.0,,,811,19,814.0,17.0,,,803.0
2141,796,27,793.0,21.0,,,806,39,809.0,21.0,,,801.0
2142,794,21,793.0,26.0,,,812,40,813.0,14.0,,,803.0
2143,796,28,791.0,17.0,,,811,34,816.0,29.0,,,803.5
2144,795,17,,,,,810,38,,,,,802.5
2145,796,22,793.0,25.0,,,803,18,806.0,16.0,,,799.5
2148,792,37,788.0,28.0,,,802,28,806.0,20.0,,,797.0
2147,788,27,787.0,21.0,,,803,23,804.0,15.0,,,795.5
2146,792,17,789.0,16.0,,,805,21,808.0,21.0,,,798.5
2149,791,31,790.0,19.0,,,808,19,809.0,24.0,,,799.5
2150,790,23,788.0,15.0,784.0,15.0,805,16,807.0,23.0,811.0,14.0,797.5
2154,789,24,786.0,28.0,,,802,24,805.0,18.0,,,795.5
2152,790,16,787.0,18.0,,,799,22,802.0,30.0,,,794.5
2153,788,32,784.0,28.0,,,801,31,805.0,30.0,,,794.5
2151,790,40,786.0,28.0,,,800,40,804.0,26.0,,,795.0
2155,790,35,785.0,29.0,,,809,35,814.0,14.0,,,799.5
2156,794,39,791.0,13.0,,,805,26,808.0,13.0,,,799.5
2157,792,37,789.0,19.0,,,803,19,806.0,11.0,,,797.5
2158,794,16,790.0,20.0,786.0,8.0,800,36,804.0,10.0,808.0,17.0,797.0
2159,795,19,792.0,28.0,,,805,27,808.0,15.0,,,800.0
2160,793,25,791.0,22.0,,,804,17,806.0,29.0,,,798.5
2161,797,23,796.0,30.0,,,805,17,806.0,28.0,,,801.0
2162,800,38,796.0,10.0,,,805,21,809.0,14.0,,,802.5
2163,792,24,789.0,26.0,,,805,17,808.0,22.0,,,798.5
2164,793,40,789.0,22.0,,,809,30,813.0,17.0,,,801.0
2165,792,29,,,,,809,16,,,,,800.5
2166,793,23,790.0,15.0,,,806,34,809.0,30.0,,,799.5
2167,792,40,789.0,18.0,786.0,7.0,805,24,808.0,10.0,811.0,15.0,798.5
2168,789,26,787.0,15.0,,,803,15,805.0,26.0,,,796.0
2169,789,31,786.0,26.0,,,802,22,805.0,19.0,,,795.5
2170,786,36,783.0,18.0,,,802,24,805.0,27.0,,,794.0
2171,789,35,786.0,25.0,,,802,38,805.0,18.0,,,795.5
2172,795,32,793.0,29.0,,,807,39,809.0,12.0,,,801.0
2173,792,19,788.0,15.0,784.0,5.0,804,28,808.0,10.0,812.0,13.0,798.0
2174,794,40,792.0,12.0,,,808,16,810.0,30.0,,,801.0
2175,803,34,800.0,19.0,,,808,32,811.0,15.0,,,805.5
2176,791,15,788.0,10.0,,,809,16,812.0,21.0,,,800.0
2177,797,20,793.0,10.0,,,811,29,815.0,22.0,,,804.0
2178,796,26,792.0,19.0,789.0,12.0,812,37,816.0,24.0,819.0,18.0,804.0
2179,796,35,792.0,11.0,,,805,27,809.0,14.0,,,800.5
2180,792,36,,,,,806,32,,,,,799.0
2181,787,23,785.0,24.0,,,798,39,800.0,21.0,,,792.5
2182,785,27,782.0,22.0,,,792,34,795.0,10.0,,,788.5
2183,783,27,780.0,23.0,,,800,18,803.0,12.0,,,791.5
2184,788,15,784.0,20.0,,,798,29,802.0,13.0,,,793.0
2185,784,35,781.0,12.0,778.0,15.0,792,18,795.0,27.0,798.0,17.0,788.0
2186,784,30,781.0,22.0,,,792,40,795.0,28.0,,,788.0
2187,781,25,779.0,16.0,,,793,25,795.0,17.0,,,787.0
2188,779,24,775.0,14.0,,,793,37,797.0,11.0,,,786.0
2189,782,32,778.0,14.0,,,792,17,796.0,17.0,,,787.0
2190,782,29,781.0,17.0,,,790,37,791.0,30.0,,,786.0
2191,775,26,772.0,18.0,,,786,18,789.0,15.0,,,780.5
2192,773,35,769.0,10.0,,,782,37,786.0,18.0,,,777.5
2193,768,31,765.0,12.0,,,785,21,788.0,25.0,,,776.5
2194,777,40,775.0,24.0,,,788,36,790.0,29.0,,,782.5
2195,777,26,773.0,16.0,,,787,25,791.0,21.0,,,782.0
2196,771,16,768.0,13.0,,,791,17,794.0,11.0,,,781.0
2197,770,39,768.0,29.0,,,784,39,786.0,28.0,,,777.0
2198,765,18,761.0,10.0,,,781,18,785.0,20.0,,,773.0
2199,768,21,,,,,779,16,,,,,773.5
2200,769,17,766.0,15.0,,,779,20,782.0,15.0,,,774.0
2201,768,25,765.0,12.0,,,790,40,793.0,23.0,,,779.0
2202,770,34,765.0,17.0,,,783,18,788.0,11.0,,,776.5
2203,767,35,765.0,21.0,,,781,20,783.0,18.0,,,774.0
2204,766,25,762.0,14.0,,,779,39,783.0,26.0,,,772.5
2205,764,19,762.0,25.0,759.0,5.0,779,33,781.0,11.0,784.0,20.0,771.5
2206,766,16,763.0,11.0,,,779,15,782.0,20.0,,,772.5
2207,766,19,764.0,29.0,,,778,19,780.0,28.0,,,772.0
2208,769,23,763.0,17.0,,,780,15,786.0,18.0,,,774.5
2209,770,22,766.0,18.0,,,782,39,786.0,10.0,,,776.0
2210,767,35,765.0,22.0,,,780,25,782.0,28.0,,,773.5
2211,771,19,767.0,22.0,,,781,27,785.0,18.0,,,776.0
2212,774,18,773.0,10.0,,,782,21,783.0,24.0,,,778.0
2213,770,37,767.0,17.0,763.0,16.0,786,28,789.0,18.0,793.0,5.0,778.0
2214,773,16,771.0,15.0,768.0,19.0,784,26,786.0,22.0,789.0,8.0,778.5
2215,773,27,769.0,14.0,,,784,34,788.0,20.0,,,778.5
2216,767,19,764.0,11.0,760.0,13.0,782,19,785.0,26.0,789.0,6.0,774.5
2217,766,24,763.0,16.0,,,779,20,782.0,19.0,,,772.5
2218,767,25,763.0,13.0,,,778,22,782.0,29.0,,,772.5
2219,769,15,764.0,17.0,,,779,20,784.0,14.0,,,774.0
2220,769,24,765.0,15.0,761.0,14.0,783,32,787.0,26.0,791.0,17.0,776.0
2221,773,32,772.0,28.0,,,786,38,787.0,26.0,,,779.5
2222,770,32,767.0,22.0,,,787,39,790.0,17.0,,,778.5
2223,775,23,772.0,28.0,,,781,29,784.0,18.0,,,778.0
2224,771,40,769.0,22.0,,,781,18,783.0,12.0,,,776.0
2225,769,40,766.0,16.0,,,785,22,788.0,17.0,,,777.0
2226,770,29,,,,,782,35,,,,,776.0
2227,772,16,770.0,18.0,,,780,16,782.0,15.0,,,776.0
2228,768,24,,,,,775,25,,,,,771.5
2229,765,31,,,,,776,18,,,,,770.5
2230,766,25,761.0,22.0,,,777,18,782.0,18.0,,,771.5
2231,763,29,761.0,28.0,,,774,27,776.0,28.0,,,768.5
2232,763,18,762.0,29.0,,,781,35,782.0,12.0,,,772.0
2233,768,26,766.0,17.0,,,776,25,778.0,17.0,,,772.0
2234,768,39,766.0,23.0,,,781,29,783.0,10.0,,,774.5
2235,767,36,762.0,22.0,,,778,29,783.0,27.0,,,772.5
2236,768,23,764.0,29.0,,,777,20,781.0,26.0,,,772.5
2237,765,21,761.0,11.0,,,776,19,780.0,20.0,,,770.5
2238,765,17,761.0,19.0,,,778,34,782.0,20.0,,,771.5
2239,762,29,759.0,18.0,,,774,39,777.0,26.0,,,768.0
2240,767,28,763.0,12.0,,,777,34,781.0,28.0,,,772.0
2241,763,32,759.0,14.0,,,779,15,783.0,27.0,,,771.0
2242,765,28,762.0,20.0,,,779,16,782.0,20.0,,,772.0
2243,766,22,763.0,16.0,,,772,20,775.0,24.0,,,769.0
2244,769,15,764.0,23.0,,,777,15,782.0,13.0,,,773.0
2247,769,34,765.0,18.0,,,781,24,785.0,24.0,,,775.0
2246,766,16,764.0,19.0,,,778,22,780.0,10.0,,,772.0
2245,768,16,765.0,30.0,,,777,36,780.0,16.0,,,772.5
2248,771,33,767.0,11.0,,,779,32,783.0,27.0,,,775.0
2249,773,40,770.0,20.0,,,783,38,786.0,12.0,,,778.0
2250,779,27,775.0,21.0,770.0,12.0,788,29,792.0,15.0,797.0,19.0,783.5
2251,776,37,775.0,17.0,,,786,25,787.0,17.0,,,781.0
2252,778,38,776.0,18.0,,,788,38,790.0,19.0,,,783.0
2253,777,20,773.0,21.0,,,792,17,796.0,15.0,,,784.5
2254,772,25,770.0,16.0,,,789,40,791.0,28.0,,,780.5
2255,774,32,,,,,790,20,,,,,782.0
2256,777,19,776.0,18.0,,,788,33,789.0,23.0,,,782.5
2257,774,15,770.0,11.0,,,783,34,787.0,18.0,,,778.5
2258,774,16,771.0,27.0,,,787,32,790.0,16.0,,,780.5
2259,773,40,770.0,25.0,,,786,38,789.0,15.0,,,779.5
2260,773,20,,,,,792,26,,,,,782.5
2261,774,20,,,,,790,38,,,,,782.0
2262,773,22,770.0,27.0,,,784,23,787.0,11.0,,,778.5
2263,776,18,772.0,25.0,,,786,21,790.0,10.0,,,781.0
2264,776,19,773.0,30.0,,,788,30,791.0,30.0,,,782.0
2267,771,39,,,,,785,40,,,,,778.0
2266,772,20,769.0,15.0,766.0,5.0,783,34,786.0,19.0,789.0,17.0,777.5
2265,773,33,771.0,28.0,769.0,20.0,783,30,785.0,14.0,787.0,7.0,778.0
2268,767,24,765.0,15.0,762.0,20.0,780,35,782.0,30.0,785.0,17.0,773.5
2269,774,30,772.0,29.0,,,783,37,785.0,18.0,,,778.5
2270,772,25,770.0,29.0,,,789,25,791.0,30.0,,,780.5
2271,775,40,772.0,21.0,,,790,21,793.0,24.0,,,782.5
2272,770,20,767.0,10.0,,,783,15,786.0,21.0,,,776.5
2273,771,24,768.0,26.0,,,783,26,786.0,15.0,,,777.0
2274,767,18,764.0,17.0,761.0,16.0,778,16,781.0,13.0,784.0,19.0,772.5
2275,771,39,767.0,12.0,,,779,29,783.0,17.0,,,775.0
2276,766,33,763.0,18.0,,,781,40,784.0,10.0,,,773.5
2277,770,17,767.0,18.0,,,780,20,783.0,27.0,,,775.0
2278,764,39,761.0,27.0,,,781,17,784.0,24.0,,,772.5
2279,760,37,757.0,21.0,,,774,40,777.0,25.0,,,767.0
2280,759,18,758.0,29.0,,,769,27,770.0,28.0,,,764.0
2281,755,35,752.0,27.0,,,774,27,777.0,22.0,,,764.5
2282,763,33,759.0,16.0,,,775,35,779.0,14.0,,,769.0
2283,760,25,756.0,27.0,,,772,36,776.0,21.0,,,766.0
2284,760,24,759.0,20.0,,,771,33,772.0,13.0,,,765.5
2285,759,25,757.0,13.0,,,766,28,768.0,22.0,,,762.5
2286,756,29,753.0,10.0,,,767,23,770.0,23.0,,,761.5
2287,754,24,751.0,19.0,,,771,28,774.0,22.0,,,762.5
2288,754,37,750.0,15.0,,,762,33,766.0,15.0,,,758.0
2289,750,32,747.0,27.0,,,759,25,762.0,22.0,,,754.5
2290,749,34,747.0,14.0,,,761,18,763.0,19.0,,,755.0
2291,750,26,746.0,13.0,,,763,38,767.0,28.0,,,756.5
2292,754,32,751.0,13.0,749.0,12.0,767,21,770.0,12.0,772.0,13.0,760.5
2293,750,31,748.0,11.0,,,765,34,767.0,10.0,,,757.5
2294,749,32,748.0,13.0,,,760,31,761.0,16.0,,,754.5
2295,749,36,745.0,14.0,,,763,19,767.0,25.0,,,756.0
2296,752,24,751.0,26.0,,,764,22,765.0,16.0,,,758.0
2297,756,20,754.0,28.0,,,767,25,769.0,25.0,,,761.5
2298,758,20,756.0,11.0,,,764,37,766.0,13.0,,,761.0
2299,758,35,755.0,22.0,,,767,16,770.0,23.0,,,762.5
2300,756,36,755.0,19.0,,,769,17,770.0,10.0,,,762.5
2301,754,32,751.0,10.0,,,765,26,768.0,21.0,,,759.5
2302,757,33,756.0,23.0,,,768,34,769.0,20.0,,,762.5
2303,755,24,751.0,14.0,,,766,33,770.0,16.0,,,760.5
2304,755,17,752.0,22.0,,,770,38,773.0,16.0,,,762.5
2305,764,40,761.0,23.0,,,774,32,777.0,18.0,,,769.0
2306,763,21,760.0,30.0,,,772,40,775.0,10.0,,,767.5
2307,759,21,755.0,26.0,,,772,24,776.0,30.0,,,765.5
2308,753,30,,,,,765,33,,,,,759.0
2309,753,22,,,,,760,27,,,,,756.5
2310,756,31,752.0,20.0,748.0,15.0,762,29,766.0,30.0,770.0,14.0,759.0
2311,755,15,752.0,24.0,,,770,19,773.0,25.0,,,762.5
2312,762,16,758.0,20.0,,,768,15,772.0,21.0,,,765.0
2313,759,30,754.0,11.0,,,769,40,774.0,22.0,,,764.0
2314,760,33,758.0,22.0,,,771,23,773.0,30.0,,,765.5
2315,758,38,757.0,30.0,,,769,31,770.0,22.0,,,763.5
2316,759,28,758.0,22.0,,,769,33,770.0,21.0,,,764.0
2317,754,30,750.0,10.0,,,770,24,774.0,14.0,,,762.0
2318,754,40,751.0,12.0,,,764,29,767.0,23.0,,,759.0
2319,752,27,748.0,12.0,,,763,20,767.0,15.0,,,757.5
2320,755,37,751.0,18.0,,,765,22,769.0,16.0,,,760.0
2321,756,16,752.0,23.0,,,768,22,772.0,20.0,,,762.0
2322,757,22,754.0,30.0,751.0,14.0,769,33,772.0,25.0,775.0,15.0,763.0
2323,761,16,758.0,24.0,,,773,29,776.0,28.0,,,767.0
2324,764,29,761.0,13.0,758.0,5.0,779,31,782.0,14.0,785.0,14.0,771.5
2325,770,29,767.0,15.0,,,780,37,783.0,18.0,,,775.0
2326,766,39,763.0,11.0,761.0,5.0,780,32,783.0,20.0,785.0,20.0,773.0
2328,778,34,775.0,28.0,,,787,25,790.0,20.0,,,782.5
2329,781,20,779.0,29.0,,,792,38,794.0,23.0,,,786.5
2330,783,36,781.0,26.0,,,798,40,800.0,15.0,,,790.5
2331,785,20,,,,,798,25,,,,,791.5
2332,789,25,785.0,11.0,,,792,18,796.0,12.0,,,790.5
2333,783,17,779.0,26.0,,,789,24,793.0,11.0,,,786.0
2334,778,15,,,,,791,18,,,,,784.5
2335,781,29,777.0,22.0,,,793,25,797.0,23.0,,,787.0
2336,785,25,782.0,22.0,,,795,22,798.0,28.0,,,790.0
2337,786,28,,,,,800,26,,,,,793.0
2338,783,22,779.0,17.0,,,801,32,805.0,17.0,,,792.0
2339,787,15,,,,,799,28,,,,,793.0
2340,789,40,787.0,18.0,,,802,38,804.0,22.0,,,795.5
2341,782,35,779.0,15.0,,,791,36,794.0,16.0,,,786.5
2342,779,25,777.0,18.0,,,790,40,792.0,10.0,,,784.5
2343,776,31,772.0,23.0,,,789,23,793.0,30.0,,,782.5
2344,776,25,773.0,17.0,,,783,34,786.0,21.0,,,779.5
2345,777,31,776.0,20.0,773.0,7.0,789,33,790.0,15.0,793.0,11.0,783.0
2346,772,25,768.0,23.0,,,786,17,790.0,30.0,,,779.0
2347,777,25,774.0,14.0,,,789,18,792.0,18.0,,,783.0
2348,776,32,771.0,23.0,,,790,39,795.0,27.0,,,783.0
2349,777,30,775.0,21.0,,,792,37,794.0,12.0,,,784.5
2350,780,20,776.0,28.0,771.0,10.0,793,26,797.0,27.0,802.0,5.0,786.5
2351,780,35,777.0,15.0,,,790,22,793.0,22.0,,,785.0
2352,784,16,,,,,790,23,,,,,787.0
2353,783,18,780.0,21.0,,,793,26,796.0,27.0,,,788.0
2354,781,35,779.0,12.0,,,792,30,794.0,18.0,,,786.5
2355,785,19,782.0,27.0,,,796,22,799.0,26.0,,,790.5
2356,785,32,784.0,14.0,,,795,28,796.0,11.0,,,790.0
2357,785,32,782.0,13.0,,,798,23,801.0,17.0,,,791.5
2358,784,30,783.0,16.0,,,795,38,796.0,15.0,,,789.5
2359,784,25,782.0,12.0,,,796,27,798.0,11.0,,,790.0
2360,786,23,783.0,29.0,,,800,35,803.0,19.0,,,793.0
2361,786,39,783.0,10.0,,,799,31,802.0,11.0,,,792.5
2362,788,16,,,,,798,39,,,,,793.0
2363,785,36,,,,,795,23,,,,,790.0
2364,787,24,783.0,12.0,,,802,36,806.0,13.0,,,794.5
2365,786,36,784.0,24.0,,,799,33,801.0,28.0,,,792.5
2366,789,21,786.0,27.0,,,799,19,802.0,27.0,,,794.0
2367,787,33,783.0,10.0,,,801,21,805.0,23.0,,,794.0
2368,781,25,779.0,12.0,,,797,16,799.0,15.0,,,789.0
2369,778,39,774.0,24.0,,,789,21,793.0,23.0,,,783.5
2370,778,22,776.0,14.0,773.0,7.0,789,25,791.0,16.0,794.0,18.0,783.5
2371,778,33,775.0,28.0,,,790,22,793.0,30.0,,,784.0
2372,776,20,773.0,14.0,,,794,31,797.0,20.0,,,785.0
2373,780,28,776.0,15.0,,,794,24,798.0,22.0,,,787.0
2374,777,40,775.0,13.0,,,790,31,792.0,22.0,,,783.5
2375,782,18,779.0,10.0,,,789,17,792.0,25.0,,,785.5
2376,782,35,780.0,19.0,,,790,15,792.0,16.0,,,786.0
2377,779,23,,,,,789,27,,,,,784.0
2378,779,25,776.0,12.0,,,793,20,796.0,18.0,,,786.0
2379,777,39,773.0,20.0,769.0,16.0,790,28,794.0,12.0,798.0,17.0,783.5
2380,776,25,773.0,12.0,,,789,38,792.0,22.0,,,782.5
2381,780,26,777.0,27.0,,,792,29,795.0,18.0,,,786.0
2382,778,18,775.0,29.0,,,788,16,791.0,22.0,,,783.0
2387,789,33,785.0,26.0,,,796,39,800.0,22.0,,,792.5
2384,778,25,774.0,21.0,,,787,19,791.0,26.0,,,782.5
2385,781,31,,,,,794,33,,,,,787.5
2386,787,38,785.0,20.0,,,795,39,797.0,27.0,,,791.0
2383,774,17,770.0,28.0,,,792,22,796.0,22.0,,,783.0
2388,783,16,,,,,797,34,,,,,790.0
2389,786,38,782.0,27.0,,,796,15,800.0,21.0,,,791.0
2390,784,18,780.0,21.0,,,801,37,805.0,13.0,,,792.5
2391,786,30,783.0,29.0,,,796,33,799.0,13.0,,,791.0
2392,782,31,779.0,19.0,,,793,34,796.0,27.0,,,787.5
2393,780,29,778.0,17.0,,,793,34,795.0,30.0,,,786.5
2394,779,19,776.0,19.0,,,794,23,797.0,26.0,,,786.5
2395,779,23,778.0,25.0,,,791,27,792.0,27.0,,,785.0
2396,776,22,773.0,18.0,,,790,17,793.0,24.0,,,783.0
2397,778,22,776.0,20.0,,,793,32,795.0,29.0,,,785.5
2398,783,19,780.0,16.0,,,797,20,800.0,30.0,,,790.0
2399,785,17,782.0,26.0,780.0,19.0,802,28,805.0,20.0,807.0,5.0,793.5
2400,789,24,787.0,19.0,,,802,28,804.0,24.0,,,795.5
2401,789,19,786.0,25.0,,,802,18,805.0,10.0,,,795.5
2402,788,37,787.0,20.0,,,804,22,805.0,14.0,,,796.0
2403,794,40,791.0,11.0,,,803,34,806.0,23.0,,,798.5
2404,797,19,795.0,12.0,,,810,38,812.0,21.0,,,803.5
2405,797,16,794.0,24.0,,,814,35,817.0,22.0,,,805.5
2406,798,24,796.0,19.0,,,808,23,810.0,17.0,,,803.0
2407,802,38,800.0,13.0,,,810,21,812.0,27.0,,,806.0
2408,797,20,,,,,808,33,,,,,802.5
2409,800,24,797.0,13.0,,,811,38,814.0,14.0,,,805.5
2410,796,32,794.0,26.0,,,809,40,811.0,25.0,,,802.5
2411,797,19,794.0,30.0,,,807,32,810.0,25.0,,,802.0
2412,788,35,786.0,20.0,,,803,29,805.0,15.0,,,795.5
2413,789,39,786.0,25.0,,,799,31,802.0,15.0,,,794.0
2414,787,15,784.0,21.0,,,799,27,802.0,19.0,,,793.0
2415,790,32,787.0,20.0,,,801,40,804.0,26.0,,,795.5
2416,791,29,787.0,21.0,,,802,16,806.0,26.0,,,796.5
2417,791,39,790.0,27.0,,,804,34,805.0,28.0,,,797.5
2418,794,34,792.0,24.0,,,806,37,808.0,19.0,,,800.0
2419,795,22,,,,,803,23,,,,,799.0
2420,794,16,791.0,19.0,,,804,22,807.0,10.0,,,799.0
2421,793,16,790.0,25.0,788.0,13.0,801,29,804.0,25.0,806.0,12.0,797.0
2422,792,30,788.0,20.0,,,800,35,804.0,24.0,,,796.0
2423,796,24,793.0,28.0,790.0,15.0,807,34,810.0,30.0,813.0,18.0,801.5
2424,795,22,792.0,24.0,,,803,21,806.0,18.0,,,799.0
2425,787,18,785.0,27.0,,,805,35,807.0,14.0,,,796.0
2426,793,25,789.0,19.0,,,805,20,809.0,21.0,,,799.0
2427,792,34,,,,,805,39,,,,,798.5
2429,792,23,789.0,17.0,,,805,24,808.0,22.0,,,798.5
2430,795,25,791.0,21.0,,,809,20,813.0,28.0,,,802.0
2431,794,33,790.0,15.0,,,810,26,814.0,28.0,,,802.0
2432,798,21,793.0,24.0,,,811,27,816.0,17.0,,,804.5
2433,793,37,788.0,19.0,,,807,22,812.0,17.0,,,800.0
2434,797,26,794.0,24.0,,,809,40,812.0,27.0,,,803.0
2436,795,15,792.0,20.0,,,804,29,807.0,26.0,,,799.5
2435,796,25,794.0,10.0,,,805,35,807.0,20.0,,,800.5
2437,798,18,796.0,20.0,,,809,19,811.0,18.0,,,803.5
2438,799,40,795.0,18.0,,,808,36,812.0,23.0,,,803.5
2439,800,39,797.0,26.0,,,808,29,811.0,29.0,,,804.0
2440,795,26,793.0,25.0,,,809,37,811.0,10.0,,,802.0
2441,795,33,,,,,807,23,,,,,801.0
2442,795,30,792.0,21.0,,,806,33,809.0,30.0,,,800.5
2443,801,38,798.0,17.0,,,810,16,813.0,15.0,,,805.5
2444,798,29,795.0,15.0,,,810,39,813.0,12.0,,,804.0
2445,804,22,802.0,26.0,,,817,36,819.0,22.0,,,810.5
2446,804,25,801.0,13.0,,,818,30,821.0,18.0,,,811.0
2447,802,32,798.0,18.0,,,811,22,815.0,24.0,,,806.5
2448,798,29,795.0,19.0,,,808,22,811.0,10.0,,,803.0
2449,802,25,798.0,16.0,,,811,16,815.0,11.0,,,806.5
2450,798,15,793.0,21.0,,,809,32,814.0,25.0,,,803.5
2451,801,20,799.0,19.0,,,806,20,808.0,18.0,,,803.5
2452,797,39,794.0,29.0,,,808,39,811.0,30.0,,,802.5
2453,796,40,794.0,14.0,,,809,35,811.0,22.0,,,802.5
2454,794,23,790.0,19.0,786.0,10.0,808,15,812.0,29.0,816.0,8.0,801.0
2455,792,40,789.0,20.0,,,807,29,810.0,11.0,,,799.5
2456,796,40,793.0,12.0,,,803,15,806.0,17.0,,,799.5
2457,787,24,786.0,14.0,,,796,34,797.0,19.0,,,791.5
2458,783,35,780.0,25.0,,,798,27,801.0,19.0,,,790.5
2459,791,39,788.0,14.0,,,795,18,798.0,30.0,,,793.0
2460,786,39,783.0,23.0,,,796,22,799.0,11.0,,,791.0
2461,789,23,785.0,11.0,,,800,24,804.0,21.0,,,794.5
2462,789,31,786.0,29.0,,,800,22,803.0,11.0,,,794.5
2463,788,32,786.0,18.0,,,797,28,799.0,19.0,,,792.5
2464,780,16,777.0,28.0,775.0,11.0,796,30,799.0,13.0,801.0,10.0,788.0
2465,787,29,783.0,26.0,,,794,38,798.0,26.0,,,790.5
2466,784,31,781.0,20.0,,,795,28,798.0,11.0,,,789.5
2467,783,36,780.0,12.0,,,794,22,797.0,14.0,,,788.5
2468,782,17,779.0,17.0,,,797,37,800.0,20.0,,,789.5
2469,786,40,784.0,19.0,,,800,21,802.0,14.0,,,793.0
2470,793,25,790.0,17.0,,,805,31,808.0,10.0,,,799.0
2471,794,16,791.0,25.0,,,808,15,811.0,28.0,,,801.0
2472,797,33,792.0,18.0,,,809,30,814.0,19.0,,,803.0
2475,796,39,793.0,19.0,,,803,32,806.0,17.0,,,799.5
2474,791,24,786.0,25.0,782.0,18.0,806,26,811.0,16.0,815.0,8.0,798.5
2473,794,21,,,,,807,40,,,,,800.5
2476,796,37,795.0,20.0,,,807,18,808.0,27.0,,,801.5
2477,794,32,791.0,17.0,,,807,35,810.0,18.0,,,800.5
2478,795,23,792.0,11.0,,,802,32,805.0,30.0,,,798.5
2479,794,17,792.0,20.0,,,801,18,803.0,14.0,,,797.5
2480,793,25,790.0,20.0,,,806,18,809.0,14.0,,,799.5
2481,793,36,789.0,16.0,,,804,27,808.0,22.0,,,798.5
2482,790,35,786.0,22.0,783.0,14.0,805,17,809.0,15.0,812.0,16.0,797.5
2483,784,29,782.0,15.0,,,796,16,798.0,12.0,,,790.0
2484,788,17,786.0,22.0,784.0,9.0,798,35,800.0,19.0,802.0,12.0,793.0
2485,790,32,788.0,21.0,,,803,30,805.0,14.0,,,796.5
2486,790,37,787.0,15.0,,,802,16,805.0,17.0,,,796.0
2487,784,18,,,,,801,31,,,,,792.5
2488,789,15,786.0,18.0,,,800,35,803.0,24.0,,,794.5
2489,791,31,788.0,12.0,,,803,22,806.0,13.0,,,797.0
2490,794,17,793.0,22.0,,,805,35,806.0,18.0,,,799.5
2491,790,32,787.0,24.0,,,802,27,805.0,30.0,,,796.0
2492,794,38,792.0,17.0,,,807,31,809.0,12.0,,,800.5
2493,794,21,791.0,14.0,,,806,31,809.0,12.0,,,800.0
2494,792,40,789.0,26.0,,,805,24,808.0,27.0,,,798.5
2495,793,38,791.0,26.0,,,801,39,803.0,12.0,,,797.0
2496,790,28,786.0,13.0,,,800,28,804.0,26.0,,,795.0
2497,786,38,782.0,27.0,,,800,31,804.0,30.0,,,793.0
2498,788,35,785.0,16.0,,,798,25,801.0,25.0,,,793.0
2499,787,36,785.0,23.0,,,797,36,799.0,18.0,,,792.0
2500,779,27,776.0,15.0,,,789,34,792.0,20.0,,,784.0
2501,780,32,777.0,19.0,,,792,22,795.0,14.0,,,786.0
2502,780,19,778.0,20.0,774.0,10.0,794,16,796.0,27.0,800.0,10.0,787.0
2503,779,36,776.0,17.0,,,794,17,797.0,19.0,,,786.5
2504,780,35,776.0,25.0,774.0,15.0,792,31,796.0,20.0,798.0,5.0,786.0
2505,776,23,774.0,29.0,,,785,31,787.0,22.0,,,780.5
2506,774,26,772.0,19.0,,,791,27,793.0,21.0,,,782.5
2507,787,18,783.0,23.0,,,794,32,798.0,28.0,,,790.5
2508,786,19,783.0,22.0,,,797,16,800.0,12.0,,,791.5
2509,785,27,782.0,11.0,,,795,27,798.0,28.0,,,790.0
2510,791,27,788.0,21.0,,,803,27,806.0,10.0,,,797.0
2511,792,30,790.0,21.0,,,805,23,807.0,24.0,,,798.5
2512,794,37,792.0,14.0,,,806,35,808.0,10.0,,,800.0
2513,788,39,784.0,10.0,,,802,32,806.0,13.0,,,795.0
2514,786,38,782.0,29.0,,,796,29,800.0,16.0,,,791.0
2515,789,19,786.0,26.0,,,799,26,802.0,21.0,,,794.0
2516,790,23,786.0,10.0,784.0,12.0,800,21,804.0,13.0,806.0,17.0,795.0
2517,797,15,795.0,28.0,,,804,17,806.0,29.0,,,800.5
2518,795,27,792.0,30.0,788.0,18.0,807,20,810.0,16.0,814.0,9.0,801.0
2519,798,40,796.0,14.0,,,808,32,810.0,18.0,,,803.0
2520,794,34,,,,,809,20,,,,,801.5
2521,786,15,782.0,20.0,780.0,15.0,799,18,803.0,10.0,805.0,9.0,792.5
2522,788,30,785.0,23.0,,,800,36,803.0,19.0,,,794.0
2523,789,31,785.0,23.0,,,802,37,806.0,25.0,,,795.5
2524,789,31,783.0,14.0,780.0,12.0,798,34,804.0,23.0,807.0,6.0,793.5
2525,792,19,788.0,22.0,,,801,15,805.0,22.0,,,796.5
2526,791,34,,,,,804,40,,,,,797.5
2528,789,24,784.0,16.0,,,807,29,812.0,13.0,,,798.0
2530,798,37,,,,,807,24,,,,,802.5
2529,791,32,787.0,19.0,,,805,36,809.0,21.0,,,798.0
2531,794,33,790.0,12.0,,,805,37,809.0,29.0,,,799.5
2532,789,26,,,,,805,17,,,,,797.0
2534,798,29,796.0,16.0,795.0,12.0,813,19,815.0,24.0,816.0,7.0,805.5
2535,801,32,796.0,17.0,,,818,23,823.0,28.0,,,809.5
2536,801,21,797.0,25.0,,,812,40,816.0,20.0,,,806.5
2537,802,38,801.0,23.0,,,815,31,816.0,28.0,,,808.5
2538,802,39,,,,,812,35,,,,,807.0
2539,801,32,798.0,20.0,,,817,32,820.0,19.0,,,809.0
2540,812,40,809.0,26.0,807.0,19.0,822,29,825.0,27.0,827.0,14.0,817.0
2541,815,37,811.0,15.0,,,821,39,825.0,15.0,,,818.0
2542,817,17,814.0,28.0,,,829,17,832.0,27.0,,,823.0
2543,819,38,815.0,19.0,,,829,30,833.0,25.0,,,824.0
2544,820,40,818.0,17.0,,,823,38,825.0,23.0,,,821.5
2545,809,18,806.0,17.0,,,821,33,824.0,10.0,,,815.0
2546,813,25,810.0,24.0,807.0,13.0,823,34,826.0,23.0,829.0,7.0,818.0
2547,808,40,,,,,819,21,,,,,813.5
2548,808,36,804.0,10.0,,,820,24,824.0,21.0,,,814.0
2549,801,35,797.0,22.0,795.0,5.0,818,21,822.0,20.0,824.0,18.0,809.5
2550,808,34,804.0,26.0,,,821,37,825.0,18.0,,,814.5
2551,814,18,811.0,29.0,,,823,32,826.0,11.0,,,818.5
2552,808,31,806.0,14.0,,,821,17,823.0,16.0,,,814.5
2553,804,38,802.0,13.0,,,817,27,819.0,21.0,,,810.5
2554,805,21,803.0,28.0,,,814,16,816.0,17.0,,,809.5
2555,804,37,802.0,17.0,,,820,24,822.0,22.0,,,812.0
2556,801,35,799.0,22.0,796.0,12.0,813,33,815.0,29.0,818.0,10.0,807.0
2557,800,37,796.0,22.0,,,812,38,816.0,23.0,,,806.0
2558,793,18,790.0,19.0,,,811,23,814.0,18.0,,,802.0
2559,806,30,803.0,30.0,,,815,34,818.0,28.0,,,810.5
2560,809,26,806.0,12.0,,,816,34,819.0,23.0,,,812.5
2561,805,25,801.0,22.0,,,816,28,820.0,10.0,,,810.5
2562,803,17,,,,,815,17,,,,,809.0
2563,810,20,808.0,29.0,806.0,6.0,822,30,824.0,14.0,826.0,15.0,816.0
2564,806,39,804.0,28.0,,,816,26,818.0,13.0,,,811.0
2565,806,31,804.0,29.0,802.0,8.0,821,26,823.0,10.0,825.0,20.0,813.5
2566,810,17,808.0,12.0,,,815,39,817.0,30.0,,,812.5
2567,808,37,806.0,24.0,,,824,38,826.0,21.0,,,816.0
2568,815,27,812.0,24.0,,,827,21,830.0,28.0,,,821.0
2569,814,31,810.0,27.0,,,825,29,829.0,14.0,,,819.5
2570,814,39,813.0,29.0,,,828,23,829.0,30.0,,,821.0
2571,814,22,812.0,19.0,,,827,15,829.0,15.0,,,820.5
2572,815,31,810.0,27.0,,,824,29,829.0,17.0,,,819.5
2573,806,29,,,,,821,16,,,,,813.5
2574,802,32,798.0,14.0,,,815,35,819.0,25.0,,,808.5
2575,806,36,,,,,820,36,,,,,813.0
2576,810,29,808.0,24.0,,,825,33,827.0,20.0,,,817.5
2577,813,25,811.0,23.0,,,821,18,823.0,18.0,,,817.0
2578,819,33,816.0,13.0,,,832,17,835.0,17.0,,,825.5
2579,828,31,826.0,28.0,,,839,36,841.0,28.0,,,833.5
2580,828,26,826.0,18.0,,,844,21,846.0,30.0,,,836.0
2581,820,36,816.0,30.0,812.0,13.0,837,36,841.0,25.0,845.0,15.0,828.5
2582,821,25,817.0,16.0,,,830,30,834.0,25.0,,,825.5
2584,815,38,811.0,20.0,,,829,17,833.0,27.0,,,822.0
2583,818,22,816.0,14.0,,,829,16,831.0,19.0,,,823.5
2585,810,35,807.0,25.0,806.0,20.0,822,18,825.0,20.0,826.0,16.0,816.0
2586,807,40,803.0,27.0,,,815,30,819.0,12.0,,,811.0
2587,804,15,801.0,10.0,,,820,29,823.0,11.0,,,812.0
2588,805,40,801.0,17.0,,,820,30,824.0,23.0,,,812.5
2589,810,33,809.0,11.0,,,820,40,821.0,23.0,,,815.0
2590,799,35,796.0,13.0,791.0,17.0,811,36,814.0,15.0,819.0,15.0,805.0
2591,796,36,792.0,10.0,,,807,17,811.0,22.0,,,801.5
2592,798,33,794.0,30.0,,,807,15,811.0,27.0,,,802.5
2593,797,22,796.0,18.0,,,808,35,809.0,14.0,,,802.5
2594,794,16,790.0,10.0,,,810,36,814.0,10.0,,,802.0
2595,795,28,792.0,30.0,,,810,24,813.0,20.0,,,802.5
2596,791,26,789.0,24.0,,,801,22,803.0,21.0,,,796.0
2597,782,39,781.0,24.0,,,799,18,800.0,16.0,,,790.5
2598,780,31,778.0,16.0,,,789,24,791.0,22.0,,,784.5
2599,771,36,769.0,20.0,,,783,17,785.0,27.0,,,777.0
2600,772,33,769.0,25.0,,,788,19,791.0,14.0,,,780.0
2601,770,32,,,,,780,34,,,,,775.0
2602,776,17,771.0,19.0,,,790,31,795.0,28.0,,,783.0
2603,777,31,774.0,30.0,,,792,40,795.0,12.0,,,784.5
2604,781,22,777.0,11.0,,,788,19,792.0,13.0,,,784.5
2605,783,40,779.0,25.0,,,802,25,806.0,20.0,,,792.5
2606,783,18,781.0,10.0,779.0,17.0,799,30,801.0,24.0,803.0,8.0,791.0
2607,791,37,787.0,24.0,,,803,22,807.0,18.0,,,797.0
2608,792,31,,,,,804,16,,,,,798.0
2609,787,39,784.0,24.0,782.0,8.0,803,23,806.0,26.0,808.0,12.0,795.0
2610,796,40,793.0,20.0,,,808,24,811.0,19.0,,,802.0
2611,799,18,795.0,11.0,,,811,40,815.0,10.0,,,805.0
2612,802,27,798.0,10.0,,,814,22,818.0,19.0,,,808.0
2613,806,25,804.0,21.0,,,819,29,821.0,28.0,,,812.5
2614,810,39,808.0,13.0,,,821,22,823.0,25.0,,,815.5
2615,812,36,810.0,12.0,,,819,33,821.0,25.0,,,815.5
2616,809,36,803.0,10.0,,,816,24,822.0,25.0,,,812.5
2617,808,40,804.0,25.0,,,813,26,817.0,17.0,,,810.5
2618,806,16,803.0,11.0,,,816,36,819.0,26.0,,,811.0
2619,803,28,801.0,27.0,,,817,15,819.0,21.0,,,810.0
2620,797,30,794.0,27.0,,,812,19,815.0,20.0,,,804.5
2621,799,18,796.0,16.0,,,808,36,811.0,13.0,,,803.5
2622,798,34,796.0,28.0,,,807,23,809.0,20.0,,,802.5
2623,796,24,793.0,30.0,,,803,30,806.0,12.0,,,799.5
2624,801,35,798.0,14.0,,,809,17,812.0,10.0,,,805.0
2625,798,34,795.0,25.0,,,814,31,817.0,30.0,,,806.0
2626,803,36,800.0,11.0,,,816,32,819.0,13.0,,,809.5
2627,801,38,798.0,12.0,,,812,34,815.0,19.0,,,806.5
2628,803,35,801.0,30.0,,,815,32,817.0,24.0,,,809.0
2629,806,16,803.0,17.0,,,817,26,820.0,13.0,,,811.5
2630,805,33,801.0,21.0,,,815,29,819.0,29.0,,,810.0
2631,812,31,,,,,820,35,,,,,816.0
2632,810,19,807.0,10.0,,,822,33,825.0,16.0,,,816.0
2633,808,37,804.0,24.0,,,823,39,827.0,19.0,,,815.5
2634,807,31,804.0,16.0,,,821,38,824.0,17.0,,,814.0
2635,812,20,807.0,21.0,,,820,36,825.0,18.0,,,816.0
2636,809,29,806.0,26.0,,,821,22,824.0,14.0,,,815.0
2637,811,35,809.0,17.0,,,821,36,823.0,12.0,,,816.0
2638,812,40,810.0,30.0,,,822,27,824.0,18.0,,,817.0
2639,812,38,809.0,12.0,,,826,31,829.0,16.0,,,819.0
2640,809,22,808.0,11.0,,,822,35,823.0,21.0,,,815.5
2641,810,28,807.0,15.0,,,824,25,827.0,22.0,,,817.0
2642,807,21,804.0,22.0,,,822,21,825.0,26.0,,,814.5
2643,812,31,806.0,21.0,803.0,8.0,820,22,826.0,15.0,829.0,16.0,816.0
2644,818,23,814.0,27.0,812.0,7.0,828,22,832.0,30.0,834.0,14.0,823.0
2645,818,35,813.0,20.0,,,833,40,838.0,17.0,,,825.5
2646,812,22,810.0,21.0,,,826,22,828.0,18.0,,,819.0
2647,812,38,810.0,23.0,,,826,15,828.0,14.0,,,819.0
2648,817,32,814.0,22.0,,,820,33,823.0,12.0,,,818.5
2649,812,16,810.0,19.0,,,824,35,826.0,18.0,,,818.0
2650,810,26,806.0,16.0,,,826,16,830.0,28.0,,,818.0
2651,814,40,809.0,30.0,,,827,40,832.0,23.0,,,820.5
2652,812,38,810.0,23.0,,,827,28,829.0,23.0,,,819.5
2653,815,35,814.0,17.0,,,828,31,829.0,13.0,,,821.5
2654,814,21,813.0,15.0,,,827,29,828.0,22.0,,,820.5
2655,820,17,817.0,28.0,,,827,22,830.0,23.0,,,823.5
2656,812,31,809.0,30.0,,,827,16,830.0,28.0,,,819.5
2661,807,38,803.0,14.0,,,819,19,823.0,27.0,,,813.0
2658,806,25,801.0,26.0,799.0,18.0,825,31,830.0,22.0,832.0,17.0,815.5
2659,808,21,806.0,26.0,,,818,23,820.0,18.0,,,813.0
2660,809,25,805.0,16.0,,,819,39,823.0,13.0,,,814.0
2657,815,39,814.0,23.0,,,832,39,833.0,29.0,,,823.5
2662,802,23,800.0,25.0,,,816,19,818.0,11.0,,,809.0
2663,811,30,808.0,18.0,,,820,22,823.0,14.0,,,815.5
2664,810,25,807.0,27.0,,,821,23,824.0,26.0,,,815.5
2665,811,23,805.0,22.0,,,818,37,824.0,25.0,,,814.5
2666,801,30,797.0,15.0,,,812,32,816.0,15.0,,,806.5
2667,792,16,789.0,11.0,785.0,15.0,806,17,809.0,19.0,813.0,12.0,799.0
2668,793,24,790.0,22.0,,,809,38,812.0,15.0,,,801.0
2669,796,17,791.0,16.0,,,806,16,811.0,11.0,,,801.0
2670,796,21,792.0,26.0,,,806,20,810.0,11.0,,,801.0
2671,794,40,791.0,23.0,,,804,28,807.0,11.0,,,799.0
2672,792,39,789.0,20.0,,,802,29,805.0,14.0,,,797.0
2673,792,31,790.0,24.0,,,807,23,809.0,28.0,,,799.5
2674,798,33,795.0,18.0,,,809,36,812.0,20.0,,,803.5
2675,805,35,801.0,27.0,,,814,38,818.0,11.0,,,809.5
2676,799,20,797.0,30.0,,,809,30,811.0,18.0,,,804.0
2677,802,38,,,,,811,36,,,,,806.5
2678,800,18,798.0,18.0,,,812,36,814.0,18.0,,,806.0
2679,804,21,801.0,24.0,,,818,17,821.0,11.0,,,811.0
2680,811,40,810.0,29.0,,,816,38,817.0,30.0,,,813.5
2681,806,31,802.0,28.0,799.0,8.0,815,16,819.0,16.0,822.0,11.0,810.5
2682,802,34,,,,,810,16,,,,,806.0
2683,793,38,792.0,14.0,,,808,18,809.0,27.0,,,800.5
2684,793,24,790.0,16.0,,,809,35,812.0,27.0,,,801.0
2685,791,22,788.0,24.0,,,799,27,802.0,23.0,,,795.0
2686,795,31,790.0,25.0,,,806,31,811.0,14.0,,,800.5
2687,792,20,,,,,810,26,,,,,801.0
2688,794,38,790.0,18.0,,,803,27,807.0,12.0,,,798.5
2689,782,16,779.0,24.0,,,797,32,800.0,15.0,,,789.5
2690,783,20,780.0,22.0,,,797,25,800.0,16.0,,,790.0
2691,780,38,778.0,19.0,,,794,28,796.0,20.0,,,787.0
2692,790,34,787.0,11.0,,,797,36,800.0,30.0,,,793.5
2693,789,24,785.0,29.0,,,806,25,810.0,10.0,,,797.5
2694,788,30,786.0,30.0,,,798,27,800.0,14.0,,,793.0
2695,795,26,,,,,805,16,,,,,800.0
2696,791,36,788.0,19.0,,,803,17,806.0,17.0,,,797.0
2697,791,20,790.0,26.0,,,805,39,806.0,18.0,,,798.0
2698,795,39,790.0,26.0,,,809,30,814.0,29.0,,,802.0
2699,793,18,790.0,11.0,,,809,20,812.0,10.0,,,801.0
2700,791,37,786.0,26.0,,,804,29,809.0,12.0,,,797.5
2701,784,23,781.0,30.0,,,800,20,803.0,22.0,,,792.0
2702,786,39,783.0,10.0,,,794,37,797.0,19.0,,,790.0
2703,781,21,777.0,12.0,,,795,37,799.0,12.0,,,788.0
2704,778,18,775.0,29.0,,,784,21,787.0,22.0,,,781.0
2705,780,32,776.0,30.0,,,792,24,796.0,15.0,,,786.0
2706,782,40,779.0,19.0,,,795,20,798.0,16.0,,,788.5
2707,781,34,778.0,17.0,,,789,30,792.0,12.0,,,785.0
2708,775,37,773.0,15.0,,,792,23,794.0,11.0,,,783.5
2709,785,35,781.0,19.0,,,795,21,799.0,26.0,,,790.0
2710,790,19,788.0,13.0,,,804,39,806.0,26.0,,,797.0
2711,781,19,779.0,10.0,,,798,34,800.0,12.0,,,789.5
2712,781,19,780.0,13.0,777.0,12.0,795,19,796.0,29.0,799.0,18.0,788.0
2713,784,24,781.0,21.0,,,795,19,798.0,17.0,,,789.5
2714,778,30,776.0,22.0,,,791,40,793.0,21.0,,,784.5
2715,771,18,767.0,26.0,,,780,27,784.0,29.0,,,775.5
2716,777,16,774.0,27.0,,,789,26,792.0,10.0,,,783.0
2717,772,16,769.0,24.0,,,784,26,787.0,18.0,,,778.0
2718,776,40,774.0,15.0,772.0,20.0,786,24,788.0,16.0,790.0,15.0,781.0
2719,775,19,772.0,21.0,,,788,28,791.0,29.0,,,781.5
2720,773,27,771.0,18.0,,,783,35,785.0,19.0,,,778.0
2721,779,20,774.0,25.0,,,785,20,790.0,14.0,,,782.0
2722,779,20,776.0,30.0,,,789,24,792.0,28.0,,,784.0
2725,792,16,,,,,802,30,,,,,797.0
2724,791,19,,,,,800,29,,,,,795.5
2723,787,22,785.0,18.0,,,795,33,797.0,22.0,,,791.0
2726,791,18,789.0,23.0,,,804,19,806.0,10.0,,,797.5
2727,794,28,790.0,27.0,,,806,24,810.0,14.0,,,800.0
2728,799,16,797.0,21.0,,,812,21,814.0,19.0,,,805.5
2729,797,30,793.0,22.0,,,810,19,814.0,11.0,,,803.5
2730,798,21,794.0,16.0,,,806,32,810.0,12.0,,,802.0
2731,788,30,785.0,18.0,,,805,34,808.0,25.0,,,796.5
2732,787,16,,,,,800,24,,,,,793.5
2733,788,26,,,,,805,26,,,,,796.5
2734,793,18,791.0,29.0,,,810,38,812.0,30.0,,,801.5
2735,793,24,790.0,30.0,,,808,36,811.0,24.0,,,800.5
2736,789,40,787.0,29.0,,,800,23,802.0,17.0,,,794.5
2737,790,17,787.0,30.0,,,805,28,808.0,28.0,,,797.5
2738,792,20,788.0,30.0,,,805,18,809.0,16.0,,,798.5
2739,803,28,802.0,14.0,,,811,38,812.0,27.0,,,807.0
2740,807,26,805.0,11.0,804.0,14.0,823,31,825.0,12.0,826.0,6.0,815.0
2741,810,40,807.0,11.0,,,821,26,824.0,30.0,,,815.5
2742,808,26,,,,,823,37,,,,,815.5
2743,809,29,806.0,25.0,,,822,22,825.0,15.0,,,815.5
2744,805,34,801.0,18.0,,,820,19,824.0,22.0,,,812.5
2745,802,20,798.0,25.0,,,819,29,823.0,12.0,,,810.5
2746,804,25,800.0,26.0,,,814,24,818.0,20.0,,,809.0
2748,807,21,804.0,21.0,,,821,38,824.0,11.0,,,814.0
2749,802,32,796.0,18.0,,,813,35,819.0,26.0,,,807.5
2750,802,35,798.0,11.0,,,813,23,817.0,28.0,,,807.5
2751,800,21,799.0,10.0,,,809,36,810.0,25.0,,,804.5
2752,799,16,796.0,17.0,,,812,36,815.0,28.0,,,805.5
2753,801,32,798.0,28.0,,,812,18,815.0,18.0,,,806.5
2754,800,16,797.0,17.0,,,814,16,817.0,16.0,,,807.0
2755,796,23,793.0,24.0,,,811,39,814.0,10.0,,,803.5
2756,793,20,791.0,27.0,,,805,26,807.0,21.0,,,799.0
2757,791,30,787.0,25.0,,,803,18,807.0,29.0,,,797.0
2758,790,15,788.0,22.0,,,801,26,803.0,17.0,,,795.5
2759,796,30,794.0,18.0,,,807,30,809.0,26.0,,,801.5
2760,800,29,797.0,14.0,,,807,33,810.0,14.0,,,803.5
2761,797,22,,,,,809,15,,,,,803.0
2762,793,17,790.0,26.0,,,803,17,806.0,29.0,,,798.0
2763,792,39,789.0,19.0,,,802,18,805.0,30.0,,,797.0
2768,791,40,,,,,803,37,,,,,797.0
2765,790,39,788.0,25.0,,,803,29,805.0,18.0,,,796.5
2766,789,17,785.0,29.0,,,804,33,808.0,14.0,,,796.5
2767,787,23,,,,,802,34,,,,,794.5
2764,790,15,787.0,26.0,,,798,30,801.0,26.0,,,794.0
2769,788,23,785.0,17.0,,,797,22,800.0,14.0,,,792.5
2770,783,29,781.0,24.0,,,794,33,796.0,19.0,,,788.5
2771,781,32,778.0,15.0,,,793,37,796.0,16.0,,,787.0
2772,781,20,778.0,17.0,,,793,23,796.0,11.0,,,787.0
2773,782,17,780.0,24.0,,,793,29,795.0,16.0,,,787.5
2774,781,34,777.0,16.0,,,794,38,798.0,20.0,,,787.5
2775,781,23,776.0,15.0,,,794,24,799.0,15.0,,,787.5
2776,784,21,782.0,28.0,,,792,15,794.0,18.0,,,788.0
2777,783,35,780.0,24.0,,,796,19,799.0,23.0,,,789.5
2778,782,34,778.0,11.0,,,796,35,800.0,13.0,,,789.0
2779,786,29,782.0,29.0,,,804,30,808.0,20.0,,,795.0
2780,787,38,783.0,30.0,,,805,27,809.0,10.0,,,796.0
2781,796,16,794.0,18.0,,,807,16,809.0,25.0,,,801.5
2782,801,35,799.0,17.0,,,813,27,815.0,12.0,,,807.0
2783,804,38,801.0,14.0,,,821,28,824.0,26.0,,,812.5
2784,808,21,806.0,10.0,,,819,17,821.0,29.0,,,813.5
2785,808,22,805.0,18.0,,,819,34,822.0,13.0,,,813.5
2786,806,22,804.0,12.0,,,820,21,822.0,21.0,,,813.0
2787,802,20,801.0,20.0,,,812,19,813.0,14.0,,,807.0
2788,801,26,797.0,16.0,793.0,5.0,812,36,816.0,21.0,820.0,14.0,806.5
2789,795,15,791.0,23.0,,,811,24,815.0,23.0,,,803.0
2790,800,38,797.0,25.0,,,813,15,816.0,30.0,,,806.5
2791,799,25,796.0,30.0,,,807,27,810.0,25.0,,,803.0
2792,795,20,793.0,29.0,,,810,31,812.0,10.0,,,802.5
2793,797,17,795.0,28.0,,,805,26,807.0,26.0,,,801.0
2794,795,38,792.0,16.0,787.0,15.0,806,40,809.0,10.0,814.0,8.0,800.5
2795,788,20,784.0,11.0,,,804,16,808.0,11.0,,,796.0
2796,791,25,787.0,20.0,,,804,31,808.0,17.0,,,797.5
2797,787,29,782.0,15.0,780.0,5.0,798,30,803.0,10.0,805.0,10.0,792.5
2798,784,40,780.0,18.0,,,799,23,803.0,29.0,,,791.5
2799,786,21,781.0,28.0,,,796,27,801.0,19.0,,,791.0
2800,782,20,779.0,22.0,,,795,18,798.0,21.0,,,788.5
2801,784,20,780.0,26.0,,,797,16,801.0,29.0,,,790.5
2802,790,32,788.0,22.0,,,804,24,806.0,18.0,,,797.0
2803,795,15,792.0,22.0,,,805,24,808.0,26.0,,,800.0
2804,788,24,786.0,15.0,,,797,40,799.0,29.0,,,792.5
2805,792,34,790.0,23.0,,,805,29,807.0,18.0,,,798.5
2806,791,17,,,,,799,34,,,,,795.0
2807,789,22,786.0,24.0,,,804,18,807.0,21.0,,,796.5
2808,785,29,781.0,29.0,,,800,27,804.0,26.0,,,792.5
2809,779,18,775.0,11.0,772.0,15.0,792,30,796.0,11.0,799.0,16.0,785.5
2810,788,27,784.0,20.0,,,800,33,804.0,14.0,,,794.0
2811,784,21,781.0,11.0,,,796,39,799.0,19.0,,,790.0
2812,781,36,779.0,15.0,,,789,35,791.0,17.0,,,785.0
2813,782,31,778.0,21.0,,,792,20,796.0,25.0,,,787.0
2814,785,21,781.0,16.0,,,800,21,804.0,15.0,,,792.5
2815,782,18,778.0,16.0,,,796,15,800.0,29.0,,,789.0
2816,784,35,781.0,18.0,,,797,17,800.0,23.0,,,790.5
2817,786,34,783.0,22.0,,,795,23,798.0,22.0,,,790.5
2818,794,20,790.0,11.0,,,805,38,809.0,15.0,,,799.5
2820,791,21,787.0,29.0,,,803,17,807.0,22.0,,,797.0
2821,780,33,,,,,791,37,,,,,785.5
2822,781,21,778.0,24.0,,,794,38,797.0,17.0,,,787.5
2823,786,19,782.0,28.0,,,797,34,801.0,24.0,,,791.5
2824,784,37,783.0,15.0,,,797,30,798.0,19.0,,,790.5
2825,786,26,783.0,11.0,,,798,39,801.0,18.0,,,792.0
2826,787,21,784.0,15.0,,,797,34,800.0,14.0,,,792.0
2827,785,39,781.0,11.0,,,797,26,801.0,11.0,,,791.0
2828,785,39,782.0,21.0,,,801,22,804.0,11.0,,,793.0
2829,785,16,782.0,29.0,,,800,18,803.0,22.0,,,792.5
2830,787,21,786.0,26.0,,,797,30,798.0,15.0,,,792.0
2831,786,16,784.0,12.0,,,798,15,800.0,13.0,,,792.0
2832,787,17,784.0,11.0,,,800,22,803.0,28.0,,,793.5
2833,781,37,779.0,13.0,,,794,26,796.0,22.0,,,787.5
2834,783,24,780.0,20.0,777.0,16.0,796,40,799.0,15.0,802.0,8.0,789.5
2835,785,37,782.0,19.0,,,801,36,804.0,25.0,,,793.0
2836,781,34,777.0,20.0,,,794,24,798.0,30.0,,,787.5
2837,790,34,787.0,11.0,784.0,13.0,797,40,800.0,16.0,803.0,19.0,793.5
2838,787,17,783.0,15.0,,,796,27,800.0,10.0,,,791.5
2839,784,26,782.0,19.0,,,801,37,803.0,20.0,,,792.5
2840,780,15,778.0,24.0,,,800,23,802.0,27.0,,,790.0
2841,780,18,776.0,18.0,,,794,23,798.0,20.0,,,787.0
2842,779,38,774.0,24.0,,,796,37,801.0,24.0,,,787.5
2843,786,16,783.0,22.0,,,797,34,800.0,21.0,,,791.5
2844,788,22,,,,,796,32,,,,,792.0
2845,789,35,785.0,24.0,,,797,24,801.0,23.0,,,793.0
2846,787,39,785.0,11.0,,,801,17,803.0,19.0,,,794.0
2847,785,19,784.0,23.0,,,798,24,799.0,17.0,,,791.5
2848,785,18,781.0,18.0,,,797,20,801.0,26.0,,,791.0
2849,784,21,,,,,798,28,,,,,791.0
2850,788,37,786.0,13.0,,,802,16,804.0,11.0,,,795.0
2851,788,30,786.0,29.0,,,796,40,798.0,13.0,,,792.0
2852,793,38,791.0,22.0,,,800,22,802.0,12.0,,,796.5
2853,800,25,797.0,26.0,,,811,21,814.0,11.0,,,805.5
2854,807,34,806.0,18.0,,,818,31,819.0,14.0,,,812.5
2855,810,28,807.0,15.0,,,817,18,820.0,19.0,,,813.5
2856,810,36,,,,,826,21,,,,,818.0
2857,822,19,818.0,16.0,,,830,32,834.0,30.0,,,826.0
2858,822,17,818.0,27.0,,,837,18,841.0,29.0,,,829.5
2859,823,29,819.0,14.0,,,836,16,840.0,30.0,,,829.5
2860,823,29,818.0,20.0,815.0,10.0,837,31,842.0,29.0,845.0,7.0,830.0
2862,831,19,829.0,13.0,,,840,33,842.0,12.0,,,835.5
2863,835,40,832.0,13.0,,,846,40,849.0,12.0,,,840.5
2864,837,36,833.0,19.0,,,848,37,852.0,30.0,,,842.5
2869,833,21,830.0,30.0,827.0,5.0,844,17,847.0,22.0,850.0,11.0,838.5
2867,833,35,831.0,25.0,,,841,23,843.0,29.0,,,837.0
2868,828,26,825.0,25.0,,,841,19,844.0,24.0,,,834.5
2866,825,38,822.0,14.0,820.0,13.0,843,15,846.0,28.0,848.0,19.0,834.0
2870,829,37,826.0,14.0,822.0,11.0,839,22,842.0,21.0,846.0,16.0,834.0
2871,828,24,825.0,30.0,,,842,35,845.0,22.0,,,835.0
2872,828,15,825.0,15.0,,,840,18,843.0,14.0,,,834.0
2873,824,20,822.0,18.0,,,833,17,835.0,14.0,,,828.5
2874,817,24,813.0,29.0,,,831,35,835.0,23.0,,,824.0
2875,815,37,811.0,23.0,,,832,26,836.0,11.0,,,823.5
2876,822,34,819.0,22.0,,,831,23,834.0,19.0,,,826.5
2877,821,26,819.0,28.0,,,831,20,833.0,29.0,,,826.0
2878,817,15,814.0,23.0,,,835,33,838.0,27.0,,,826.0
2879,821,32,818.0,22.0,,,831,25,834.0,20.0,,,826.0
2880,818,31,815.0,17.0,,,834,31,837.0,11.0,,,826.0
2881,820,29,,,,,833,40,,,,,826.5
2882,817,39,816.0,15.0,,,829,35,830.0,21.0,,,823.0
2883,810,22,,,,,823,21,,,,,816.5
2884,805,20,803.0,18.0,,,820,20,822.0,19.0,,,812.5
2885,809,21,804.0,16.0,,,819,16,824.0,12.0,,,814.0
2886,813,31,809.0,14.0,,,824,31,828.0,13.0,,,818.5
2887,814,40,812.0,24.0,,,828,34,830.0,17.0,,,821.0
2888,812,18,809.0,10.0,,,822,34,825.0,17.0,,,817.0
2889,810,24,,,,,825,21,,,,,817.5
2890,809,35,806.0,23.0,,,824,21,827.0,29.0,,,816.5
2891,807,40,805.0,29.0,,,825,22,827.0,19.0,,,816.0
2892,814,17,809.0,25.0,,,826,34,831.0,11.0,,,820.0
2893,807,23,805.0,24.0,,,821,33,823.0,28.0,,,814.0
2894,809,25,807.0,12.0,,,822,26,824.0,19.0,,,815.5
2895,807,25,804.0,11.0,,,820,40,823.0,22.0,,,813.5
2896,805,26,801.0,26.0,,,816,39,820.0,29.0,,,810.5
2897,807,20,804.0,25.0,,,818,16,821.0,18.0,,,812.5
2898,810,27,808.0,30.0,807.0,16.0,825,28,827.0,14.0,828.0,11.0,817.5
2899,810,17,807.0,12.0,,,823,20,826.0,20.0,,,816.5
2900,808,35,806.0,29.0,,,828,34,830.0,21.0,,,818.0
2901,809,24,806.0,12.0,,,822,37,825.0,10.0,,,815.5
2902,813,31,810.0,14.0,,,825,31,828.0,29.0,,,819.0
2903,811,29,807.0,11.0,,,825,18,829.0,30.0,,,818.0
2904,813,36,810.0,22.0,,,825,20,828.0,23.0,,,819.0
2905,811,25,,,,,823,24,,,,,817.0
2906,802,15,,,,,815,30,,,,,808.5
2907,804,17,,,,,816,20,,,,,810.0
2908,811,16,809.0,14.0,,,825,30,827.0,17.0,,,818.0
2909,811,31,808.0,26.0,,,829,27,832.0,13.0,,,820.0
2910,814,28,813.0,19.0,,,825,18,826.0,22.0,,,819.5
2911,809,38,806.0,21.0,,,819,19,822.0,10.0,,,814.0
2912,801,32,798.0,22.0,,,816,36,819.0,27.0,,,808.5
2913,801,31,797.0,30.0,,,808,26,812.0,12.0,,,804.5
2914,802,32,799.0,15.0,,,813,24,816.0,15.0,,,807.5
2915,796,23,794.0,25.0,,,813,23,815.0,11.0,,,804.5
2916,797,15,,,,,815,16,,,,,806.0
2917,799,18,795.0,25.0,,,815,29,819.0,23.0,,,807.0
2918,808,22,804.0,29.0,,,812,39,816.0,26.0,,,810.0
2919,808,36,805.0,17.0,,,816,35,819.0,11.0,,,812.0
2920,805,30,802.0,26.0,,,819,15,822.0,17.0,,,812.0
2921,802,39,801.0,26.0,799.0,10.0,816,37,817.0,26.0,819.0,8.0,809.0
2922,810,40,807.0,17.0,,,822,26,825.0,15.0,,,816.0
2923,810,38,809.0,19.0,,,823,22,824.0,28.0,,,816.5
2924,817,34,,,,,826,15,,,,,821.5
2925,816,34,812.0,30.0,,,830,33,834.0,23.0,,,823.0
2926,821,32,818.0,29.0,815.0,16.0,835,25,838.0,27.0,841.0,19.0,828.0
2927,830,37,826.0,25.0,824.0,8.0,843,17,847.0,15.0,849.0,9.0,836.5
2928,833,28,830.0,12.0,,,848,38,851.0,18.0,,,840.5
2929,828,25,824.0,16.0,,,839,36,843.0,18.0,,,833.5
2930,830,36,826.0,30.0,,,845,40,849.0,24.0,,,837.5
2931,832,40,828.0,28.0,,,846,30,850.0,10.0,,,839.0
2932,824,25,823.0,27.0,,,845,19,846.0,15.0,,,834.5
2933,824,27,821.0,10.0,,,838,34,841.0,21.0,,,831.0
2934,824,29,821.0,15.0,,,844,31,847.0,18.0,,,834.0
2935,826,24,823.0,25.0,,,837,17,840.0,15.0,,,831.5
2936,828,23,827.0,24.0,,,839,35,840.0,27.0,,,833.5
2937,822,38,819.0,11.0,,,838,39,841.0,11.0,,,830.0
2938,821,27,819.0,29.0,815.0,15.0,832,38,834.0,17.0,838.0,8.0,826.5
2939,814,21,,,,,825,40,,,,,819.5
2941,812,38,809.0,12.0,,,827,36,830.0,25.0,,,819.5
2942,811,30,809.0,28.0,,,824,17,826.0,24.0,,,817.5
2943,813,40,810.0,28.0,,,825,25,828.0,19.0,,,819.0
2944,811,40,807.0,25.0,,,828,32,832.0,14.0,,,819.5
2945,806,37,804.0,13.0,,,824,36,826.0,28.0,,,815.0
2946,814,40,810.0,27.0,806.0,17.0,828,30,832.0,25.0,836.0,14.0,821.0
2951,796,29,792.0,29.0,,,813,22,817.0,18.0,,,804.5
2949,802,39,800.0,15.0,797.0,8.0,815,38,817.0,11.0,820.0,18.0,808.5
2950,798,37,,,,,810,18,,,,,804.0
2947,810,18,807.0,25.0,,,827,30,830.0,20.0,,,818.5
2952,805,27,802.0,10.0,,,813,28,816.0,27.0,,,809.0
2953,799,15,795.0,14.0,,,815,29,819.0,11.0,,,807.0
2956,796,19,793.0,10.0,,,808,27,811.0,23.0,,,802.0
2955,799,28,795.0,10.0,,,811,35,815.0,30.0,,,805.0
2954,803,18,801.0,17.0,,,814,26,816.0,17.0,,,808.5
2957,789,40,786.0,27.0,,,800,28,803.0,19.0,,,794.5
2958,784,19,782.0,16.0,,,799,33,801.0,26.0,,,791.5
2959,786,25,781.0,11.0,,,796,40,801.0,24.0,,,791.0
2960,783,32,781.0,14.0,,,792,31,794.0,19.0,,,787.5
2961,778,18,774.0,19.0,,,793,18,797.0,30.0,,,785.5
2962,775,20,774.0,27.0,,,787,30,788.0,25.0,,,781.0
2963,773,21,770.0,23.0,,,784,37,787.0,14.0,,,778.5
2964,769,32,767.0,27.0,766.0,15.0,779,25,781.0,10.0,782.0,19.0,774.0
2965,767,36,764.0,23.0,,,778,38,781.0,15.0,,,772.5
2966,758,30,754.0,21.0,,,772,27,776.0,28.0,,,765.0
2967,757,37,753.0,23.0,,,774,40,778.0,13.0,,,765.5
2968,760,35,755.0,30.0,752.0,13.0,774,31,779.0,22.0,782.0,15.0,767.0
2969,754,21,750.0,24.0,,,771,18,775.0,20.0,,,762.5
2970,757,37,754.0,29.0,,,772,22,775.0,18.0,,,764.5
2971,758,32,,,,,771,25,,,,,764.5
2972,763,37,760.0,21.0,,,771,31,774.0,21.0,,,767.0
2973,764,34,762.0,30.0,,,775,29,777.0,17.0,,,769.5
2974,764,38,761.0,13.0,,,776,32,779.0,24.0,,,770.0
2976,766,32,763.0,16.0,,,777,33,780.0,21.0,,,771.5
2975,758,16,755.0,26.0,,,767,32,770.0,26.0,,,762.5
2977,767,36,763.0,23.0,,,783,37,787.0,15.0,,,775.0
2978,765,16,761.0,28.0,,,777,34,781.0,29.0,,,771.0
2979,770,36,766.0,29.0,,,777,31,781.0,28.0,,,773.5
2980,771,28,766.0,11.0,,,784,16,789.0,20.0,,,777.5
2981,778,33,774.0,10.0,,,792,22,796.0,20.0,,,785.0
2982,780,32,776.0,25.0,,,787,37,791.0,18.0,,,783.5
2983,776,28,772.0,27.0,,,789,17,793.0,19.0,,,782.5
2984,781,15,778.0,27.0,,,792,23,795.0,14.0,,,786.5
2985,782,15,780.0,10.0,777.0,8.0,791,38,793.0,23.0,796.0,20.0,786.5
2986,782,30,779.0,13.0,,,789,29,792.0,24.0,,,785.5
2987,778,17,773.0,14.0,,,791,37,796.0,27.0,,,784.5
2988,770,22,767.0,20.0,,,785,37,788.0,24.0,,,777.5
2989,777,25,774.0,24.0,,,786,27,789.0,18.0,,,781.5
2990,781,18,779.0,28.0,,,788,21,790.0,22.0,,,784.5
2991,782,38,780.0,19.0,,,799,22,801.0,17.0,,,790.5
2992,781,23,780.0,13.0,,,790,26,791.0,17.0,,,785.5
2995,771,38,769.0,19.0,,,784,27,786.0,14.0,,,777.5
2994,781,20,777.0,26.0,773.0,12.0,792,20,796.0,21.0,800.0,8.0,786.5
2993,784,40,780.0,14.0,,,795,39,799.0,16.0,,,789.5
2996,776,32,774.0,28.0,770.0,12.0,784,32,786.0,22.0,790.0,11.0,780.0
2997,773,15,769.0,25.0,,,784,15,788.0,14.0,,,778.5
2998,778,24,776.0,28.0,,,790,16,792.0,21.0,,,784.0
2999,773,19,770.0,16.0,,,785,29,788.0,14.0,,,779.0
3000,770,18,767.0,16.0,,,783,20,786.0,13.0,,,776.5
3001,771,35,768.0,16.0,,,783,31,786.0,21.0,,,777.0
3002,775,31,772.0,13.0,,,785,24,788.0,24.0,,,780.0
3003,771,16,767.0,15.0,,,782,22,786.0,30.0,,,776.5
3004,771,22,768.0,17.0,,,777,15,780.0,23.0,,,774.0
3005,773,17,771.0,17.0,,,779,40,781.0,15.0,,,776.0
3006,774,36,771.0,14.0,,,782,34,785.0,21.0,,,778.0
3007,781,39,779.0,18.0,,,791,36,793.0,15.0,,,786.0
3008,785,16,782.0,27.0,,,796,40,799.0,17.0,,,790.5
3009,785,23,781.0,14.0,,,794,33,798.0,22.0,,,789.5
3010,786,40,784.0,11.0,,,801,16,803.0,14.0,,,793.5
3011,788,32,786.0,21.0,,,795,20,797.0,12.0,,,791.5
3012,783,26,,,,,793,32,,,,,788.0
3013,785,35,781.0,12.0,,,793,40,797.0,28.0,,,789.0
3014,781,40,776.0,29.0,,,794,33,799.0,15.0,,,787.5
3015,779,20,776.0,28.0,,,791,37,794.0,27.0,,,785.0
3016,783,27,779.0,12.0,,,796,39,800.0,26.0,,,789.5
3017,784,28,781.0,24.0,,,803,37,806.0,17.0,,,793.5
3018,784,21,781.0,17.0,,,799,38,802.0,23.0,,,791.5
3019,783,26,781.0,17.0,,,793,24,795.0,24.0,,,788.0
3020,784,18,781.0,12.0,,,791,21,794.0,19.0,,,787.5
3021,787,16,784.0,19.0,,,801,19,804.0,17.0,,,794.0
3022,782,31,778.0,14.0,,,795,15,799.0,29.0,,,788.5
3023,787,24,785.0,22.0,,,794,40,796.0,24.0,,,790.5
3024,791,25,788.0,19.0,,,798,34,801.0,23.0,,,794.5
3025,789,28,786.0,14.0,,,799,15,802.0,27.0,,,794.0
3026,784,17,780.0,27.0,,,793,36,797.0,15.0,,,788.5
3027,788,20,784.0,30.0,,,798,36,802.0,20.0,,,793.0
3028,781,22,778.0,28.0,,,796,26,799.0,10.0,,,788.5
3029,783,24,779.0,22.0,,,794,30,798.0,15.0,,,788.5
3030,786,40,782.0,10.0,,,795,37,799.0,27.0,,,790.5
3031,782,28,778.0,21.0,,,795,39,799.0,22.0,,,788.5
3032,780,33,776.0,11.0,,,797,33,801.0,23.0,,,788.5
3033,784,21,781.0,29.0,,,791,23,794.0,14.0,,,787.5
3034,786,38,785.0,30.0,,,793,34,794.0,10.0,,,789.5
3035,785,31,783.0,17.0,,,794,25,796.0,25.0,,,789.5
3036,783,33,779.0,16.0,,,793,24,797.0,19.0,,,788.0
3037,777,39,775.0,23.0,,,790,30,792.0,25.0,,,783.5
3038,774,37,771.0,21.0,,,789,38,792.0,26.0,,,781.5
3039,778,31,775.0,15.0,,,790,25,793.0,26.0,,,784.0
3040,775,17,771.0,19.0,,,784,32,788.0,24.0,,,779.5
3041,770,31,763.0,12.0,,,780,21,787.0,13.0,,,775.0
3042,761,30,755.0,12.0,,,776,24,782.0,20.0,,,768.5
3043,765,27,762.0,28.0,,,778,39,781.0,13.0,,,771.5
3044,768,39,766.0,26.0,,,783,21,785.0,26.0,,,775.5
3045,767,25,763.0,16.0,,,780,33,784.0,25.0,,,773.5
3046,767,30,763.0,16.0,,,777,38,781.0,13.0,,,772.0
3047,769,37,766.0,24.0,,,782,32,785.0,15.0,,,775.5
3048,773,16,768.0,24.0,,,783,28,788.0,16.0,,,778.0
3049,775,38,,,,,785,21,,,,,780.0
3050,770,22,768.0,10.0,,,783,15,785.0,19.0,,,776.5
3051,767,19,765.0,15.0,,,784,16,786.0,30.0,,,775.5
3052,774,15,772.0,10.0,,,782,37,784.0,12.0,,,778.0
3053,773,33,768.0,29.0,,,781,17,786.0,26.0,,,777.0
3054,771,34,768.0,23.0,,,778,20,781.0,15.0,,,774.5
3055,761,39,757.0,24.0,,,776,30,780.0,17.0,,,768.5
3056,767,37,765.0,18.0,,,778,29,780.0,26.0,,,772.5
3057,765,18,762.0,24.0,,,777,21,780.0,30.0,,,771.0
3058,766,26,763.0,18.0,,,776,31,779.0,10.0,,,771.0
3059,758,32,755.0,26.0,,,769,33,772.0,27.0,,,763.5
3060,764,33,761.0,26.0,,,775,20,778.0,23.0,,,769.5
3061,764,39,,,,,775,37,,,,,769.5
3062,762,15,761.0,21.0,,,777,21,778.0,16.0,,,769.5
3063,763,31,,,,,772,16,,,,,767.5
3064,765,38,762.0,25.0,,,775,31,778.0,30.0,,,770.0
3065,764,25,762.0,21.0,,,776,27,778.0,21.0,,,770.0
3066,766,33,762.0,12.0,759.0,6.0,773,30,777.0,26.0,780.0,19.0,769.5
3067,772,30,767.0,21.0,,,782,23,787.0,22.0,,,777.0
3068,778,35,775.0,27.0,,,786,30,789.0,16.0,,,782.0
3069,771,15,,,,,788,31,,,,,779.5
3070,775,27,,,,,785,37,,,,,780.0
3071,780,18,778.0,24.0,,,791,26,793.0,10.0,,,785.5
3072,781,29,779.0,27.0,,,789,27,791.0,20.0,,,785.0
3073,778,34,774.0,17.0,,,792,30,796.0,24.0,,,785.0
3074,782,37,779.0,27.0,,,794,29,797.0,16.0,,,788.0
3075,781,33,777.0,16.0,,,790,39,794.0,14.0,,,785.5
3076,779,15,776.0,16.0,,,783,23,786.0,27.0,,,781.0
3077,776,28,772.0,28.0,,,784,35,788.0,15.0,,,780.0
3078,768,28,766.0,29.0,,,784,15,786.0,26.0,,,776.0
3079,771,25,767.0,23.0,,,786,16,790.0,20.0,,,778.5
3080,769,38,766.0,11.0,,,780,16,783.0,27.0,,,774.5
3081,772,30,771.0,11.0,768.0,18.0,781,22,782.0,12.0,785.0,18.0,776.5
3082,759,28,755.0,22.0,,,776,30,780.0,19.0,,,767.5
3083,768,35,763.0,27.0,,,777,18,782.0,17.0,,,772.5
3084,761,37,758.0,14.0,,,774,16,777.0,17.0,,,767.5
3085,759,32,756.0,10.0,,,771,36,774.0,23.0,,,765.0
3086,759,29,756.0,17.0,,,775,37,778.0,22.0,,,767.0
3087,764,15,761.0,21.0,,,776,20,779.0,17.0,,,770.0
3088,774,26,770.0,21.0,,,785,30,789.0,25.0,,,779.5
3089,771,34,766.0,26.0,,,785,34,790.0,27.0,,,778.0
3090,772,36,769.0,26.0,768.0,7.0,784,18,787.0,29.0,788.0,11.0,778.0
3091,768,34,,,,,778,22,,,,,773.0
3092,772,18,769.0,21.0,,,778,35,781.0,14.0,,,775.0
3093,770,34,766.0,28.0,,,777,27,781.0,26.0,,,773.5
3094,768,27,764.0,11.0,761.0,10.0,775,19,779.0,30.0,782.0,10.0,771.5
3095,767,32,763.0,23.0,,,777,16,781.0,10.0,,,772.0
3096,772,28,769.0,21.0,,,781,26,784.0,28.0,,,776.5
3097,771,34,768.0,22.0,,,784,38,787.0,29.0,,,777.5
3098,775,33,773.0,27.0,771.0,9.0,784,18,786.0,26.0,788.0,12.0,779.5
3099,772,29,769.0,21.0,,,786,39,789.0,28.0,,,779.0
3100,776,23,772.0,21.0,,,785,18,789.0,27.0,,,780.5
3101,771,24,768.0,17.0,,,786,33,789.0,27.0,,,778.5
3102,772,37,768.0,12.0,,,784,25,788.0,18.0,,,778.0
3103,773,32,770.0,21.0,,,786,37,789.0,21.0,,,779.5
3107,770,21,767.0,30.0,,,782,22,785.0,26.0,,,776.0
3105,778,30,774.0,19.0,,,787,21,791.0,23.0,,,782.5
3106,774,29,,,,,783,20,,,,,778.5
3104,780,40,778.0,21.0,,,790,18,792.0,14.0,,,785.0
3108,770,27,766.0,28.0,,,782,24,786.0,30.0,,,776.0
3109,775,26,773.0,21.0,,,781,26,783.0,16.0,,,778.0
3110,776,21,774.0,22.0,,,786,21,788.0,29.0,,,781.0
3111,770,21,766.0,12.0,,,783,39,787.0,12.0,,,776.5
3112,768,37,,,,,781,36,,,,,774.5
3113,769,39,,,,,786,19,,,,,777.5
3114,771,21,768.0,12.0,,,782,17,785.0,22.0,,,776.5
3115,775,37,772.0,22.0,,,785,24,788.0,17.0,,,780.0
3116,764,33,762.0,24.0,,,778,19,780.0,16.0,,,771.0
3117,766,32,763.0,17.0,760.0,6.0,779,36,782.0,14.0,785.0,16.0,772.5
3118,772,26,767.0,24.0,,,787,38,792.0,25.0,,,779.5
3119,771,25,769.0,14.0,766.0,19.0,782,23,784.0,24.0,787.0,11.0,776.5
3120,769,27,768.0,24.0,,,784,21,785.0,14.0,,,776.5
3121,773,28,771.0,30.0,,,786,37,788.0,23.0,,,779.5
3122,776,20,774.0,15.0,,,789,17,791.0,30.0,,,782.5
3123,780,25,776.0,18.0,,,791,34,795.0,10.0,,,785.5
3124,776,32,773.0,24.0,,,792,15,795.0,18.0,,,784.0
3125,776,22,774.0,14.0,,,785,40,787.0,14.0,,,780.5
3126,774,22,770.0,27.0,,,787,37,791.0,22.0,,,780.5
3127,781,29,779.0,29.0,,,801,30,803.0,24.0,,,791.0
3128,791,37,787.0,19.0,,,805,30,809.0,19.0,,,798.0
3129,787,21,785.0,20.0,783.0,9.0,800,17,802.0,24.0,804.0,12.0,793.5
3130,776,15,774.0,25.0,,,793,20,795.0,30.0,,,784.5
3133,771,31,770.0,12.0,,,788,38,789.0,27.0,,,779.5
3131,776,17,771.0,11.0,,,782,39,787.0,14.0,,,779.0
3134,771,20,767.0,18.0,,,785,40,789.0,25.0,,,778.0
3135,769,22,766.0,15.0,763.0,14.0,782,35,785.0,25.0,788.0,16.0,775.5
3136,766,18,763.0,11.0,,,775,19,778.0,17.0,,,770.5
3137,767,34,762.0,15.0,,,776,19,781.0,25.0,,,771.5
3138,759,21,754.0,11.0,752.0,18.0,773,40,778.0,28.0,780.0,20.0,766.0
3139,758,19,754.0,18.0,,,768,33,772.0,20.0,,,763.0
3140,764,40,761.0,10.0,,,769,40,772.0,17.0,,,766.5
3141,763,24,760.0,10.0,,,774,18,777.0,23.0,,,768.5
3142,763,28,760.0,24.0,759.0,5.0,774,21,777.0,13.0,778.0,19.0,768.5
3143,765,23,762.0,22.0,,,779,25,782.0,23.0,,,772.0
3144,768,27,766.0,11.0,,,782,23,784.0,29.0,,,775.0
3145,765,17,762.0,10.0,,,775,22,778.0,15.0,,,770.0
3146,767,31,,,,,774,17,,,,,770.5
3147,767,26,764.0,13.0,,,772,19,775.0,26.0,,,769.5
3148,762,38,757.0,30.0,,,775,29,780.0,26.0,,,768.5
3149,764,31,762.0,11.0,,,773,21,775.0,22.0,,,768.5
3150,767,38,763.0,17.0,,,778,33,782.0,28.0,,,772.5
3151,771,27,766.0,21.0,,,778,16,783.0,17.0,,,774.5
3152,769,24,766.0,24.0,,,784,38,787.0,30.0,,,776.5
3153,774,22,771.0,25.0,,,784,19,787.0,24.0,,,779.0
3154,771,20,769.0,16.0,765.0,10.0,785,40,787.0,28.0,791.0,15.0,778.0
3155,782,40,778.0,21.0,776.0,15.0,790,27,794.0,12.0,796.0,8.0,786.0
3156,786,31,783.0,23.0,,,797,34,800.0,15.0,,,791.5
3157,787,23,784.0,28.0,781.0,14.0,797,26,800.0,21.0,803.0,16.0,792.0
3158,784,22,780.0,15.0,,,802,28,806.0,12.0,,,793.0
3159,785,18,781.0,29.0,,,796,32,800.0,24.0,,,790.5
3161,784,35,780.0,27.0,,,800,36,804.0,16.0,,,792.0
3160,787,18,784.0,11.0,,,797,37,800.0,30.0,,,792.0
3162,787,22,786.0,12.0,,,797,34,798.0,30.0,,,792.0
3163,773,16,769.0,29.0,,,784,22,788.0,12.0,,,778.5
3164,778,18,774.0,19.0,,,785,37,789.0,29.0,,,781.5
3165,768,35,766.0,17.0,,,782,30,784.0,28.0,,,775.0
3166,767,27,763.0,12.0,760.0,5.0,780,32,784.0,20.0,787.0,6.0,773.5
3167,775,27,773.0,29.0,,,793,38,795.0,24.0,,,784.0
3168,785,39,783.0,30.0,,,795,28,797.0,16.0,,,790.0
3169,788,40,784.0,26.0,,,802,18,806.0,20.0,,,795.0
3170,786,33,783.0,17.0,,,798,30,801.0,28.0,,,792.0
3171,786,38,784.0,27.0,,,799,37,801.0,25.0,,,792.5
3173,789,36,788.0,11.0,,,808,17,809.0,17.0,,,798.5
3174,793,18,789.0,25.0,,,803,26,807.0,16.0,,,798.0
3175,790,30,787.0,12.0,,,803,34,806.0,19.0,,,796.5
3176,788,24,785.0,28.0,,,798,36,801.0,16.0,,,793.0
3177,785,22,781.0,18.0,,,800,34,804.0,13.0,,,792.5
3178,786,28,782.0,28.0,,,800,21,804.0,26.0,,,793.0
3179,788,39,783.0,13.0,,,797,25,802.0,19.0,,,792.5
3180,783,25,780.0,19.0,,,794,26,797.0,27.0,,,788.5
3181,784,32,782.0,21.0,,,801,22,803.0,14.0,,,792.5
3182,782,23,777.0,11.0,774.0,8.0,793,34,798.0,14.0,801.0,10.0,787.5
3183,778,31,774.0,22.0,,,788,20,792.0,11.0,,,783.0
3184,778,39,777.0,22.0,,,788,40,789.0,25.0,,,783.0
3185,782,31,778.0,27.0,,,793,34,797.0,21.0,,,787.5
3186,775,15,770.0,20.0,,,798,33,803.0,19.0,,,786.5
3187,780,29,777.0,22.0,,,791,32,794.0,20.0,,,785.5
3188,778,27,774.0,22.0,,,790,29,794.0,15.0,,,784.0
3190,772,17,770.0,30.0,,,783,36,785.0,24.0,,,777.5
3191,771,25,769.0,14.0,,,790,39,792.0,24.0,,,780.5
3192,779,19,777.0,18.0,,,789,35,791.0,21.0,,,784.0
3193,769,22,766.0,22.0,764.0,19.0,782,30,785.0,30.0,787.0,20.0,775.5
3194,774,25,771.0,12.0,,,783,19,786.0,21.0,,,778.5
3195,774,15,772.0,14.0,,,783,36,785.0,17.0,,,778.5
3196,775,17,771.0,15.0,,,786,20,790.0,11.0,,,780.5
3197,784,16,781.0,23.0,,,790,38,793.0,19.0,,,787.0
3198,780,22,777.0,15.0,,,787,15,790.0,30.0,,,783.5
3199,780,20,776.0,14.0,,,791,18,795.0,30.0,,,785.5
3200,775,23,772.0,10.0,,,794,16,797.0,10.0,,,784.5
3201,774,19,770.0,10.0,,,785,37,789.0,17.0,,,779.5
3203,773,20,770.0,12.0,,,788,36,791.0,21.0,,,780.5
3202,769,22,765.0,22.0,,,786,38,790.0,22.0,,,777.5
3204,771,29,,,,,787,23,,,,,779.0
3205,774,30,772.0,28.0,,,782,31,784.0,22.0,,,778.0
3206,777,29,773.0,28.0,769.0,10.0,789,21,793.0,12.0,797.0,12.0,783.0
3207,774,30,771.0,26.0,,,791,16,794.0,28.0,,,782.5
3208,778,39,,,,,786,30,,,,,782.0
3209,777,20,774.0,19.0,,,788,30,791.0,28.0,,,782.5
3210,777,38,774.0,10.0,,,788,15,791.0,30.0,,,782.5
3211,779,27,774.0,25.0,,,791,19,796.0,21.0,,,785.0
3217,765,34,761.0,14.0,,,777,40,781.0,21.0,,,771.0
3214,778,25,773.0,27.0,,,785,23,790.0,25.0,,,781.5
3215,770,29,,,,,788,25,,,,,779.0
3216,763,35,759.0,21.0,,,780,38,784.0,26.0,,,771.5
3213,776,17,774.0,27.0,,,792,15,794.0,24.0,,,784.0
3218,763,36,761.0,26.0,,,775,21,777.0,19.0,,,769.0
3219,767,37,765.0,27.0,762.0,13.0,781,18,783.0,15.0,786.0,19.0,774.0
3220,772,21,768.0,15.0,,,785,27,789.0,25.0,,,778.5
3221,772,33,768.0,11.0,,,786,35,790.0,12.0,,,779.0
3222,778,26,,,,,788,21,,,,,783.0
3223,778,36,775.0,14.0,,,791,18,794.0,21.0,,,784.5
3224,774,15,770.0,17.0,,,793,35,797.0,20.0,,,783.5
3225,771,15,769.0,23.0,,,781,29,783.0,14.0,,,776.0
3226,772,36,,,,,778,15,,,,,775.0
3227,763,36,762.0,17.0,758.0,11.0,781,25,782.0,27.0,786.0,18.0,772.0
3228,769,20,765.0,22.0,,,782,38,786.0,14.0,,,775.5
3229,765,40,,,,,783,32,,,,,774.0
3230,766,21,761.0,30.0,,,776,38,781.0,19.0,,,771.0
3231,765,29,763.0,19.0,,,776,37,778.0,22.0,,,770.5
3232,768,37,765.0,21.0,,,781,21,784.0,20.0,,,774.5
3233,774,16,772.0,27.0,,,789,16,791.0,29.0,,,781.5
3234,778,32,774.0,21.0,,,790,29,794.0,11.0,,,784.0
3235,780,22,776.0,10.0,,,792,34,796.0,16.0,,,786.0
3236,783,29,780.0,28.0,,,794,25,797.0,17.0,,,788.5
3237,787,36,784.0,18.0,,,795,19,798.0,20.0,,,791.0
3239,773,27,770.0,19.0,,,790,28,793.0,17.0,,,781.5
3240,777,26,775.0,29.0,,,791,16,793.0,25.0,,,784.0
3241,779,28,775.0,11.0,773.0,16.0,792,26,796.0,27.0,798.0,18.0,785.5
3242,776,20,773.0,11.0,,,788,32,791.0,11.0,,,782.0
3243,781,18,779.0,11.0,,,789,35,791.0,25.0,,,785.0
3244,783,25,777.0,28.0,,,791,28,797.0,11.0,,,787.0
3245,791,26,789.0,25.0,,,797,26,799.0,10.0,,,794.0
3246,795,26,792.0,16.0,789.0,5.0,802,33,805.0,25.0,808.0,13.0,798.5
3247,793,20,790.0,30.0,787.0,6.0,803,27,806.0,27.0,809.0,13.0,798.0
3248,791,37,787.0,16.0,,,804,32,808.0,18.0,,,797.5
3249,788,20,785.0,15.0,,,801,21,804.0,18.0,,,794.5
3250,794,32,791.0,27.0,,,804,38,807.0,23.0,,,799.0
3251,791,32,787.0,25.0,,,804,18,808.0,12.0,,,797.5
3252,797,16,793.0,22.0,,,808,23,812.0,21.0,,,802.5
3253,804,20,802.0,27.0,,,811,32,813.0,13.0,,,807.5
3254,799,34,796.0,24.0,,,813,18,816.0,11.0,,,806.0
3255,803,39,800.0,15.0,,,815,39,818.0,22.0,,,809.0
3256,802,17,800.0,24.0,,,815,24,817.0,20.0,,,808.5
3257,798,28,794.0,21.0,,,814,22,818.0,26.0,,,806.0
3258,798,15,794.0,19.0,,,813,16,817.0,25.0,,,805.5
3259,798,31,795.0,27.0,792.0,12.0,811,34,814.0,14.0,817.0,7.0,804.5
3260,802,24,799.0,21.0,798.0,20.0,810,40,813.0,20.0,814.0,11.0,806.0
3261,800,29,795.0,22.0,,,809,19,814.0,19.0,,,804.5
3262,801,26,800.0,22.0,,,811,21,812.0,10.0,,,806.0
3263,805,31,802.0,10.0,,,812,18,815.0,19.0,,,808.5
3264,801,32,797.0,29.0,,,813,30,817.0,18.0,,,807.0
3265,800,23,796.0,20.0,,,818,38,822.0,14.0,,,809.0
3266,802,28,799.0,11.0,,,816,20,819.0,28.0,,,809.0
3267,802,32,800.0,18.0,,,813,20,815.0,28.0,,,807.5
3268,801,30,797.0,12.0,,,812,38,816.0,20.0,,,806.5
3269,794,17,791.0,26.0,,,809,19,812.0,16.0,,,801.5
3270,793,29,789.0,12.0,,,806,33,810.0,27.0,,,799.5
3271,790,40,787.0,29.0,,,802,39,805.0,16.0,,,796.0
3272,796,32,794.0,15.0,789.0,11.0,806,28,808.0,29.0,813.0,12.0,801.0
3273,800,36,797.0,10.0,,,812,22,815.0,19.0,,,806.0
3274,799,28,796.0,21.0,,,813,29,816.0,27.0,,,806.0
3275,796,36,792.0,13.0,,,810,35,814.0,12.0,,,803.0
3276,800,29,797.0,28.0,,,808,34,811.0,29.0,,,804.0
3277,795,28,791.0,30.0,,,807,30,811.0,16.0,,,801.0
3278,798,36,796.0,21.0,,,811,25,813.0,27.0,,,804.5
3279,799,17,794.0,23.0,,,811,25,816.0,28.0,,,805.0
3280,798,23,794.0,13.0,,,806,35,810.0,30.0,,,802.0
3281,790,25,787.0,28.0,,,809,23,812.0,26.0,,,799.5
3282,795,37,792.0,26.0,,,801,18,804.0,22.0,,,798.0
3283,790,21,787.0,10.0,,,802,25,805.0,22.0,,,796.0
3284,792,32,788.0,30.0,,,804,38,808.0,10.0,,,798.0
3285,793,24,789.0,19.0,,,802,26,806.0,24.0,,,797.5
3286,794,38,792.0,30.0,,,809,23,811.0,26.0,,,801.5
3287,795,29,792.0,27.0,,,806,21,809.0,22.0,,,800.5
3288,797,26,795.0,23.0,,,810,38,812.0,24.0,,,803.5
3289,798,37,794.0,14.0,,,810,33,814.0,11.0,,,804.0
3290,792,21,791.0,16.0,,,806,20,807.0,27.0,,,799.0
3291,790,25,,,,,802,39,,,,,796.0
3292,792,37,789.0,29.0,,,803,34,806.0,19.0,,,797.5
3293,790,17,789.0,27.0,,,803,31,804.0,24.0,,,796.5
3294,792,39,789.0,17.0,,,807,28,810.0,22.0,,,799.5
3295,794,39,791.0,28.0,,,810,20,813.0,13.0,,,802.0
3296,795,23,792.0,19.0,,,808,36,811.0,17.0,,,801.5
3297,791,37,787.0,25.0,,,805,17,809.0,24.0,,,798.0
3298,793,16,789.0,10.0,,,808,28,812.0,27.0,,,800.5
3299,795,29,792.0,20.0,,,805,31,808.0,23.0,,,800.0
3300,792,39,789.0,24.0,,,810,33,813.0,17.0,,,801.0
3301,794,23,790.0,17.0,,,808,40,812.0,22.0,,,801.0
3302,792,40,789.0,16.0,,,801,31,804.0,16.0,,,796.5
3303,793,30,790.0,21.0,,,805,20,808.0,29.0,,,799.0
3304,799,17,796.0,16.0,792.0,6.0,809,24,812.0,12.0,816.0,15.0,804.0
3305,796,26,793.0,20.0,,,810,31,813.0,28.0,,,803.0
3306,793,28,790.0,17.0,,,807,35,810.0,13.0,,,800.0
3307,796,24,793.0,29.0,,,809,40,812.0,11.0,,,802.5
3308,796,20,794.0,23.0,,,807,30,809.0,28.0,,,801.5
3309,796,31,,,,,803,22,,,,,799.5
3310,795,35,792.0,18.0,,,806,26,809.0,29.0,,,800.5
3311,795,31,791.0,20.0,788.0,15.0,806,23,810.0,14.0,813.0,14.0,800.5
3312,793,34,791.0,22.0,,,804,19,806.0,15.0,,,798.5
3313,796,29,793.0,12.0,,,807,30,810.0,18.0,,,801.5
3314,798,22,795.0,29.0,,,808,32,811.0,11.0,,,803.0
3315,792,39,787.0,12.0,,,805,31,810.0,14.0,,,798.5
3316,788,22,,,,,799,25,,,,,793.5
3317,784,36,781.0,10.0,,,801,40,804.0,21.0,,,792.5
3318,786,30,785.0,28.0,,,798,33,799.0,21.0,,,792.0
3319,783,35,781.0,20.0,,,797,19,799.0,27.0,,,790.0
3321,782,28,781.0,10.0,,,794,35,795.0,22.0,,,788.0
3320,787,17,785.0,20.0,,,797,28,799.0,27.0,,,792.0
3322,782,27,781.0,16.0,,,789,36,790.0,27.0,,,785.5
3323,782,19,778.0,18.0,,,797,35,801.0,15.0,,,789.5
3324,787,37,783.0,12.0,,,800,22,804.0,21.0,,,793.5
3325,786,40,785.0,24.0,,,797,17,798.0,25.0,,,791.5
3326,783,16,,,,,794,29,,,,,788.5
3327,785,38,781.0,20.0,,,797,21,801.0,27.0,,,791.0
3328,787,39,783.0,16.0,778.0,7.0,798,17,802.0,10.0,807.0,14.0,792.5
3329,791,23,787.0,17.0,,,802,27,806.0,25.0,,,796.5
3330,796,40,794.0,11.0,,,809,36,811.0,19.0,,,802.5
3331,794,23,791.0,18.0,,,813,24,816.0,19.0,,,803.5
3333,799,32,797.0,23.0,,,814,27,816.0,12.0,,,806.5
3332,799,19,796.0,23.0,,,809,39,812.0,16.0,,,804.0
3334,794,18,793.0,12.0,,,812,16,813.0,30.0,,,803.0
3335,799,24,,,,,807,40,,,,,803.0
3336,796,23,792.0,11.0,,,809,19,813.0,12.0,,,802.5
3337,789,24,786.0,29.0,,,807,37,810.0,25.0,,,798.0
3338,785,28,781.0,23.0,,,796,17,800.0,11.0,,,790.5
3339,787,26,783.0,12.0,,,795,21,799.0,29.0,,,791.0
3340,784,17,780.0,16.0,,,796,20,800.0,17.0,,,790.0
3341,782,32,779.0,24.0,,,795,26,798.0,13.0,,,788.5
3342,782,25,779.0,14.0,,,794,25,797.0,30.0,,,788.0
3343,783,39,780.0,29.0,,,794,31,797.0,28.0,,,788.5
3344,786,15,783.0,20.0,,,799,26,802.0,17.0,,,792.5
3345,786,35,784.0,22.0,,,798,40,800.0,28.0,,,792.0
3346,786,33,783.0,20.0,,,797,24,800.0,19.0,,,791.5
3347,786,21,782.0,11.0,,,794,23,798.0,17.0,,,790.0
3348,784,38,781.0,20.0,,,797,20,800.0,11.0,,,790.5
3349,783,28,778.0,26.0,,,793,19,798.0,10.0,,,788.0
3350,788,28,,,,,799,23,,,,,793.5
3351,789,36,786.0,17.0,,,801,22,804.0,22.0,,,795.0
3352,786,27,784.0,25.0,,,801,18,803.0,25.0,,,793.5
3353,788,38,783.0,18.0,,,797,24,802.0,11.0,,,792.5
3354,789,26,785.0,21.0,,,805,22,809.0,11.0,,,797.0
3355,791,21,788.0,15.0,,,805,32,808.0,29.0,,,798.0
3356,797,36,794.0,29.0,,,808,21,811.0,24.0,,,802.5
3357,794,24,791.0,16.0,,,804,15,807.0,17.0,,,799.0
3358,788,25,784.0,14.0,,,805,16,809.0,30.0,,,796.5
3359,788,17,784.0,16.0,,,799,31,803.0,28.0,,,793.5
3360,787,15,785.0,29.0,,,802,25,804.0,18.0,,,794.5
3361,788,36,784.0,23.0,,,800,34,804.0,17.0,,,794.0
3362,788,18,784.0,22.0,,,802,33,806.0,28.0,,,795.0
3363,793,40,790.0,20.0,,,799,29,802.0,13.0,,,796.0
3364,792,34,787.0,22.0,,,802,28,807.0,30.0,,,797.0
3365,792,36,788.0,30.0,785.0,20.0,800,20,804.0,14.0,807.0,13.0,796.0
3366,791,19,787.0,19.0,,,799,32,803.0,12.0,,,795.0
3367,784,22,781.0,16.0,,,798,38,801.0,28.0,,,791.0
3368,785,23,781.0,19.0,,,798,18,802.0,15.0,,,791.5
3369,790,16,787.0,27.0,,,801,24,804.0,24.0,,,795.5
3370,785,35,781.0,28.0,,,800,33,804.0,15.0,,,792.5
3371,785,34,781.0,10.0,,,802,21,806.0,23.0,,,793.5
3372,786,28,784.0,21.0,,,797,27,799.0,21.0,,,791.5
3373,784,33,781.0,14.0,,,792,38,795.0,19.0,,,788.0
3374,786,23,783.0,18.0,,,801,40,804.0,24.0,,,793.5
3375,791,30,,,,,799,28,,,,,795.0
3376,792,21,789.0,30.0,,,806,30,809.0,11.0,,,799.0
3377,792,28,790.0,12.0,,,804,26,806.0,10.0,,,798.0
3378,787,24,785.0,19.0,782.0,6.0,800,38,802.0,16.0,805.0,14.0,793.5
3379,785,22,780.0,22.0,,,801,35,806.0,12.0,,,793.0
3380,789,21,,,,,800,36,,,,,794.5
3381,788,37,785.0,21.0,,,802,16,805.0,17.0,,,795.0
3382,785,36,784.0,18.0,,,801,31,802.0,17.0,,,793.0
3383,781,33,778.0,27.0,776.0,7.0,793,35,796.0,27.0,798.0,5.0,787.0
3384,780,21,776.0,12.0,,,793,28,797.0,26.0,,,786.5
3385,777,39,773.0,23.0,,,790,15,794.0,29.0,,,783.5
3389,777,18,774.0,19.0,,,792,20,795.0,10.0,,,784.5
3387,775,39,,,,,786,25,,,,,780.5
3388,776,20,773.0,10.0,,,783,37,786.0,30.0,,,779.5
3386,777,18,775.0,28.0,,,783,15,785.0,26.0,,,780.0
3390,777,18,776.0,16.0,,,785,36,786.0,17.0,,,781.0
3391,776,23,,,,,788,33,,,,,782.0
3392,774,27,773.0,11.0,,,786,38,787.0,30.0,,,780.0
3393,775,17,774.0,15.0,,,787,32,788.0,14.0,,,781.0
3394,777,33,776.0,23.0,773.0,8.0,789,28,790.0,29.0,793.0,19.0,783.0
3395,778,17,,,,,791,38,,,,,784.5
3396,777,32,775.0,26.0,,,789,31,791.0,22.0,,,783.0
3397,781,30,777.0,30.0,775.0,12.0,790,23,794.0,29.0,796.0,8.0,785.5
3398,781,22,779.0,15.0,,,791,37,793.0,15.0,,,786.0
3399,782,33,779.0,30.0,,,796,19,799.0,17.0,,,789.0
3400,787,36,783.0,26.0,,,793,15,797.0,18.0,,,790.0
3401,788,34,783.0,16.0,,,798,35,803.0,30.0,,,793.0
3402,782,24,780.0,15.0,,,798,40,800.0,13.0,,,790.0
3403,784,24,781.0,12.0,,,800,26,803.0,22.0,,,792.0
3404,784,25,781.0,21.0,,,795,35,798.0,11.0,,,789.5
3405,782,34,779.0,11.0,776.0,7.0,792,27,795.0,10.0,798.0,13.0,787.0
3406,784,26,782.0,20.0,,,797,17,799.0,20.0,,,790.5
3407,784,24,781.0,22.0,,,791,37,794.0,11.0,,,787.5
3408,780,24,778.0,24.0,775.0,11.0,789,21,791.0,19.0,794.0,19.0,784.5
3409,770,39,766.0,28.0,,,782,21,786.0,21.0,,,776.0
3410,765,38,763.0,26.0,,,780,37,782.0,30.0,,,772.5
3411,761,22,758.0,12.0,,,770,18,773.0,22.0,,,765.5
3412,762,34,759.0,30.0,755.0,15.0,778,38,781.0,30.0,785.0,17.0,770.0
3413,758,23,755.0,14.0,,,771,40,774.0,13.0,,,764.5
3414,761,40,758.0,17.0,754.0,8.0,772,29,775.0,16.0,779.0,7.0,766.5
3415,762,27,760.0,10.0,,,769,29,771.0,10.0,,,765.5
3416,758,15,753.0,22.0,,,776,18,781.0,11.0,,,767.0
3418,760,36,,,,,774,22,,,,,767.0
3419,763,38,761.0,16.0,,,779,28,781.0,16.0,,,771.0
3420,766,31,762.0,28.0,,,775,25,779.0,10.0,,,770.5
3421,771,28,768.0,16.0,,,777,19,780.0,17.0,,,774.0
3422,774,17,771.0,24.0,,,785,26,788.0,20.0,,,779.5
3423,775,34,772.0,13.0,,,788,18,791.0,24.0,,,781.5
3424,776,29,775.0,11.0,,,784,17,785.0,19.0,,,780.0
3425,775,40,770.0,24.0,,,785,16,790.0,29.0,,,780.0
3426,774,40,772.0,20.0,,,784,23,786.0,12.0,,,779.0
3427,767,29,764.0,28.0,,,780,35,783.0,21.0,,,773.5
3428,759,28,756.0,15.0,,,773,34,776.0,14.0,,,766.0
3429,763,29,761.0,26.0,,,770,29,772.0,15.0,,,766.5
3430,766,19,764.0,28.0,,,778,39,780.0,11.0,,,772.0
3431,762,23,759.0,19.0,757.0,6.0,776,31,779.0,17.0,781.0,5.0,769.0
3436,756,27,752.0,22.0,,,765,37,769.0,17.0,,,760.5
3433,759,36,755.0,20.0,,,775,33,779.0,23.0,,,767.0
3434,760,28,757.0,14.0,,,773,34,776.0,19.0,,,766.5
3435,760,18,757.0,23.0,,,770,18,773.0,23.0,,,765.0
3432,758,18,755.0,19.0,,,764,27,767.0,20.0,,,761.0
3437,750,27,748.0,12.0,,,765,29,767.0,13.0,,,757.5
3438,753,36,750.0,28.0,,,766,16,769.0,26.0,,,759.5
3439,750,21,748.0,17.0,,,759,29,761.0,30.0,,,754.5
3440,743,38,742.0,11.0,,,756,36,757.0,14.0,,,749.5
3441,741,29,739.0,27.0,,,752,17,754.0,11.0,,,746.5
3442,740,33,738.0,26.0,,,753,35,755.0,20.0,,,746.5
3443,737,26,734.0,26.0,731.0,17.0,747,15,750.0,26.0,753.0,18.0,742.0
3444,742,19,741.0,19.0,,,749,37,750.0,24.0,,,745.5
3445,739,36,734.0,28.0,,,752,28,757.0,19.0,,,745.5
3446,735,20,732.0,27.0,,,749,24,752.0,18.0,,,742.0
3447,735,36,732.0,28.0,,,751,39,754.0,24.0,,,743.0
3448,742,31,739.0,27.0,,,751,20,754.0,16.0,,,746.5
3449,738,16,735.0,22.0,,,749,25,752.0,12.0,,,743.5
3450,735,17,730.0,11.0,,,749,22,754.0,14.0,,,742.0
3451,737,17,735.0,18.0,,,750,15,752.0,16.0,,,743.5
3452,740,20,738.0,16.0,735.0,18.0,748,40,750.0,25.0,753.0,19.0,744.0
3453,738,15,736.0,17.0,734.0,11.0,749,33,751.0,14.0,753.0,12.0,743.5
3454,734,34,730.0,12.0,,,750,39,754.0,13.0,,,742.0
3455,737,28,,,,,749,15,,,,,743.0
3456,734,27,731.0,29.0,,,747,32,750.0,23.0,,,740.5
3457,737,24,735.0,14.0,,,744,22,746.0,20.0,,,740.5
3458,733,16,730.0,25.0,,,747,38,750.0,27.0,,,740.0
3459,729,30,726.0,26.0,725.0,19.0,742,39,745.0,27.0,746.0,12.0,735.5
3460,731,27,727.0,26.0,,,749,24,753.0,10.0,,,740.0
3461,731,33,727.0,24.0,,,744,29,748.0,19.0,,,737.5
3462,731,39,728.0,19.0,,,747,28,750.0,11.0,,,739.0
3463,738,24,735.0,23.0,,,745,16,748.0,21.0,,,741.5
3464,737,17,734.0,13.0,,,751,38,754.0,24.0,,,744.0
3465,740,29,737.0,28.0,734.0,19.0,752,31,755.0,16.0,758.0,7.0,746.0
3466,738,24,736.0,24.0,,,751,29,753.0,11.0,,,744.5
3467,732,17,729.0,28.0,,,745,31,748.0,15.0,,,738.5
3468,735,24,,,,,751,30,,,,,743.0
3469,740,23,736.0,22.0,735.0,17.0,751,20,755.0,19.0,756.0,7.0,745.5
3470,735,33,731.0,18.0,729.0,14.0,751,38,755.0,20.0,757.0,18.0,743.0
3471,738,24,735.0,21.0,,,751,31,754.0,27.0,,,744.5
3472,742,37,739.0,10.0,,,753,37,756.0,13.0,,,747.5
3473,742,20,739.0,13.0,,,752,35,755.0,20.0,,,747.0
3474,739,23,736.0,25.0,,,752,26,755.0,20.0,,,745.5
3475,741,39,738.0,10.0,,,756,17,759.0,15.0,,,748.5
3476,741,40,,,,,754,36,,,,,747.5
3477,740,26,736.0,13.0,,,751,24,755.0,11.0,,,745.5
3478,739,30,737.0,23.0,,,758,18,760.0,10.0,,,748.5
3479,746,26,743.0,12.0,,,753,38,756.0,13.0,,,749.5
3480,740,21,738.0,17.0,,,753,25,755.0,11.0,,,746.5
3481,739,19,736.0,23.0,,,752,19,755.0,12.0,,,745.5
3482,743,38,739.0,23.0,,,752,22,756.0,13.0,,,747.5
3483,740,30,737.0,17.0,,,751,31,754.0,10.0,,,745.5
3484,740,17,737.0,22.0,,,753,20,756.0,20.0,,,746.5
3485,742,24,738.0,19.0,,,755,32,759.0,28.0,,,748.5
3486,735,18,732.0,26.0,730.0,12.0,745,22,748.0,12.0,750.0,16.0,740.0
3487,733,15,729.0,13.0,,,748,31,752.0,13.0,,,740.5
3488,735,26,731.0,19.0,,,748,33,752.0,12.0,,,741.5
3489,738,36,734.0,26.0,,,749,25,753.0,27.0,,,743.5
3490,736,37,733.0,15.0,729.0,12.0,751,24,754.0,23.0,758.0,8.0,743.5
3491,731,17,727.0,15.0,726.0,18.0,749,33,753.0,17.0,754.0,18.0,740.0
3492,737,17,734.0,14.0,730.0,9.0,744,38,747.0,10.0,751.0,6.0,740.5
3493,734,23,,,,,745,28,,,,,739.5
3494,727,15,723.0,12.0,,,739,30,743.0,10.0,,,733.0
3495,728,24,,,,,737,35,,,,,732.5
3496,729,23,725.0,29.0,,,736,26,740.0,28.0,,,732.5
3497,727,22,724.0,18.0,,,748,23,751.0,20.0,,,737.5
3498,729,35,726.0,18.0,,,737,37,740.0,14.0,,,733.0
3499,734,15,732.0,30.0,,,745,33,747.0,24.0,,,739.5
3500,738,30,734.0,17.0,,,747,37,751.0,11.0,,,742.5
3501,735,35,732.0,25.0,,,750,34,753.0,29.0,,,742.5
3502,738,18,734.0,24.0,,,748,37,752.0,21.0,,,743.0
3503,738,15,,,,,750,37,,,,,744.0
3504,738,20,733.0,21.0,730.0,18.0,752,23,757.0,17.0,760.0,16.0,745.0
3505,740,40,738.0,13.0,,,752,15,754.0,19.0,,,746.0
3506,740,29,736.0,20.0,,,754,33,758.0,23.0,,,747.0
3507,745,38,742.0,12.0,,,755,15,758.0,30.0,,,750.0
3508,742,36,739.0,19.0,,,754,34,757.0,18.0,,,748.0
3509,743,20,741.0,18.0,,,752,35,754.0,28.0,,,747.5
3510,740,27,737.0,14.0,,,757,21,760.0,22.0,,,748.5
3511,742,33,739.0,14.0,736.0,20.0,752,17,755.0,25.0,758.0,14.0,747.0
3512,738,16,735.0,12.0,,,750,16,753.0,27.0,,,744.0
3513,739,16,736.0,11.0,733.0,9.0,753,28,756.0,16.0,759.0,14.0,746.0
3514,736,15,733.0,22.0,,,751,30,754.0,28.0,,,743.5
3515,735,23,731.0,30.0,,,746,36,750.0,18.0,,,740.5
3516,734,19,733.0,23.0,730.0,17.0,748,27,749.0,15.0,752.0,13.0,741.0
3518,730,25,727.0,18.0,,,745,38,748.0,12.0,,,737.5
3520,730,38,728.0,29.0,,,745,20,747.0,12.0,,,737.5
3522,733,38,732.0,12.0,,,742,16,743.0,18.0,,,737.5
3521,728,34,725.0,14.0,,,743,19,746.0,22.0,,,735.5
3523,730,36,728.0,23.0,,,740,30,742.0,19.0,,,735.0
3524,727,21,726.0,17.0,,,737,39,738.0,28.0,,,732.0
3525,728,30,,,,,740,39,,,,,734.0
3526,732,18,728.0,22.0,,,740,38,744.0,10.0,,,736.0
3527,732,28,729.0,25.0,727.0,15.0,744,31,747.0,15.0,749.0,13.0,738.0
3528,727,19,724.0,26.0,,,742,28,745.0,18.0,,,734.5
3529,729,35,726.0,18.0,,,738,40,741.0,21.0,,,733.5
3530,724,37,722.0,14.0,,,742,24,744.0,24.0,,,733.0
3531,727,18,,,,,738,34,,,,,732.5
3532,723,16,720.0,14.0,,,740,26,743.0,29.0,,,731.5
3533,724,21,720.0,10.0,717.0,10.0,741,25,745.0,28.0,748.0,10.0,732.5
3534,728,22,726.0,25.0,,,742,36,744.0,12.0,,,735.0
3535,731,19,727.0,14.0,,,745,39,749.0,25.0,,,738.0
3536,731,15,729.0,28.0,727.0,11.0,749,20,751.0,11.0,753.0,6.0,740.0
3537,733,30,730.0,26.0,,,744,37,747.0,18.0,,,738.5
3538,735,34,731.0,22.0,726.0,19.0,750,40,754.0,18.0,759.0,12.0,742.5
3539,732,19,730.0,20.0,,,747,37,749.0,11.0,,,739.5
3540,737,33,733.0,16.0,,,746,23,750.0,25.0,,,741.5
3541,738,25,735.0,18.0,,,749,34,752.0,20.0,,,743.5
3542,737,27,736.0,14.0,,,748,20,749.0,16.0,,,742.5
3543,737,36,732.0,11.0,,,751,21,756.0,25.0,,,744.0
3544,741,29,739.0,20.0,,,752,38,754.0,22.0,,,746.5
3545,736,21,733.0,15.0,,,750,27,753.0,13.0,,,743.0
3546,734,28,730.0,27.0,,,749,31,753.0,19.0,,,741.5
3547,738,33,736.0,28.0,,,748,39,750.0,25.0,,,743.0
3548,739,28,736.0,30.0,,,748,30,751.0,19.0,,,743.5
3549,740,20,739.0,16.0,,,751,16,752.0,17.0,,,745.5
3550,742,18,738.0,19.0,,,752,34,756.0,15.0,,,747.0
3551,744,29,742.0,28.0,740.0,16.0,752,40,754.0,27.0,756.0,17.0,748.0
3552,739,25,736.0,28.0,,,747,34,750.0,13.0,,,743.0
3553,733,23,729.0,29.0,,,743,26,747.0,19.0,,,738.0
3554,730,37,729.0,16.0,,,746,18,747.0,13.0,,,738.0
3555,734,21,732.0,17.0,730.0,13.0,745,15,747.0,21.0,749.0,18.0,739.5
3556,731,17,727.0,15.0,,,746,30,750.0,18.0,,,738.5
3558,735,24,732.0,23.0,,,748,38,751.0,22.0,,,741.5
3559,736,26,734.0,12.0,,,751,39,753.0,27.0,,,743.5
3560,735,26,731.0,21.0,,,749,15,753.0,27.0,,,742.0
3561,737,16,734.0,15.0,,,746,21,749.0,18.0,,,741.5
3564,732,22,728.0,14.0,,,745,24,749.0,30.0,,,738.5
3563,733,23,731.0,28.0,,,742,40,744.0,16.0,,,737.5
3562,739,33,737.0,25.0,,,745,20,747.0,11.0,,,742.0
3565,735,28,732.0,19.0,,,746,26,749.0,28.0,,,740.5
3566,732,24,730.0,13.0,,,745,16,747.0,12.0,,,738.5
3570,733,32,730.0,28.0,,,744,15,747.0,10.0,,,738.5
3568,730,31,727.0,30.0,,,748,27,751.0,30.0,,,739.0
3569,732,17,728.0,20.0,,,743,26,747.0,18.0,,,737.5
3567,730,23,726.0,28.0,,,744,37,748.0,18.0,,,737.0
3571,733,26,727.0,19.0,,,748,22,754.0,28.0,,,740.5
3572,736,30,735.0,23.0,733.0,20.0,750,23,751.0,22.0,753.0,18.0,743.0
3573,733,19,729.0,21.0,726.0,19.0,747,16,751.0,30.0,754.0,17.0,740.0
3574,734,33,732.0,12.0,,,744,26,746.0,30.0,,,739.0
3575,733,31,730.0,21.0,728.0,13.0,744,32,747.0,17.0,749.0,5.0,738.5
3576,733,39,729.0,11.0,,,742,38,746.0,29.0,,,737.5
3577,730,30,728.0,14.0,,,745,30,747.0,10.0,,,737.5
3578,738,23,735.0,15.0,,,744,27,747.0,12.0,,,741.0
3579,739,28,736.0,29.0,,,753,16,756.0,30.0,,,746.0
3580,741,39,737.0,28.0,,,752,25,756.0,14.0,,,746.5
3581,746,30,744.0,15.0,,,757,30,759.0,10.0,,,751.5
3582,745,40,742.0,19.0,,,754,22,757.0,12.0,,,749.5
3583,746,34,745.0,28.0,,,757,15,758.0,30.0,,,751.5
3584,748,34,744.0,15.0,,,758,33,762.0,17.0,,,753.0
3585,751,17,750.0,25.0,,,765,34,766.0,13.0,,,758.0
3586,756,33,753.0,13.0,,,759,39,762.0,27.0,,,757.5
3587,753,27,750.0,23.0,,,762,25,765.0,17.0,,,757.5
3589,754,18,752.0,28.0,,,768,31,770.0,28.0,,,761.0
3590,751,17,747.0,13.0,743.0,17.0,764,21,768.0,15.0,772.0,13.0,757.5
3591,748,28,744.0,10.0,,,763,21,767.0,22.0,,,755.5
3592,746,32,743.0,10.0,,,758,39,761.0,23.0,,,752.0
3593,748,36,746.0,16.0,,,759,23,761.0,28.0,,,753.5
3594,747,34,745.0,15.0,,,759,36,761.0,19.0,,,753.0
3595,746,30,743.0,22.0,,,760,34,763.0,10.0,,,753.0
3596,749,33,746.0,25.0,,,763,40,766.0,21.0,,,756.0
3597,749,35,746.0,22.0,,,763,23,766.0,14.0,,,756.0
3598,751,36,749.0,23.0,,,762,39,764.0,28.0,,,756.5
3599,749,40,748.0,11.0,,,762,31,763.0,25.0,,,755.5
3600,748,31,743.0,19.0,,,768,32,773.0,27.0,,,758.0
3601,751,34,747.0,24.0,,,768,25,772.0,27.0,,,759.5
3602,752,21,748.0,12.0,,,765,19,769.0,13.0,,,758.5
3603,752,35,749.0,10.0,,,766,21,769.0,28.0,,,759.0
3604,755,24,752.0,19.0,,,764,35,767.0,19.0,,,759.5
3605,753,22,751.0,28.0,,,764,32,766.0,22.0,,,758.5
3606,754,28,752.0,19.0,,,766,30,768.0,27.0,,,760.0
3607,756,37,753.0,25.0,,,765,38,768.0,13.0,,,760.5
3608,755,29,754.0,27.0,,,767,19,768.0,20.0,,,761.0
3609,751,35,749.0,26.0,,,764,32,766.0,20.0,,,757.5
3610,752,30,747.0,21.0,,,763,31,768.0,21.0,,,757.5
3611,753,24,750.0,18.0,,,765,39,768.0,26.0,,,759.0
3612,753,28,750.0,23.0,,,766,33,769.0,13.0,,,759.5
3613,756,27,752.0,24.0,,,763,32,767.0,17.0,,,759.5
3614,757,30,755.0,11.0,,,767,35,769.0,30.0,,,762.0
3615,751,37,749.0,15.0,,,772,39,774.0,26.0,,,761.5
3616,755,22,754.0,13.0,,,763,29,764.0,20.0,,,759.0
3617,753,40,750.0,14.0,,,764,25,767.0,25.0,,,758.5
3618,749,33,745.0,30.0,,,762,23,766.0,25.0,,,755.5
3619,750,24,748.0,12.0,,,762,23,764.0,18.0,,,756.0
3620,753,18,750.0,12.0,,,762,21,765.0,25.0,,,757.5
3621,751,29,749.0,24.0,746.0,18.0,761,29,763.0,26.0,766.0,14.0,756.0
3622,750,16,748.0,25.0,,,765,31,767.0,16.0,,,757.5
3623,747,32,744.0,10.0,,,762,23,765.0,29.0,,,754.5
3624,751,16,748.0,10.0,,,764,31,767.0,27.0,,,757.5
3625,755,36,751.0,19.0,748.0,7.0,759,37,763.0,22.0,766.0,12.0,757.0
3626,746,23,743.0,12.0,,,761,18,764.0,14.0,,,753.5
3627,745,34,,,,,756,33,,,,,750.5
3628,747,29,744.0,30.0,,,755,35,758.0,17.0,,,751.0
3629,746,36,743.0,20.0,,,758,24,761.0,15.0,,,752.0
3630,750,32,747.0,15.0,742.0,9.0,764,22,767.0,15.0,772.0,12.0,757.0
3631,752,15,750.0,30.0,,,761,39,763.0,23.0,,,756.5
3632,747,26,742.0,21.0,,,757,34,762.0,12.0,,,752.0
3633,745,26,742.0,16.0,,,756,22,759.0,24.0,,,750.5
3634,745,21,741.0,11.0,,,760,15,764.0,19.0,,,752.5
3635,741,32,738.0,14.0,,,756,16,759.0,24.0,,,748.5
3636,742,16,740.0,30.0,,,754,31,756.0,23.0,,,748.0
3637,740,30,737.0,24.0,,,751,21,754.0,15.0,,,745.5
3638,737,24,735.0,30.0,731.0,5.0,748,26,750.0,23.0,754.0,12.0,742.5
3639,740,39,737.0,11.0,,,745,15,748.0,14.0,,,742.5
3640,738,36,735.0,26.0,,,749,34,752.0,17.0,,,743.5
3641,739,22,733.0,26.0,,,751,27,757.0,20.0,,,745.0
3642,737,33,733.0,10.0,,,751,23,755.0,13.0,,,744.0
3643,738,17,734.0,15.0,,,749,24,753.0,11.0,,,743.5
3644,735,23,733.0,15.0,,,751,16,753.0,12.0,,,743.0
3645,737,20,,,,,751,34,,,,,744.0
3646,735,20,731.0,23.0,,,749,26,753.0,16.0,,,742.0
3647,732,23,730.0,30.0,,,746,30,748.0,17.0,,,739.0
3648,734,25,730.0,10.0,,,746,18,750.0,23.0,,,740.0
3649,734,35,731.0,23.0,727.0,5.0,744,23,747.0,14.0,751.0,19.0,739.0
3650,736,25,734.0,10.0,,,744,16,746.0,23.0,,,740.0
3651,734,22,729.0,21.0,,,745,24,750.0,23.0,,,739.5
3652,733,29,729.0,14.0,,,744,26,748.0,27.0,,,738.5
3653,732,31,728.0,14.0,,,747,27,751.0,10.0,,,739.5
3654,739,24,736.0,27.0,,,746,35,749.0,16.0,,,742.5
3655,740,21,737.0,30.0,,,751,32,754.0,14.0,,,745.5
3656,742,23,740.0,14.0,,,753,23,755.0,22.0,,,747.5
3657,739,35,735.0,10.0,,,752,36,756.0,13.0,,,745.5
3658,739,37,735.0,16.0,734.0,6.0,752,21,756.0,24.0,757.0,19.0,745.5
3659,737,17,735.0,17.0,732.0,12.0,751,30,753.0,12.0,756.0,20.0,744.0
3660,740,38,737.0,22.0,,,750,34,753.0,30.0,,,745.0
3661,740,35,738.0,29.0,,,752,27,754.0,19.0,,,746.0
3662,740,17,737.0,17.0,,,753,17,756.0,19.0,,,746.5
3663,743,27,739.0,11.0,,,754,27,758.0,26.0,,,748.5
3664,745,21,742.0,30.0,,,751,30,754.0,23.0,,,748.0
3665,744,38,740.0,17.0,737.0,17.0,757,26,761.0,15.0,764.0,12.0,750.5
3666,745,22,743.0,18.0,,,756,40,758.0,27.0,,,750.5
3667,752,27,750.0,22.0,,,760,22,762.0,17.0,,,756.0
3668,751,36,746.0,16.0,,,761,30,766.0,22.0,,,756.0
3669,751,32,750.0,19.0,,,758,24,759.0,19.0,,,754.5
3670,749,26,745.0,16.0,,,762,39,766.0,28.0,,,755.5
3671,748,37,745.0,25.0,,,762,15,765.0,18.0,,,755.0
3672,750,15,747.0,16.0,,,762,16,765.0,18.0,,,756.0
3673,749,20,746.0,12.0,,,761,32,764.0,13.0,,,755.0
3674,746,22,741.0,11.0,,,762,18,767.0,11.0,,,754.0
3675,752,31,749.0,14.0,,,764,19,767.0,28.0,,,758.0
3676,749,31,747.0,11.0,,,764,17,766.0,12.0,,,756.5
3677,746,15,741.0,28.0,,,759,17,764.0,20.0,,,752.5
3678,746,35,745.0,25.0,,,759,36,760.0,16.0,,,752.5
3679,746,27,742.0,17.0,739.0,7.0,754,19,758.0,21.0,761.0,7.0,750.0
3680,743,31,740.0,14.0,,,755,28,758.0,21.0,,,749.0
3681,745,38,743.0,26.0,,,757,23,759.0,13.0,,,751.0
3682,757,40,755.0,19.0,,,761,27,763.0,25.0,,,759.0
3683,751,34,748.0,30.0,,,763,26,766.0,24.0,,,757.0
3684,747,30,745.0,13.0,,,761,36,763.0,30.0,,,754.0
3685,749,29,745.0,11.0,,,760,21,764.0,21.0,,,754.5
3686,750,39,747.0,15.0,,,764,38,767.0,20.0,,,757.0
3687,749,19,,,,,763,33,,,,,756.0
3688,752,21,749.0,27.0,,,762,38,765.0,10.0,,,757.0
3689,751,21,748.0,15.0,,,763,20,766.0,20.0,,,757.0
3690,749,39,,,,,765,25,,,,,757.0
3691,753,33,752.0,25.0,,,768,37,769.0,16.0,,,760.5
3692,753,33,,,,,766,26,,,,,759.5
3693,754,32,751.0,10.0,,,768,27,771.0,20.0,,,761.0
3694,752,35,749.0,23.0,,,769,33,772.0,22.0,,,760.5
3695,753,20,750.0,11.0,,,766,17,769.0,22.0,,,759.5
3696,758,33,756.0,17.0,753.0,8.0,767,19,769.0,18.0,772.0,18.0,762.5
3697,758,37,,,,,770,23,,,,,764.0
3698,758,33,756.0,28.0,,,771,23,773.0,21.0,,,764.5
3699,760,25,756.0,13.0,,,773,25,777.0,19.0,,,766.5
3700,761,15,758.0,25.0,,,770,29,773.0,23.0,,,765.5
3701,759,39,755.0,22.0,,,771,24,775.0,16.0,,,765.0
3702,761,20,758.0,22.0,,,772,33,775.0,14.0,,,766.5
3703,759,27,757.0,25.0,,,769,21,771.0,20.0,,,764.0
3704,758,31,757.0,26.0,,,772,28,773.0,24.0,,,765.0
3705,758,16,756.0,17.0,,,773,28,775.0,30.0,,,765.5
3706,757,35,754.0,27.0,,,771,16,774.0,12.0,,,764.0
3707,761,25,758.0,29.0,,,769,30,772.0,25.0,,,765.0
3708,757,34,754.0,20.0,,,774,20,777.0,12.0,,,765.5
3709,759,36,756.0,17.0,,,768,19,771.0,28.0,,,763.5
3710,759,19,756.0,27.0,755.0,6.0,767,35,770.0,11.0,771.0,15.0,763.0
3711,760,19,757.0,28.0,,,773,21,776.0,19.0,,,766.5
3712,761,23,759.0,28.0,758.0,19.0,774,39,776.0,27.0,777.0,10.0,767.5
3713,761,35,757.0,14.0,,,774,36,778.0,18.0,,,767.5
3714,762,15,758.0,24.0,,,774,27,778.0,24.0,,,768.0
3715,762,38,758.0,13.0,,,772,29,776.0,15.0,,,767.0
3716,764,38,759.0,20.0,,,774,24,779.0,19.0,,,769.0
3717,763,36,760.0,25.0,,,781,29,784.0,16.0,,,772.0
3718,767,19,765.0,26.0,,,774,17,776.0,11.0,,,770.5
3719,767,26,764.0,21.0,762.0,5.0,778,18,781.0,17.0,783.0,12.0,772.5
3720,769,33,767.0,16.0,,,784,29,786.0,28.0,,,776.5
3721,774,26,771.0,11.0,,,778,31,781.0,27.0,,,776.0
3722,775,24,774.0,19.0,,,786,20,787.0,10.0,,,780.5
3723,778,24,775.0,22.0,,,787,16,790.0,19.0,,,782.5
3724,776,36,773.0,11.0,,,789,36,792.0,18.0,,,782.5
3725,773,16,771.0,22.0,,,788,18,790.0,26.0,,,780.5
3726,776,20,773.0,27.0,,,790,37,793.0,20.0,,,783.0
3727,774,19,771.0,16.0,,,788,17,791.0,19.0,,,781.0
3728,776,15,,,,,790,19,,,,,783.0
3729,778,33,777.0,16.0,,,791,15,792.0,22.0,,,784.5
3730,778,28,775.0,15.0,,,791,33,794.0,27.0,,,784.5
3731,779,15,775.0,11.0,,,794,28,798.0,11.0,,,786.5
3732,779,26,775.0,30.0,,,796,19,800.0,20.0,,,787.5
3733,779,19,777.0,10.0,,,791,40,793.0,13.0,,,785.0
3734,781,26,779.0,28.0,,,793,34,795.0,19.0,,,787.0
3735,781,37,777.0,18.0,,,793,22,797.0,30.0,,,787.0
3736,782,20,,,,,794,25,,,,,788.0
3737,783,20,779.0,19.0,,,798,34,802.0,12.0,,,790.5
3738,782,15,777.0,30.0,774.0,8.0,796,33,801.0,27.0,804.0,19.0,789.0
3739,785,17,782.0,21.0,,,793,33,796.0,19.0,,,789.0
3740,787,20,784.0,28.0,,,797,31,800.0,14.0,,,792.0
3741,784,32,781.0,27.0,778.0,15.0,797,38,800.0,23.0,803.0,13.0,790.5
3742,782,25,779.0,26.0,776.0,11.0,794,24,797.0,24.0,800.0,13.0,788.0
3743,781,32,778.0,12.0,,,794,26,797.0,24.0,,,787.5
3744,782,23,779.0,22.0,,,795,35,798.0,21.0,,,788.5
3745,781,22,779.0,27.0,,,794,39,796.0,10.0,,,787.5
3746,781,30,778.0,28.0,,,794,23,797.0,23.0,,,787.5
3747,782,28,779.0,24.0,,,797,40,800.0,29.0,,,789.5
3748,783,34,780.0,15.0,,,795,27,798.0,18.0,,,789.0
3749,786,19,784.0,21.0,,,795,26,797.0,11.0,,,790.5
3750,781,37,778.0,15.0,,,796,26,799.0,14.0,,,788.5
3751,783,29,778.0,21.0,,,797,31,802.0,25.0,,,790.0
3754,780,26,777.0,10.0,,,796,34,799.0,25.0,,,788.0
3752,779,40,776.0,19.0,,,799,26,802.0,22.0,,,789.0
3755,782,37,778.0,15.0,,,795,18,799.0,26.0,,,788.5
3756,786,25,,,,,798,32,,,,,792.0
3757,787,26,785.0,25.0,,,799,22,801.0,29.0,,,793.0
3758,782,32,780.0,20.0,,,798,31,800.0,19.0,,,790.0
3759,781,24,777.0,28.0,,,793,20,797.0,20.0,,,787.0
3760,779,17,,,,,797,32,,,,,788.0
3761,781,26,777.0,10.0,,,793,17,797.0,22.0,,,787.0
3762,786,19,784.0,25.0,,,796,40,798.0,21.0,,,791.0
3763,785,37,,,,,802,17,,,,,793.5
3764,784,33,781.0,12.0,,,801,29,804.0,13.0,,,792.5
3765,789,21,786.0,27.0,,,796,20,799.0,14.0,,,792.5
3766,791,26,788.0,17.0,,,802,20,805.0,12.0,,,796.5
3767,791,19,786.0,18.0,,,800,38,805.0,29.0,,,795.5
3768,791,22,787.0,19.0,,,801,22,805.0,16.0,,,796.0
3769,792,30,787.0,10.0,,,803,18,808.0,27.0,,,797.5
3770,795,30,790.0,17.0,,,808,35,813.0,23.0,,,801.5
3771,798,35,797.0,11.0,795.0,5.0,807,28,808.0,24.0,810.0,7.0,802.5
3772,795,35,793.0,19.0,,,810,28,812.0,19.0,,,802.5
3773,799,40,798.0,17.0,,,805,24,806.0,28.0,,,802.0
3774,796,19,,,,,805,17,,,,,800.5
3775,796,30,793.0,30.0,,,805,28,808.0,18.0,,,800.5
3776,791,22,787.0,24.0,,,804,34,808.0,19.0,,,797.5
3777,795,28,792.0,30.0,,,805,27,808.0,22.0,,,800.0
3778,794,25,792.0,16.0,,,807,33,809.0,16.0,,,800.5
3779,797,25,794.0,23.0,,,805,38,808.0,19.0,,,801.0
3780,794,30,790.0,11.0,,,809,18,813.0,11.0,,,801.5
3781,795,28,793.0,20.0,,,812,29,814.0,27.0,,,803.5
3782,797,17,794.0,17.0,,,809,33,812.0,25.0,,,803.0
3783,797,31,795.0,24.0,,,807,36,809.0,20.0,,,802.0
3784,790,29,786.0,30.0,,,805,26,809.0,11.0,,,797.5
3785,795,38,792.0,16.0,,,804,33,807.0,20.0,,,799.5
3786,791,30,788.0,26.0,,,804,38,807.0,11.0,,,797.5
3787,789,20,787.0,11.0,,,805,28,807.0,29.0,,,797.0
3788,791,16,788.0,25.0,,,805,36,808.0,17.0,,,798.0
3789,796,30,792.0,29.0,,,805,18,809.0,20.0,,,800.5
3790,793,31,790.0,21.0,,,804,24,807.0,26.0,,,798.5
3791,800,35,797.0,25.0,,,806,37,809.0,10.0,,,803.0
3792,797,27,794.0,15.0,,,812,40,815.0,25.0,,,804.5
3793,798,37,795.0,25.0,,,808,40,811.0,19.0,,,803.0
3794,794,21,790.0,14.0,787.0,14.0,808,21,812.0,15.0,815.0,12.0,801.0
3795,797,36,795.0,17.0,,,804,40,806.0,15.0,,,800.5
3796,798,40,796.0,12.0,,,812,15,814.0,15.0,,,805.0
3797,796,23,792.0,20.0,,,810,26,814.0,28.0,,,803.0
3798,796,27,793.0,12.0,,,805,27,808.0,20.0,,,800.5
3799,795,34,792.0,14.0,,,807,32,810.0,29.0,,,801.0
3800,793,19,790.0,17.0,,,808,16,811.0,15.0,,,800.5
3801,795,18,792.0,14.0,,,804,36,807.0,27.0,,,799.5
3802,791,16,790.0,11.0,,,801,31,802.0,12.0,,,796.0
3803,790,16,787.0,29.0,786.0,10.0,805,26,808.0,12.0,809.0,13.0,797.5
3804,792,27,789.0,14.0,,,806,22,809.0,11.0,,,799.0
3805,794,37,792.0,21.0,,,802,33,804.0,11.0,,,798.0
3806,791,23,787.0,28.0,785.0,19.0,804,40,808.0,30.0,810.0,18.0,797.5
3807,789,22,786.0,20.0,,,804,36,807.0,15.0,,,796.5
3808,789,29,786.0,25.0,,,805,25,808.0,16.0,,,797.0
3809,789,22,786.0,16.0,783.0,13.0,801,33,804.0,14.0,807.0,12.0,795.0
3810,790,31,787.0,11.0,,,803,40,806.0,11.0,,,796.5
3811,793,28,789.0,28.0,,,803,22,807.0,27.0,,,798.0
3812,795,38,793.0,22.0,,,806,37,808.0,21.0,,,800.5
3813,793,30,790.0,27.0,,,805,31,808.0,11.0,,,799.0
3814,788,15,,,,,806,31,,,,,797.0
3815,787,21,783.0,21.0,,,803,38,807.0,18.0,,,795.0
3816,789,19,785.0,14.0,782.0,7.0,803,32,807.0,14.0,810.0,7.0,796.0
3817,792,21,788.0,14.0,,,801,40,805.0,28.0,,,796.5
3818,791,15,789.0,13.0,786.0,10.0,804,21,806.0,28.0,809.0,10.0,797.5
3819,788,35,786.0,20.0,,,805,18,807.0,25.0,,,796.5
3820,793,26,789.0,17.0,,,803,27,807.0,20.0,,,798.0
3821,792,37,789.0,17.0,,,803,17,806.0,18.0,,,797.5
3822,788,23,784.0,11.0,,,806,21,810.0,15.0,,,797.0
3823,795,33,792.0,19.0,,,803,34,806.0,10.0,,,799.0
3824,788,33,787.0,20.0,,,801,27,802.0,23.0,,,794.5
3825,787,36,784.0,18.0,781.0,17.0,800,21,803.0,16.0,806.0,13.0,793.5
3826,789,19,785.0,18.0,,,797,17,801.0,12.0,,,793.0
3827,783,23,,,,,797,15,,,,,790.0
3828,788,18,785.0,12.0,,,800,31,803.0,16.0,,,794.0
3829,787,16,783.0,28.0,,,800,37,804.0,12.0,,,793.5
3830,789,20,787.0,25.0,,,792,34,794.0,19.0,,,790.5
3831,781,29,776.0,26.0,,,794,17,799.0,27.0,,,787.5
3832,783,24,780.0,22.0,,,795,39,798.0,23.0,,,789.0
3833,784,24,781.0,26.0,,,795,31,798.0,20.0,,,789.5
3834,782,34,780.0,24.0,,,796,35,798.0,19.0,,,789.0
3835,782,15,778.0,29.0,,,796,27,800.0,23.0,,,789.0
3836,783,16,,,,,797,19,,,,,790.0
3837,785,33,783.0,24.0,,,790,28,792.0,25.0,,,787.5
3838,782,29,778.0,15.0,,,792,19,796.0,24.0,,,787.0
3839,779,40,776.0,16.0,,,793,38,796.0,17.0,,,786.0
3840,777,36,774.0,20.0,,,789,22,792.0,21.0,,,783.0
3841,775,25,773.0,27.0,,,791,35,793.0,18.0,,,783.0
3842,779,38,775.0,23.0,,,793,16,797.0,18.0,,,786.0
3843,782,29,780.0,27.0,,,797,33,799.0,10.0,,,789.5
3844,781,34,776.0,16.0,774.0,16.0,794,16,799.0,21.0,801.0,20.0,787.5
3845,781,40,777.0,22.0,,,794,21,798.0,26.0,,,787.5
3846,780,22,777.0,13.0,,,795,29,798.0,26.0,,,787.5
3847,786,31,783.0,19.0,,,795,29,798.0,13.0,,,790.5
3848,785,36,780.0,19.0,776.0,9.0,797,18,802.0,22.0,806.0,8.0,791.0
3849,784,22,782.0,12.0,,,797,17,799.0,22.0,,,790.5
3850,778,31,774.0,16.0,,,796,16,800.0,17.0,,,787.0
3851,782,17,778.0,29.0,,,797,26,801.0,27.0,,,789.5
3852,784,34,782.0,23.0,779.0,5.0,796,35,798.0,18.0,801.0,10.0,790.0
3853,779,19,777.0,15.0,,,797,31,799.0,23.0,,,788.0
3854,784,36,780.0,28.0,,,793,30,797.0,10.0,,,788.5
3855,779,16,776.0,10.0,,,793,37,796.0,15.0,,,786.0
3856,779,31,776.0,18.0,,,796,36,799.0,29.0,,,787.5
3857,785,21,782.0,29.0,780.0,7.0,794,26,797.0,14.0,799.0,18.0,789.5
3858,782,17,780.0,26.0,,,794,27,796.0,19.0,,,788.0
3859,783,19,780.0,24.0,,,792,25,795.0,19.0,,,787.5
3860,780,32,,,,,793,38,,,,,786.5
3861,777,28,774.0,25.0,771.0,17.0,789,29,792.0,25.0,795.0,12.0,783.0
3862,780,27,777.0,14.0,,,786,30,789.0,17.0,,,783.0
3863,778,33,773.0,25.0,,,789,33,794.0,15.0,,,783.5
3864,778,26,773.0,11.0,,,788,24,793.0,17.0,,,783.0
3865,782,37,779.0,12.0,,,792,38,795.0,13.0,,,787.0
3866,781,20,778.0,22.0,,,790,19,793.0,12.0,,,785.5
3867,779,15,777.0,23.0,,,792,23,794.0,25.0,,,785.5
3868,779,15,777.0,29.0,,,791,39,793.0,23.0,,,785.0
3869,775,32,772.0,28.0,,,787,15,790.0,24.0,,,781.0
3870,775,35,,,,,784,32,,,,,779.5
3871,775,39,771.0,16.0,,,790,21,794.0,22.0,,,782.5
3872,777,37,774.0,25.0,,,791,32,794.0,22.0,,,784.0
3873,778,34,776.0,15.0,,,791,34,793.0,22.0,,,784.5
3874,776,19,773.0,28.0,,,785,22,788.0,19.0,,,780.5
3875,772,24,767.0,13.0,,,783,37,788.0,22.0,,,777.5
3876,771,25,768.0,13.0,765.0,5.0,781,29,784.0,14.0,787.0,13.0,776.0
3877,769,19,767.0,16.0,,,781,15,783.0,26.0,,,775.0
3878,767,24,764.0,11.0,,,776,19,779.0,16.0,,,771.5
3879,765,29,762.0,17.0,,,777,38,780.0,16.0,,,771.0
3880,764,34,760.0,28.0,,,779,18,783.0,11.0,,,771.5
3881,763,16,761.0,10.0,,,779,17,781.0,22.0,,,771.0
3882,757,27,,,,,776,15,,,,,766.5
3883,760,29,758.0,12.0,,,770,34,772.0,21.0,,,765.0
3884,758,29,755.0,30.0,752.0,8.0,770,24,773.0,15.0,776.0,10.0,764.0
3885,759,17,,,,,772,39,,,,,765.5
3886,759,18,757.0,25.0,,,768,16,770.0,21.0,,,763.5
3887,759,34,758.0,25.0,,,772,22,773.0,19.0,,,765.5
3888,758,23,754.0,23.0,,,768,25,772.0,26.0,,,763.0
3889,758,33,757.0,27.0,,,772,34,773.0,16.0,,,765.0
3892,761,22,757.0,20.0,,,774,19,778.0,28.0,,,767.5
3891,759,19,756.0,27.0,,,769,22,772.0,19.0,,,764.0
3890,761,32,759.0,12.0,757.0,10.0,774,20,776.0,19.0,778.0,18.0,767.5
3893,759,24,757.0,29.0,754.0,19.0,775,34,777.0,10.0,780.0,13.0,767.0
3894,758,31,756.0,10.0,755.0,5.0,772,20,774.0,18.0,775.0,9.0,765.0
3895,764,28,759.0,28.0,,,773,39,778.0,11.0,,,768.5
3896,760,36,756.0,21.0,,,780,15,784.0,30.0,,,770.0
3897,764,35,761.0,20.0,756.0,17.0,780,29,783.0,29.0,788.0,16.0,772.0
3898,765,16,763.0,20.0,,,780,24,782.0,25.0,,,772.5
3899,769,38,767.0,24.0,,,778,23,780.0,29.0,,,773.5
3900,764,26,762.0,24.0,,,774,36,776.0,27.0,,,769.0
3901,760,22,757.0,20.0,,,775,32,778.0,27.0,,,767.5
3902,762,30,,,,,773,25,,,,,767.5
3903,763,33,761.0,23.0,,,771,19,773.0,15.0,,,767.0
3905,756,30,751.0,12.0,,,769,35,774.0,12.0,,,762.5
3906,759,30,,,,,770,37,,,,,764.5
3907,761,33,759.0,13.0,,,773,27,775.0,11.0,,,767.0
3908,767,18,763.0,11.0,759.0,16.0,776,21,780.0,11.0,784.0,12.0,771.5
3909,763,37,758.0,18.0,,,776,35,781.0,14.0,,,769.5
3910,764,18,,,,,779,23,,,,,771.5
3911,767,17,764.0,20.0,,,777,26,780.0,16.0,,,772.0
3912,763,21,761.0,14.0,,,778,27,780.0,27.0,,,770.5
3913,764,19,762.0,16.0,,,781,30,783.0,15.0,,,772.5
3914,765,40,761.0,24.0,,,780,31,784.0,10.0,,,772.5
3915,766,37,763.0,28.0,,,780,33,783.0,25.0,,,773.0
3916,768,19,765.0,18.0,,,779,36,782.0,17.0,,,773.5
3917,768,26,766.0,28.0,,,784,27,786.0,16.0,,,776.0
3918,772,30,770.0,22.0,,,781,21,783.0,20.0,,,776.5
3919,768,36,765.0,25.0,,,779,36,782.0,14.0,,,773.5
3920,765,27,764.0,16.0,,,776,20,777.0,20.0,,,770.5
3921,761,26,758.0,26.0,,,778,29,781.0,25.0,,,769.5
3922,763,30,,,,,777,40,,,,,770.0
3923,764,16,760.0,12.0,,,777,15,781.0,25.0,,,770.5
3924,758,20,755.0,22.0,,,777,34,780.0,20.0,,,767.5
3925,761,36,758.0,25.0,,,772,19,775.0,11.0,,,766.5
3926,760,23,758.0,19.0,,,774,17,776.0,22.0,,,767.0
3927,761,18,758.0,22.0,,,773,28,776.0,28.0,,,767.0
3928,759,28,,,,,773,15,,,,,766.0
3929,760,37,758.0,10.0,,,772,25,774.0,20.0,,,766.0
3930,757,36,755.0,17.0,,,772,25,774.0,21.0,,,764.5
3931,755,16,750.0,10.0,,,767,20,772.0,24.0,,,761.0
3932,757,21,754.0,29.0,,,770,31,773.0,22.0,,,763.5
3933,754,24,,,,,771,27,,,,,762.5
3934,751,20,749.0,29.0,,,770,20,772.0,23.0,,,760.5
3935,753,35,751.0,17.0,,,768,27,770.0,10.0,,,760.5
3936,753,16,750.0,18.0,,,766,30,769.0,16.0,,,759.5
3937,755,20,754.0,26.0,,,764,40,765.0,23.0,,,759.5
3938,751,24,749.0,15.0,,,764,37,766.0,30.0,,,757.5
3939,751,18,748.0,28.0,,,767,21,770.0,22.0,,,759.0
3940,752,22,750.0,10.0,,,763,30,765.0,17.0,,,757.5
3941,751,22,748.0,17.0,,,766,19,769.0,21.0,,,758.5
3942,756,31,754.0,26.0,,,764,39,766.0,21.0,,,760.0
3943,755,28,751.0,29.0,,,766,38,770.0,12.0,,,760.5
3944,753,17,750.0,24.0,,,767,21,770.0,26.0,,,760.0
3945,758,18,756.0,10.0,,,769,39,771.0,14.0,,,763.5
3946,762,38,757.0,18.0,,,770,22,775.0,15.0,,,766.0
3947,759,29,755.0,25.0,,,772,15,776.0,22.0,,,765.5
3948,760,15,757.0,13.0,754.0,13.0,769,27,772.0,15.0,775.0,15.0,764.5
3949,760,18,757.0,11.0,,,774,19,777.0,23.0,,,767.0
3950,760,38,757.0,28.0,,,772,40,775.0,29.0,,,766.0
3951,755,19,753.0,30.0,,,770,39,772.0,11.0,,,762.5
3952,755,15,752.0,30.0,,,766,18,769.0,25.0,,,760.5
3953,753,18,752.0,30.0,,,765,35,766.0,26.0,,,759.0
3954,758,30,754.0,25.0,,,764,23,768.0,28.0,,,761.0
3955,755,39,752.0,27.0,,,766,28,769.0,12.0,,,760.5
3956,754,22,750.0,22.0,,,762,25,766.0,20.0,,,758.0
3957,748,23,745.0,26.0,,,763,38,766.0,23.0,,,755.5
3958,750,23,748.0,10.0,,,763,39,765.0,25.0,,,756.5
3959,749,24,746.0,15.0,,,761,16,764.0,13.0,,,755.0
3960,752,30,748.0,16.0,746.0,9.0,767,34,771.0,18.0,773.0,17.0,759.5
3961,752,16,749.0,29.0,,,765,17,768.0,13.0,,,758.5
3962,752,38,750.0,23.0,,,766,28,768.0,16.0,,,759.0
3967,755,29,750.0,29.0,,,768,38,773.0,29.0,,,761.5
3964,758,24,756.0,14.0,,,770,40,772.0,24.0,,,764.0
3965,757,35,754.0,18.0,,,772,25,775.0,11.0,,,764.5
3966,756,37,,,,,768,15,,,,,762.0
3963,753,24,751.0,30.0,,,766,21,768.0,30.0,,,759.5
3968,758,31,753.0,15.0,,,772,30,777.0,23.0,,,765.0
3969,760,31,756.0,25.0,,,773,18,777.0,30.0,,,766.5
3970,760,15,759.0,10.0,,,772,27,773.0,15.0,,,766.0
3971,759,35,757.0,16.0,,,769,31,771.0,15.0,,,764.0
3972,756,16,752.0,18.0,,,769,29,773.0,27.0,,,762.5
3973,752,35,748.0,11.0,,,769,38,773.0,19.0,,,760.5
3974,754,22,751.0,24.0,,,765,16,768.0,22.0,,,759.5
3975,755,16,751.0,18.0,,,763,30,767.0,16.0,,,759.0
3976,751,37,749.0,19.0,,,765,28,767.0,12.0,,,758.0
3977,746,19,744.0,17.0,,,761,22,763.0,27.0,,,753.5
3978,747,28,744.0,28.0,,,754,21,757.0,14.0,,,750.5
3979,748,29,744.0,18.0,,,758,27,762.0,13.0,,,753.0
3980,747,27,744.0,21.0,,,761,15,764.0,27.0,,,754.0
3981,747,17,745.0,21.0,,,760,24,762.0,29.0,,,753.5
3982,747,38,745.0,17.0,,,760,18,762.0,20.0,,,753.5
3983,748,20,744.0,18.0,,,760,15,764.0,12.0,,,754.0
3984,746,29,742.0,13.0,,,761,34,765.0,25.0,,,753.5
3985,752,15,748.0,14.0,,,760,15,764.0,29.0,,,756.0
3986,754,32,750.0,17.0,,,768,20,772.0,16.0,,,761.0
3987,757,36,754.0,28.0,,,768,18,771.0,24.0,,,762.5
3988,760,36,757.0,19.0,,,773,22,776.0,17.0,,,766.5
3989,757,36,,,,,773,25,,,,,765.0
3990,755,40,751.0,18.0,,,766,37,770.0,28.0,,,760.5
3991,755,20,751.0,19.0,,,767,38,771.0,24.0,,,761.0
3992,759,17,756.0,21.0,,,769,20,772.0,23.0,,,764.0
3993,759,34,755.0,16.0,754.0,14.0,772,26,776.0,20.0,777.0,5.0,765.5
3994,755,40,753.0,25.0,,,774,16,776.0,15.0,,,764.5
3995,757,27,754.0,24.0,,,769,27,772.0,15.0,,,763.0
3996,760,40,755.0,12.0,,,772,40,777.0,21.0,,,766.0
3997,758,28,754.0,20.0,,,771,39,775.0,22.0,,,764.5
3998,762,19,759.0,14.0,,,772,29,775.0,22.0,,,767.0
3999,761,34,758.0,19.0,,,771,30,774.0,10.0,,,766.0
4000,771,23,769.0,13.0,765.0,7.0,781,18,783.0,14.0,787.0,8.0,776.0
4001,777,20,773.0,15.0,,,789,34,793.0,24.0,,,783.0
4002,780,34,778.0,27.0,,,787,37,789.0,18.0,,,783.5
4003,779,34,775.0,23.0,,,795,36,799.0,10.0,,,787.0
4004,785,23,784.0,30.0,,,798,35,799.0,19.0,,,791.5
4005,796,24,793.0,14.0,,,803,31,806.0,15.0,,,799.5
4006,790,37,788.0,15.0,,,801,40,803.0,12.0,,,795.5
4007,792,16,788.0,29.0,,,807,30,811.0,12.0,,,799.5
4008,787,32,785.0,18.0,,,799,32,801.0,15.0,,,793.0
4012,795,19,793.0,26.0,792.0,11.0,811,22,813.0,25.0,814.0,5.0,803.0
4010,791,38,788.0,21.0,,,803,36,806.0,24.0,,,797.0
4011,790,31,,,,,802,21,,,,,796.0
4009,787,15,,,,,802,30,,,,,794.5
4013,803,22,800.0,24.0,,,812,33,815.0,26.0,,,807.5
4014,804,18,801.0,26.0,,,814,38,817.0,13.0,,,809.0
4015,791,26,788.0,16.0,,,804,31,807.0,14.0,,,797.5
4016,795,29,793.0,22.0,,,802,30,804.0,22.0,,,798.5
4017,786,40,782.0,17.0,,,795,27,799.0,16.0,,,790.5
4018,788,24,785.0,10.0,,,795,29,798.0,28.0,,,791.5
4019,788,27,784.0,22.0,,,802,17,806.0,17.0,,,795.0
4020,791,24,787.0,23.0,,,799,19,803.0,27.0,,,795.0
4021,798,21,794.0,23.0,,,810,35,814.0,11.0,,,804.0
4022,794,40,792.0,24.0,,,813,24,815.0,12.0,,,803.5
4023,792,25,791.0,11.0,,,806,37,807.0,23.0,,,799.0
4024,799,37,798.0,10.0,,,810,38,811.0,26.0,,,804.5
4025,799,31,797.0,26.0,,,808,25,810.0,20.0,,,803.5
4026,790,36,787.0,13.0,,,805,37,808.0,12.0,,,797.5
4027,807,22,803.0,27.0,,,817,28,821.0,13.0,,,812.0
4028,808,15,805.0,20.0,,,821,30,824.0,24.0,,,814.5
4029,815,37,812.0,22.0,,,828,17,831.0,15.0,,,821.5
4030,826,38,823.0,12.0,,,834,38,837.0,13.0,,,830.0
4031,818,36,815.0,24.0,,,832,28,835.0,18.0,,,825.0
4032,821,24,818.0,17.0,,,835,37,838.0,16.0,,,828.0
4033,821,21,819.0,20.0,,,834,18,836.0,13.0,,,827.5
4034,818,40,816.0,10.0,,,829,15,831.0,22.0,,,823.5
4035,818,19,814.0,13.0,,,830,25,834.0,11.0,,,824.0
4036,814,15,812.0,15.0,,,828,18,830.0,12.0,,,821.0
4037,811,20,806.0,27.0,804.0,15.0,821,34,826.0,24.0,828.0,19.0,816.0
4038,810,38,805.0,29.0,,,825,23,830.0,17.0,,,817.5
4039,812,17,810.0,22.0,,,827,28,829.0,30.0,,,819.5
4044,831,32,,,,,844,29,,,,,837.5
4041,821,18,818.0,25.0,,,831,18,834.0,20.0,,,826.0
4042,825,37,821.0,26.0,818.0,7.0,838,36,842.0,14.0,845.0,19.0,831.5
4043,831,18,827.0,28.0,,,842,27,846.0,12.0,,,836.5
4040,815,15,813.0,29.0,,,827,27,829.0,27.0,,,821.0
4045,830,15,,,,,843,29,,,,,836.5
4046,821,34,819.0,26.0,,,840,18,842.0,29.0,,,830.5
4047,826,18,,,,,840,18,,,,,833.0
4048,829,40,826.0,12.0,,,841,38,844.0,10.0,,,835.0
4049,834,24,830.0,19.0,,,847,37,851.0,23.0,,,840.5
4050,827,18,821.0,12.0,,,839,37,845.0,11.0,,,833.0
4051,833,33,830.0,29.0,,,845,17,848.0,21.0,,,839.0
4052,831,18,827.0,23.0,823.0,17.0,847,37,851.0,28.0,855.0,13.0,839.0
4054,826,31,823.0,18.0,,,838,31,841.0,21.0,,,832.0
4055,838,39,834.0,26.0,,,849,22,853.0,10.0,,,843.5
4056,833,17,832.0,24.0,,,845,34,846.0,25.0,,,839.0
4057,836,31,833.0,13.0,,,847,17,850.0,16.0,,,841.5
4058,835,17,833.0,17.0,,,845,23,847.0,22.0,,,840.0
4059,833,32,830.0,20.0,,,842,19,845.0,25.0,,,837.5
4060,824,39,821.0,27.0,,,838,21,841.0,19.0,,,831.0
4061,819,23,815.0,11.0,,,830,30,834.0,21.0,,,824.5
4062,815,39,811.0,18.0,,,828,17,832.0,21.0,,,821.5
4063,821,25,817.0,10.0,,,834,24,838.0,21.0,,,827.5
4064,826,19,823.0,18.0,,,840,20,843.0,15.0,,,833.0
4065,829,24,827.0,14.0,825.0,17.0,839,37,841.0,22.0,843.0,12.0,834.0
4066,836,34,833.0,27.0,,,843,24,846.0,29.0,,,839.5
4067,839,31,836.0,27.0,,,848,33,851.0,28.0,,,843.5
4071,861,40,858.0,11.0,,,870,23,873.0,13.0,,,865.5
4069,845,24,842.0,24.0,,,859,23,862.0,19.0,,,852.0
4070,854,25,853.0,21.0,,,867,16,868.0,14.0,,,860.5
4068,843,40,840.0,10.0,,,856,26,859.0,17.0,,,849.5
4072,858,26,855.0,17.0,,,879,22,882.0,16.0,,,868.5
4073,863,18,859.0,14.0,,,874,23,878.0,18.0,,,868.5
4074,859,28,854.0,21.0,,,867,37,872.0,15.0,,,863.0
4075,849,32,846.0,22.0,,,867,16,870.0,20.0,,,858.0
4076,846,38,842.0,26.0,839.0,7.0,860,27,864.0,15.0,867.0,16.0,853.0
4077,846,25,845.0,14.0,,,858,27,859.0,10.0,,,852.0
4078,841,37,838.0,21.0,,,854,29,857.0,19.0,,,847.5
4079,836,31,835.0,13.0,,,848,17,849.0,17.0,,,842.0
4080,832,24,828.0,13.0,,,843,39,847.0,13.0,,,837.5
4081,822,34,819.0,19.0,815.0,16.0,834,31,837.0,21.0,841.0,8.0,828.0
4082,819,34,816.0,17.0,,,829,19,832.0,14.0,,,824.0
4083,823,24,820.0,10.0,,,831,19,834.0,12.0,,,827.0
4084,825,32,822.0,11.0,,,840,28,843.0,29.0,,,832.5
4085,830,24,826.0,22.0,,,837,27,841.0,24.0,,,833.5
4086,831,31,828.0,30.0,,,842,25,845.0,17.0,,,836.5
4087,827,29,,,,,840,24,,,,,833.5
4088,827,16,824.0,13.0,821.0,5.0,838,18,841.0,12.0,844.0,8.0,832.5
4091,840,31,835.0,12.0,,,849,19,854.0,12.0,,,844.5
4089,828,25,824.0,11.0,,,835,30,839.0,27.0,,,831.5
4092,831,36,829.0,23.0,,,846,23,848.0,10.0,,,838.5
4093,839,15,,,,,853,20,,,,,846.0
4094,838,15,835.0,19.0,,,844,21,847.0,22.0,,,841.0
4095,840,35,837.0,16.0,,,852,28,855.0,12.0,,,846.0
4096,848,25,844.0,28.0,841.0,12.0,857,18,861.0,27.0,864.0,10.0,852.5
4097,850,17,847.0,13.0,,,862,38,865.0,26.0,,,856.0
4098,846,15,842.0,30.0,,,857,27,861.0,12.0,,,851.5
4099,851,15,847.0,23.0,,,866,20,870.0,30.0,,,858.5
4100,861,31,857.0,30.0,,,868,30,872.0,20.0,,,864.5
4101,864,20,862.0,12.0,,,875,27,877.0,12.0,,,869.5
4102,864,16,861.0,16.0,,,879,20,882.0,15.0,,,871.5
4103,868,23,865.0,13.0,,,877,24,880.0,26.0,,,872.5
4104,873,36,868.0,19.0,,,882,35,887.0,20.0,,,877.5
4105,862,35,860.0,24.0,,,874,39,876.0,10.0,,,868.0
4106,867,36,,,,,877,22,,,,,872.0
4107,870,16,868.0,15.0,866.0,17.0,876,22,878.0,19.0,880.0,17.0,873.0
4108,865,24,863.0,15.0,,,877,28,879.0,13.0,,,871.0
4109,862,35,860.0,24.0,857.0,10.0,870,17,872.0,10.0,875.0,7.0,866.0
4110,863,20,861.0,16.0,859.0,6.0,875,22,877.0,18.0,879.0,16.0,869.0
4111,861,33,858.0,13.0,,,875,29,878.0,30.0,,,868.0
4112,867,27,865.0,23.0,,,878,33,880.0,13.0,,,872.5
4113,863,30,860.0,21.0,858.0,18.0,879,28,882.0,18.0,884.0,12.0,871.0
4114,861,25,857.0,21.0,,,875,23,879.0,11.0,,,868.0
4115,857,20,,,,,870,25,,,,,863.5
4116,853,16,849.0,11.0,,,865,25,869.0,13.0,,,859.0
4117,849,40,844.0,13.0,,,859,31,864.0,16.0,,,854.0
4118,859,20,856.0,11.0,,,874,20,877.0,11.0,,,866.5
4119,869,37,864.0,15.0,,,881,38,886.0,15.0,,,875.0
4120,866,23,863.0,14.0,861.0,10.0,880,15,883.0,30.0,885.0,18.0,873.0
4121,871,26,868.0,13.0,,,881,38,884.0,25.0,,,876.0
4122,870,33,867.0,25.0,,,882,34,885.0,23.0,,,876.0
4123,875,29,872.0,23.0,,,881,32,884.0,15.0,,,878.0
4125,867,17,864.0,25.0,,,882,27,885.0,30.0,,,874.5
4126,869,40,866.0,17.0,,,878,23,881.0,25.0,,,873.5
4127,867,25,864.0,19.0,,,874,18,877.0,21.0,,,870.5
4128,878,17,876.0,12.0,,,888,16,890.0,24.0,,,883.0
4129,875,25,872.0,22.0,870.0,14.0,882,38,885.0,24.0,887.0,10.0,878.5
4130,874,26,872.0,22.0,,,880,27,882.0,24.0,,,877.0
4131,871,27,869.0,20.0,,,879,23,881.0,11.0,,,875.0
4132,869,25,865.0,26.0,,,883,20,887.0,29.0,,,876.0
4133,874,16,871.0,20.0,,,890,31,893.0,19.0,,,882.0
4134,876,21,873.0,21.0,,,886,32,889.0,18.0,,,881.0
4135,873,25,870.0,17.0,,,887,37,890.0,12.0,,,880.0
4136,877,34,875.0,19.0,,,882,16,884.0,14.0,,,879.5
4138,865,16,863.0,16.0,,,879,15,881.0,25.0,,,872.0
4137,870,17,868.0,20.0,,,882,40,884.0,10.0,,,876.0
4139,862,38,860.0,25.0,,,878,37,880.0,12.0,,,870.0
4140,865,28,,,,,877,17,,,,,871.0
4141,866,17,864.0,20.0,,,877,30,879.0,13.0,,,871.5
4142,855,24,851.0,20.0,,,869,22,873.0,11.0,,,862.0
4143,851,39,849.0,29.0,,,867,38,869.0,22.0,,,859.0
4144,858,34,855.0,21.0,,,874,28,877.0,18.0,,,866.0
4145,857,33,855.0,14.0,,,868,31,870.0,22.0,,,862.5
4146,849,35,847.0,14.0,842.0,7.0,862,19,864.0,27.0,869.0,12.0,855.5
4147,849,26,845.0,25.0,,,855,35,859.0,21.0,,,852.0
4148,848,18,846.0,12.0,842.0,18.0,859,36,861.0,29.0,865.0,19.0,853.5
4149,841,26,,,,,852,22,,,,,846.5
4150,839,34,836.0,30.0,,,850,37,853.0,28.0,,,844.5
4151,830,31,828.0,20.0,,,841,39,843.0,16.0,,,835.5
4152,830,18,828.0,25.0,,,839,15,841.0,15.0,,,834.5
4153,830,28,,,,,840,39,,,,,835.0
4157,823,22,820.0,23.0,818.0,15.0,841,22,844.0,20.0,846.0,5.0,832.0
4155,822,25,820.0,17.0,818.0,16.0,838,26,840.0,10.0,842.0,19.0,830.0
4156,822,20,820.0,10.0,,,837,26,839.0,13.0,,,829.5
4154,828,32,824.0,26.0,,,835,21,839.0,16.0,,,831.5
4158,824,17,821.0,26.0,817.0,5.0,838,29,841.0,28.0,845.0,7.0,831.0
4159,822,38,819.0,16.0,,,832,19,835.0,11.0,,,827.0
4160,823,38,821.0,10.0,,,834,26,836.0,12.0,,,828.5
4161,825,20,823.0,23.0,,,834,26,836.0,26.0,,,829.5
4162,821,25,,,,,831,16,,,,,826.0
4163,828,33,826.0,21.0,822.0,20.0,842,20,844.0,19.0,848.0,11.0,835.0
4164,832,23,830.0,20.0,,,847,23,849.0,25.0,,,839.5
4165,836,16,834.0,18.0,,,851,22,853.0,16.0,,,843.5
4166,837,35,833.0,17.0,,,848,15,852.0,29.0,,,842.5
4167,825,15,822.0,17.0,,,832,25,835.0,28.0,,,828.5
4168,827,22,823.0,12.0,,,832,26,836.0,18.0,,,829.5
4169,825,31,823.0,19.0,,,835,37,837.0,19.0,,,830.0
4170,822,24,820.0,15.0,,,839,40,841.0,13.0,,,830.5
4171,819,32,815.0,16.0,,,826,15,830.0,22.0,,,822.5
4172,813,33,811.0,30.0,,,828,25,830.0,25.0,,,820.5
4173,820,31,818.0,12.0,,,831,33,833.0,22.0,,,825.5
4175,827,35,825.0,19.0,,,839,29,841.0,18.0,,,833.0
4176,830,18,826.0,13.0,,,841,30,845.0,19.0,,,835.5
4177,824,39,823.0,15.0,,,833,25,834.0,22.0,,,828.5
4178,817,37,814.0,19.0,,,832,30,835.0,27.0,,,824.5
4179,816,39,814.0,25.0,,,828,35,830.0,22.0,,,822.0
4180,812,24,810.0,30.0,806.0,15.0,828,38,830.0,23.0,834.0,15.0,820.0
4181,820,20,815.0,23.0,,,835,16,840.0,20.0,,,827.5
4182,823,16,818.0,21.0,,,832,38,837.0,11.0,,,827.5
4183,825,20,822.0,26.0,821.0,7.0,836,38,839.0,28.0,840.0,20.0,830.5
4184,823,27,819.0,23.0,,,838,19,842.0,14.0,,,830.5
4185,823,29,819.0,27.0,,,834,19,838.0,19.0,,,828.5
4186,824,27,822.0,12.0,,,833,37,835.0,11.0,,,828.5
4187,814,31,810.0,15.0,,,825,40,829.0,19.0,,,819.5
4188,813,15,812.0,11.0,,,825,21,826.0,19.0,,,819.0
4189,798,26,794.0,30.0,,,811,27,815.0,26.0,,,804.5
4190,801,22,796.0,17.0,,,816,35,821.0,27.0,,,808.5
4191,803,21,801.0,23.0,,,821,27,823.0,28.0,,,812.0
4192,817,36,815.0,17.0,,,826,29,828.0,20.0,,,821.5
4193,811,25,808.0,25.0,,,823,36,826.0,16.0,,,817.0
4194,811,39,808.0,24.0,,,822,20,825.0,20.0,,,816.5
4195,815,36,811.0,22.0,,,828,20,832.0,20.0,,,821.5
4196,818,29,816.0,19.0,,,827,35,829.0,29.0,,,822.5
4197,817,19,,,,,830,30,,,,,823.5
4198,804,36,800.0,23.0,,,817,22,821.0,16.0,,,810.5
4199,812,36,810.0,11.0,,,829,24,831.0,24.0,,,820.5
4200,817,26,814.0,14.0,,,830,17,833.0,21.0,,,823.5
4201,818,22,,,,,832,24,,,,,825.0
4202,824,32,820.0,28.0,,,835,19,839.0,27.0,,,829.5
4203,820,22,817.0,27.0,,,829,27,832.0,21.0,,,824.5
4204,814,21,811.0,12.0,,,823,16,826.0,19.0,,,818.5
4206,803,18,800.0,22.0,,,819,25,822.0,11.0,,,811.0
4207,804,22,801.0,12.0,,,820,34,823.0,17.0,,,812.0
4208,818,20,815.0,22.0,,,826,17,829.0,23.0,,,822.0
4213,822,27,819.0,14.0,,,830,24,833.0,27.0,,,826.0
4210,818,22,816.0,14.0,814.0,19.0,829,34,831.0,13.0,833.0,16.0,823.5
4211,825,23,820.0,18.0,,,835,40,840.0,22.0,,,830.0
4212,824,15,821.0,17.0,817.0,14.0,834,23,837.0,25.0,841.0,9.0,829.0
4209,815,37,811.0,15.0,808.0,17.0,827,25,831.0,20.0,834.0,15.0,821.0
4214,827,21,823.0,10.0,,,833,24,837.0,20.0,,,830.0
4215,831,16,827.0,24.0,,,843,27,847.0,15.0,,,837.0
4216,831,26,828.0,30.0,,,839,34,842.0,19.0,,,835.0
4217,828,32,,,,,838,28,,,,,833.0
4218,826,22,822.0,22.0,,,835,28,839.0,13.0,,,830.5
4219,828,38,825.0,28.0,823.0,8.0,838,35,841.0,14.0,843.0,13.0,833.0
4220,823,28,,,,,835,16,,,,,829.0
4221,823,16,820.0,26.0,,,837,20,840.0,18.0,,,830.0
4222,820,39,817.0,19.0,,,832,19,835.0,28.0,,,826.0
4223,814,39,,,,,832,28,,,,,823.0
4224,815,35,811.0,29.0,,,824,33,828.0,16.0,,,819.5
4225,814,26,810.0,23.0,,,831,39,835.0,18.0,,,822.5
4227,815,19,812.0,23.0,,,829,31,832.0,27.0,,,822.0
4228,824,16,,,,,837,27,,,,,830.5
4229,823,36,821.0,10.0,,,835,40,837.0,24.0,,,829.0
4230,813,18,809.0,16.0,,,830,37,834.0,30.0,,,821.5
4231,811,31,808.0,26.0,,,825,39,828.0,20.0,,,818.0
4232,803,39,,,,,816,25,,,,,809.5
4233,808,34,806.0,27.0,804.0,18.0,818,25,820.0,26.0,822.0,13.0,813.0
4234,809,15,,,,,822,19,,,,,815.5
4235,813,32,810.0,10.0,,,825,33,828.0,25.0,,,819.0
4237,808,25,804.0,26.0,,,818,17,822.0,29.0,,,813.0
4238,819,23,816.0,11.0,,,830,34,833.0,27.0,,,824.5
4239,820,17,819.0,11.0,,,826,32,827.0,28.0,,,823.0
4240,815,22,811.0,30.0,,,822,25,826.0,30.0,,,818.5
4241,814,35,810.0,24.0,,,825,39,829.0,30.0,,,819.5
4242,821,22,818.0,17.0,,,831,16,834.0,19.0,,,826.0
4243,820,35,,,,,835,21,,,,,827.5
4246,813,26,,,,,827,16,,,,,820.0
4245,816,34,813.0,12.0,,,829,27,832.0,17.0,,,822.5
4244,816,17,813.0,19.0,,,832,24,835.0,18.0,,,824.0
4247,813,26,809.0,11.0,,,824,36,828.0,22.0,,,818.5
4248,816,31,813.0,17.0,,,827,19,830.0,23.0,,,821.5
4249,817,27,813.0,15.0,,,829,20,833.0,10.0,,,823.0
4250,824,15,822.0,16.0,,,834,19,836.0,17.0,,,829.0
4251,824,33,821.0,21.0,,,837,27,840.0,20.0,,,830.5
4252,822,16,820.0,19.0,,,839,31,841.0,25.0,,,830.5
4253,828,39,827.0,21.0,,,840,33,841.0,17.0,,,834.0
4254,827,40,825.0,22.0,,,835,16,837.0,14.0,,,831.0
4255,831,30,830.0,11.0,828.0,7.0,845,17,846.0,23.0,848.0,17.0,838.0
4256,834,32,830.0,21.0,,,844,31,848.0,12.0,,,839.0
4257,834,28,833.0,18.0,,,838,27,839.0,15.0,,,836.0
4258,825,22,822.0,18.0,818.0,5.0,832,25,835.0,10.0,839.0,18.0,828.5
4259,812,31,809.0,29.0,,,824,22,827.0,24.0,,,818.0
4260,810,24,807.0,11.0,805.0,18.0,822,38,825.0,19.0,827.0,6.0,816.0
4261,807,36,805.0,19.0,,,820,36,822.0,27.0,,,813.5
4262,810,34,806.0,20.0,,,821,31,825.0,11.0,,,815.5
4263,808,24,805.0,12.0,,,823,23,826.0,27.0,,,815.5
4264,800,36,798.0,13.0,,,811,26,813.0,14.0,,,805.5
4265,805,39,802.0,26.0,,,817,23,820.0,22.0,,,811.0
4266,800,26,797.0,13.0,,,809,37,812.0,16.0,,,804.5
4267,805,36,803.0,15.0,,,815,16,817.0,27.0,,,810.0
4268,813,23,809.0,13.0,,,823,15,827.0,11.0,,,818.0
4269,807,18,804.0,28.0,,,820,18,823.0,11.0,,,813.5
4270,813,22,812.0,25.0,,,826,17,827.0,26.0,,,819.5
4271,815,19,811.0,16.0,,,834,30,838.0,16.0,,,824.5
4272,823,23,821.0,27.0,,,830,16,832.0,15.0,,,826.5
4277,810,16,806.0,17.0,,,826,34,830.0,10.0,,,818.0
4274,818,21,814.0,11.0,,,831,34,835.0,24.0,,,824.5
4275,816,21,814.0,12.0,811.0,6.0,826,22,828.0,19.0,831.0,14.0,821.0
4276,812,33,808.0,20.0,,,819,26,823.0,19.0,,,815.5
4273,819,34,815.0,30.0,,,832,17,836.0,22.0,,,825.5
4278,813,23,812.0,22.0,,,820,17,821.0,25.0,,,816.5
4279,809,17,807.0,15.0,,,821,31,823.0,20.0,,,815.0
4280,820,38,817.0,12.0,,,830,30,833.0,18.0,,,825.0
4281,813,21,812.0,24.0,,,829,21,830.0,23.0,,,821.0
4282,826,19,823.0,22.0,819.0,5.0,838,15,841.0,15.0,845.0,14.0,832.0
4283,834,29,832.0,13.0,,,845,27,847.0,26.0,,,839.5
4284,828,32,824.0,12.0,,,843,22,847.0,27.0,,,835.5
4285,833,16,831.0,24.0,,,841,15,843.0,27.0,,,837.0
4286,831,15,829.0,16.0,,,846,31,848.0,29.0,,,838.5
4287,838,27,833.0,28.0,,,851,40,856.0,19.0,,,844.5
4288,840,40,837.0,28.0,,,854,39,857.0,13.0,,,847.0
4289,839,24,836.0,15.0,,,857,33,860.0,30.0,,,848.0
4290,842,33,,,,,850,17,,,,,846.0
4291,837,34,834.0,26.0,831.0,8.0,851,26,854.0,27.0,857.0,9.0,844.0
4292,845,16,842.0,26.0,,,855,28,858.0,13.0,,,850.0
4293,848,35,845.0,22.0,840.0,7.0,865,15,868.0,13.0,873.0,20.0,856.5
4294,856,18,853.0,15.0,,,868,32,871.0,19.0,,,862.0
4295,852,31,848.0,20.0,,,862,28,866.0,25.0,,,857.0
4296,856,28,853.0,28.0,,,869,25,872.0,17.0,,,862.5
4297,849,33,847.0,16.0,,,862,18,864.0,15.0,,,855.5
4298,845,19,842.0,28.0,838.0,13.0,857,24,860.0,21.0,864.0,11.0,851.0
4299,843,22,841.0,24.0,,,857,29,859.0,29.0,,,850.0
4300,840,38,838.0,12.0,,,851,19,853.0,24.0,,,845.5
4301,840,31,837.0,24.0,,,849,35,852.0,29.0,,,844.5
4302,840,38,836.0,29.0,,,848,20,852.0,22.0,,,844.0
4303,831,25,828.0,11.0,823.0,5.0,843,29,846.0,21.0,851.0,19.0,837.0
4304,831,39,829.0,30.0,,,842,32,844.0,16.0,,,836.5
4305,841,33,839.0,29.0,,,853,15,855.0,12.0,,,847.0
4306,840,35,,,,,851,29,,,,,845.5
4307,852,28,848.0,28.0,845.0,19.0,862,37,866.0,16.0,869.0,5.0,857.0
4308,858,36,855.0,30.0,,,873,20,876.0,10.0,,,865.5
4309,857,31,853.0,12.0,,,869,20,873.0,10.0,,,863.0
4310,855,25,854.0,22.0,,,862,35,863.0,16.0,,,858.5
4311,852,37,848.0,16.0,,,864,19,868.0,19.0,,,858.0
4312,850,34,846.0,29.0,,,859,17,863.0,13.0,,,854.5
4313,858,21,853.0,27.0,,,865,28,870.0,17.0,,,861.5
4314,851,17,846.0,17.0,,,868,32,873.0,28.0,,,859.5
4315,855,27,852.0,21.0,,,868,40,871.0,26.0,,,861.5
4316,856,34,853.0,29.0,,,870,33,873.0,20.0,,,863.0
4317,862,37,860.0,15.0,,,874,25,876.0,24.0,,,868.0
4318,863,31,860.0,23.0,,,877,34,880.0,29.0,,,870.0
4319,862,19,860.0,19.0,,,875,40,877.0,29.0,,,868.5
4320,859,17,856.0,18.0,,,870,23,873.0,16.0,,,864.5
4321,853,23,848.0,11.0,,,866,28,871.0,24.0,,,859.5
4322,847,32,843.0,15.0,,,863,16,867.0,11.0,,,855.0
4323,836,40,,,,,852,16,,,,,844.0
4324,846,39,843.0,20.0,,,859,30,862.0,29.0,,,852.5
4325,850,34,845.0,13.0,,,863,40,868.0,20.0,,,856.5
4326,853,30,851.0,22.0,,,865,36,867.0,11.0,,,859.0
4327,844,37,840.0,30.0,,,853,29,857.0,25.0,,,848.5
4328,843,32,841.0,22.0,,,858,40,860.0,17.0,,,850.5
4329,847,24,844.0,19.0,,,857,31,860.0,18.0,,,852.0
4331,850,28,848.0,25.0,845.0,12.0,861,27,863.0,23.0,866.0,17.0,855.5
4332,842,28,839.0,16.0,,,856,23,859.0,29.0,,,849.0
4334,841,22,839.0,16.0,,,853,24,855.0,16.0,,,847.0
4340,845,26,843.0,10.0,,,864,25,866.0,20.0,,,854.5
4336,846,26,843.0,27.0,,,854,24,857.0,26.0,,,850.0
4337,841,35,838.0,25.0,,,851,16,854.0,29.0,,,846.0
4339,839,32,837.0,20.0,,,849,20,851.0,29.0,,,844.0
4335,837,40,832.0,22.0,826.0,13.0,850,33,855.0,13.0,861.0,13.0,843.5
4341,851,21,,,,,859,17,,,,,855.0
4342,848,30,843.0,11.0,839.0,7.0,861,34,866.0,10.0,870.0,7.0,854.5
4343,859,26,857.0,11.0,,,863,40,865.0,12.0,,,861.0
4344,847,40,845.0,23.0,,,855,40,857.0,14.0,,,851.0
4345,849,28,845.0,10.0,,,861,33,865.0,15.0,,,855.0
4347,846,38,843.0,23.0,,,858,21,861.0,28.0,,,852.0
4348,847,26,,,,,864,38,,,,,855.5
4349,846,29,844.0,21.0,,,857,19,859.0,15.0,,,851.5
4350,845,20,843.0,14.0,,,859,39,861.0,25.0,,,852.0
4351,849,29,846.0,23.0,,,855,19,858.0,12.0,,,852.0
4352,841,39,838.0,22.0,,,854,23,857.0,25.0,,,847.5
4353,842,32,840.0,10.0,,,859,23,861.0,30.0,,,850.5
4354,839,20,836.0,12.0,,,847,40,850.0,27.0,,,843.0
4355,837,15,835.0,23.0,,,851,29,853.0,26.0,,,844.0
4356,841,30,837.0,14.0,836.0,17.0,857,38,861.0,19.0,862.0,5.0,849.0
4357,832,25,829.0,21.0,,,839,18,842.0,16.0,,,835.5
4358,833,20,831.0,26.0,,,846,32,848.0,10.0,,,839.5
4359,836,34,834.0,17.0,,,847,19,849.0,24.0,,,841.5
4360,832,27,828.0,26.0,,,844,29,848.0,19.0,,,838.0
4361,828,30,826.0,24.0,,,840,34,842.0,15.0,,,834.0
4362,823,29,820.0,27.0,,,832,23,835.0,28.0,,,827.5
4363,814,20,811.0,29.0,,,827,24,830.0,21.0,,,820.5
4364,818,40,816.0,27.0,,,830,18,832.0,30.0,,,824.0
4365,822,22,817.0,30.0,,,832,34,837.0,15.0,,,827.0
4366,819,40,817.0,28.0,,,831,27,833.0,18.0,,,825.0
4367,822,25,820.0,12.0,819.0,6.0,834,31,836.0,29.0,837.0,20.0,828.0
4368,830,25,827.0,28.0,,,839,20,842.0,10.0,,,834.5
4369,822,15,819.0,29.0,,,833,17,836.0,10.0,,,827.5
4370,819,20,817.0,26.0,,,833,35,835.0,18.0,,,826.0
4371,818,30,815.0,25.0,,,830,30,833.0,20.0,,,824.0
4372,820,23,816.0,17.0,,,832,23,836.0,12.0,,,826.0
4373,830,31,,,,,844,23,,,,,837.0
4375,835,40,829.0,30.0,,,845,15,851.0,12.0,,,840.0
4374,838,35,837.0,12.0,,,853,31,854.0,28.0,,,845.5
4376,842,29,838.0,10.0,,,856,36,860.0,14.0,,,849.0
4377,844,15,843.0,13.0,,,854,29,855.0,21.0,,,849.0
4378,844,23,840.0,16.0,,,854,39,858.0,29.0,,,849.0
4379,843,28,838.0,13.0,,,856,27,861.0,23.0,,,849.5
4380,847,21,843.0,28.0,,,859,24,863.0,25.0,,,853.0
4381,853,29,849.0,27.0,,,866,18,870.0,26.0,,,859.5
4382,851,30,847.0,13.0,,,862,30,866.0,29.0,,,856.5
4383,844,24,841.0,16.0,,,862,24,865.0,10.0,,,853.0
4384,844,26,842.0,14.0,,,857,33,859.0,19.0,,,850.5
4385,844,19,841.0,18.0,,,856,16,859.0,30.0,,,850.0
4386,841,29,,,,,850,22,,,,,845.5
4387,841,37,837.0,12.0,,,855,25,859.0,30.0,,,848.0
4388,847,25,844.0,28.0,,,855,18,858.0,11.0,,,851.0
4389,852,18,847.0,15.0,,,860,18,865.0,28.0,,,856.0
4390,852,19,849.0,16.0,848.0,13.0,859,24,862.0,13.0,863.0,17.0,855.5
4391,848,33,845.0,20.0,,,858,19,861.0,27.0,,,853.0
4392,844,37,841.0,29.0,,,854,30,857.0,16.0,,,849.0
4393,839,19,836.0,14.0,,,851,24,854.0,13.0,,,845.0
4394,836,37,835.0,13.0,,,847,24,848.0,10.0,,,841.5
4395,835,28,832.0,18.0,,,843,35,846.0,27.0,,,839.0
4396,831,34,829.0,20.0,,,835,15,837.0,11.0,,,833.0
4397,833,37,830.0,11.0,,,841,27,844.0,14.0,,,837.0
4398,842,31,841.0,22.0,,,855,17,856.0,16.0,,,848.5
4399,836,23,834.0,23.0,,,850,18,852.0,28.0,,,843.0
4400,825,30,822.0,21.0,,,838,21,841.0,13.0,,,831.5
4401,823,18,819.0,14.0,,,836,16,840.0,18.0,,,829.5
4402,820,15,815.0,19.0,,,836,36,841.0,17.0,,,828.0
4403,821,24,819.0,29.0,,,829,29,831.0,17.0,,,825.0
4404,818,25,814.0,12.0,,,830,19,834.0,15.0,,,824.0
4405,819,38,,,,,830,34,,,,,824.5
4406,820,40,,,,,835,23,,,,,827.5
4407,818,35,814.0,19.0,,,831,35,835.0,14.0,,,824.5
4408,818,30,816.0,10.0,,,833,23,835.0,12.0,,,825.5
4409,823,15,820.0,16.0,,,836,17,839.0,18.0,,,829.5
4410,830,17,827.0,19.0,,,837,38,840.0,21.0,,,833.5
4411,824,27,821.0,30.0,,,832,35,835.0,22.0,,,828.0
4412,832,15,827.0,21.0,,,848,20,853.0,15.0,,,840.0
4413,824,22,,,,,837,28,,,,,830.5
4414,821,34,818.0,13.0,,,832,18,835.0,28.0,,,826.5
4415,828,37,824.0,15.0,,,838,26,842.0,30.0,,,833.0
4420,828,36,824.0,29.0,,,843,29,847.0,11.0,,,835.5
4417,834,32,831.0,17.0,,,842,39,845.0,13.0,,,838.0
4418,831,16,826.0,14.0,,,840,22,845.0,21.0,,,835.5
4419,840,29,837.0,14.0,,,847,37,850.0,11.0,,,843.5
4416,827,28,824.0,26.0,,,843,19,846.0,21.0,,,835.0
4421,828,19,825.0,27.0,,,840,33,843.0,23.0,,,834.0
4422,827,37,822.0,17.0,819.0,5.0,842,16,847.0,30.0,850.0,19.0,834.5
4423,830,28,827.0,19.0,,,843,16,846.0,18.0,,,836.5
4424,829,28,827.0,27.0,825.0,9.0,840,30,842.0,13.0,844.0,7.0,834.5
4425,829,15,826.0,20.0,823.0,5.0,846,27,849.0,10.0,852.0,15.0,837.5
4426,820,26,817.0,22.0,815.0,12.0,834,33,837.0,23.0,839.0,6.0,827.0
4427,819,23,815.0,17.0,,,830,15,834.0,13.0,,,824.5
4428,822,25,820.0,18.0,,,831,29,833.0,19.0,,,826.5
4429,815,40,811.0,14.0,,,836,21,840.0,26.0,,,825.5
4430,823,24,819.0,18.0,,,835,21,839.0,18.0,,,829.0
4431,819,20,814.0,30.0,,,830,34,835.0,20.0,,,824.5
4432,810,31,807.0,26.0,804.0,13.0,824,34,827.0,15.0,830.0,12.0,817.0
4433,804,28,802.0,12.0,,,819,36,821.0,14.0,,,811.5
4434,806,29,805.0,20.0,802.0,13.0,822,39,823.0,27.0,826.0,8.0,814.0
4435,809,40,808.0,24.0,,,812,24,813.0,26.0,,,810.5
4436,812,34,809.0,12.0,,,822,27,825.0,14.0,,,817.0
4437,812,23,810.0,19.0,,,826,25,828.0,20.0,,,819.0
4438,810,20,806.0,23.0,,,826,30,830.0,16.0,,,818.0
4439,808,17,805.0,26.0,,,819,33,822.0,13.0,,,813.5
4440,803,29,800.0,15.0,797.0,6.0,811,38,814.0,26.0,817.0,15.0,807.0
4441,805,38,803.0,21.0,799.0,15.0,815,36,817.0,10.0,821.0,10.0,810.0
4442,800,21,,,,,815,33,,,,,807.5
4443,799,31,797.0,26.0,,,813,22,815.0,10.0,,,806.0
4444,803,17,798.0,24.0,,,820,37,825.0,25.0,,,811.5
4445,801,28,800.0,28.0,,,812,35,813.0,12.0,,,806.5
4446,800,22,799.0,13.0,,,811,22,812.0,14.0,,,805.5
4447,797,16,794.0,19.0,,,805,40,808.0,23.0,,,801.0
4448,780,29,778.0,14.0,,,796,38,798.0,30.0,,,788.0
4449,790,30,787.0,22.0,,,802,28,805.0,15.0,,,796.0
4450,793,26,792.0,13.0,,,804,33,805.0,14.0,,,798.5
4451,792,29,789.0,21.0,,,801,36,804.0,15.0,,,796.5
4452,804,26,801.0,30.0,,,812,36,815.0,29.0,,,808.0
4453,800,39,798.0,14.0,,,816,25,818.0,21.0,,,808.0
4454,802,21,797.0,28.0,,,811,20,816.0,15.0,,,806.5
4457,796,15,793.0,20.0,,,808,34,811.0,29.0,,,802.0
4456,792,40,791.0,22.0,,,808,34,809.0,25.0,,,800.0
4455,798,36,796.0,27.0,793.0,8.0,808,39,810.0,12.0,813.0,11.0,803.0
4458,797,20,793.0,27.0,790.0,5.0,805,31,809.0,10.0,812.0,9.0,801.0
4459,790,16,787.0,28.0,,,807,29,810.0,18.0,,,798.5
4460,793,28,791.0,18.0,,,804,18,806.0,10.0,,,798.5
4461,796,19,793.0,16.0,,,809,29,812.0,12.0,,,802.5
4462,803,37,799.0,10.0,,,808,23,812.0,28.0,,,805.5
4463,789,22,787.0,21.0,,,805,16,807.0,18.0,,,797.0
4464,784,23,783.0,21.0,,,797,32,798.0,17.0,,,790.5
4465,778,22,776.0,15.0,,,794,23,796.0,13.0,,,786.0
4466,781,40,779.0,12.0,,,794,22,796.0,28.0,,,787.5
4467,784,30,782.0,19.0,,,798,15,800.0,18.0,,,791.0
4468,790,37,786.0,14.0,,,802,16,806.0,15.0,,,796.0
4469,792,33,789.0,17.0,,,808,30,811.0,20.0,,,800.0
4470,791,34,788.0,18.0,,,805,40,808.0,22.0,,,798.0
4473,778,25,777.0,17.0,,,789,21,790.0,28.0,,,783.5
4472,781,40,775.0,23.0,,,794,23,800.0,18.0,,,787.5
4471,792,37,789.0,12.0,,,801,40,804.0,17.0,,,796.5
4474,780,30,,,,,792,32,,,,,786.0
4475,778,18,774.0,15.0,,,794,24,798.0,25.0,,,786.0
4476,780,39,777.0,22.0,,,789,19,792.0,17.0,,,784.5
4477,782,27,779.0,11.0,,,790,38,793.0,14.0,,,786.0
4478,781,26,779.0,13.0,,,795,22,797.0,11.0,,,788.0
4479,770,26,766.0,26.0,,,783,15,787.0,11.0,,,776.5
4480,782,33,780.0,12.0,778.0,10.0,796,23,798.0,21.0,800.0,18.0,789.0
4481,783,40,781.0,22.0,,,795,26,797.0,30.0,,,789.0
4482,776,25,,,,,788,22,,,,,782.0
4483,777,37,773.0,21.0,,,795,35,799.0,24.0,,,786.0
4484,778,32,774.0,16.0,,,786,35,790.0,24.0,,,782.0
4485,778,30,774.0,19.0,,,794,31,798.0,16.0,,,786.0
4486,781,33,776.0,16.0,771.0,18.0,791,39,796.0,22.0,801.0,16.0,786.0
4487,778,39,774.0,23.0,,,789,22,793.0,20.0,,,783.5
4488,778,29,776.0,19.0,,,792,24,794.0,14.0,,,785.0
4489,777,29,773.0,14.0,,,792,25,796.0,26.0,,,784.5
4490,773,28,771.0,28.0,768.0,7.0,786,27,788.0,15.0,791.0,11.0,779.5
4494,776,34,772.0,21.0,,,786,37,790.0,21.0,,,781.0
4492,781,19,777.0,11.0,,,798,19,802.0,18.0,,,789.5
4493,782,17,778.0,18.0,,,795,37,799.0,12.0,,,788.5
4491,775,31,772.0,13.0,,,788,27,791.0,16.0,,,781.5
4495,776,17,773.0,20.0,,,789,30,792.0,23.0,,,782.5
4496,778,21,775.0,22.0,,,794,35,797.0,15.0,,,786.0
4497,779,19,775.0,28.0,,,788,19,792.0,26.0,,,783.5
4498,774,22,772.0,30.0,,,795,36,797.0,10.0,,,784.5
4499,779,28,777.0,17.0,,,794,24,796.0,25.0,,,786.5
4500,774,20,772.0,14.0,770.0,20.0,791,19,793.0,20.0,795.0,6.0,782.5
4501,779,31,776.0,23.0,,,792,20,795.0,27.0,,,785.5
4502,779,35,777.0,14.0,,,791,17,793.0,10.0,,,785.0
4503,775,37,771.0,30.0,,,790,27,794.0,11.0,,,782.5
4504,777,37,772.0,28.0,,,789,33,794.0,21.0,,,783.0
4505,785,22,783.0,13.0,,,796,24,798.0,23.0,,,790.5
4506,781,25,779.0,16.0,,,795,28,797.0,23.0,,,788.0
4507,779,16,776.0,23.0,,,787,25,790.0,21.0,,,783.0
4508,778,24,774.0,28.0,,,794,19,798.0,15.0,,,786.0
4509,777,23,775.0,29.0,,,789,33,791.0,16.0,,,783.0
4510,773,38,770.0,18.0,,,783,29,786.0,18.0,,,778.0
4511,775,26,772.0,12.0,,,789,26,792.0,21.0,,,782.0
4512,775,17,772.0,10.0,,,788,23,791.0,22.0,,,781.5
4513,784,15,780.0,26.0,,,786,30,790.0,15.0,,,785.0
4514,779,25,775.0,13.0,,,792,32,796.0,29.0,,,785.5
4515,781,22,778.0,24.0,,,792,27,795.0,16.0,,,786.5
4516,781,29,778.0,18.0,,,794,24,797.0,30.0,,,787.5
4517,779,39,775.0,10.0,772.0,18.0,791,31,795.0,24.0,798.0,16.0,785.0
4518,781,25,780.0,10.0,,,790,35,791.0,27.0,,,785.5
4519,782,26,778.0,30.0,,,793,21,797.0,25.0,,,787.5
4520,783,24,781.0,19.0,,,793,17,795.0,21.0,,,788.0
4521,778,17,774.0,25.0,,,792,20,796.0,16.0,,,785.0
4522,782,32,779.0,24.0,,,794,25,797.0,20.0,,,788.0
4523,781,33,,,,,793,37,,,,,787.0
4524,781,31,778.0,22.0,,,794,31,797.0,29.0,,,787.5
4525,780,15,777.0,14.0,,,791,25,794.0,10.0,,,785.5
4526,783,22,782.0,28.0,,,792,16,793.0,11.0,,,787.5
4527,781,20,777.0,29.0,,,793,34,797.0,25.0,,,787.0
4528,779,40,777.0,24.0,,,793,26,795.0,12.0,,,786.0
4529,777,33,773.0,21.0,,,791,40,795.0,22.0,,,784.0
4530,774,29,770.0,30.0,,,786,39,790.0,18.0,,,780.0
4531,770,38,765.0,29.0,,,786,30,791.0,19.0,,,778.0
4532,771,38,767.0,30.0,,,785,38,789.0,30.0,,,778.0
4533,765,23,762.0,18.0,,,778,38,781.0,19.0,,,771.5
4534,765,33,763.0,10.0,,,774,20,776.0,21.0,,,769.5
4535,763,37,,,,,778,22,,,,,770.5
4536,765,28,761.0,14.0,,,782,17,786.0,29.0,,,773.5
4537,772,20,771.0,16.0,,,784,15,785.0,21.0,,,778.0
4538,773,37,770.0,28.0,,,784,39,787.0,13.0,,,778.5
4539,773,33,769.0,23.0,,,783,40,787.0,16.0,,,778.0
4540,775,38,771.0,11.0,,,789,32,793.0,30.0,,,782.0
4541,782,26,778.0,30.0,,,793,20,797.0,20.0,,,787.5
4542,782,28,780.0,21.0,,,797,20,799.0,20.0,,,789.5
4543,789,18,786.0,12.0,,,800,20,803.0,22.0,,,794.5
4544,793,21,790.0,23.0,,,806,29,809.0,23.0,,,799.5
4545,786,36,,,,,801,16,,,,,793.5
4546,790,18,787.0,24.0,,,798,24,801.0,11.0,,,794.0
4547,787,32,784.0,16.0,,,796,20,799.0,18.0,,,791.5
4548,782,29,779.0,19.0,,,795,26,798.0,12.0,,,788.5
4549,777,37,774.0,18.0,,,793,18,796.0,27.0,,,785.0
4550,777,28,773.0,13.0,770.0,12.0,789,25,793.0,18.0,796.0,13.0,783.0
4551,780,27,777.0,28.0,,,788,25,791.0,16.0,,,784.0
4552,774,33,771.0,23.0,,,790,38,793.0,18.0,,,782.0
4554,773,36,769.0,12.0,,,784,30,788.0,27.0,,,778.5
4555,766,17,762.0,26.0,,,781,28,785.0,20.0,,,773.5
4556,767,16,764.0,16.0,,,781,33,784.0,25.0,,,774.0
4557,771,25,768.0,18.0,,,781,24,784.0,23.0,,,776.0
4558,771,20,767.0,23.0,,,781,16,785.0,30.0,,,776.0
4559,772,32,770.0,15.0,,,782,36,784.0,20.0,,,777.0
4560,769,31,766.0,13.0,,,781,25,784.0,12.0,,,775.0
4561,772,18,768.0,28.0,,,781,24,785.0,21.0,,,776.5
4562,771,20,768.0,16.0,,,783,36,786.0,15.0,,,777.0
4563,769,24,767.0,24.0,,,778,38,780.0,10.0,,,773.5
4564,769,21,766.0,25.0,,,780,15,783.0,30.0,,,774.5
4565,770,16,767.0,27.0,,,784,22,787.0,11.0,,,777.0
4566,773,38,,,,,786,32,,,,,779.5
4567,769,26,767.0,13.0,,,781,40,783.0,19.0,,,775.0
4568,769,25,767.0,30.0,,,781,28,783.0,20.0,,,775.0
4569,771,15,768.0,28.0,765.0,19.0,784,25,787.0,28.0,790.0,14.0,777.5
4570,772,20,768.0,26.0,,,785,34,789.0,20.0,,,778.5
4571,771,22,768.0,13.0,,,779,28,782.0,25.0,,,775.0
4572,761,25,757.0,18.0,,,779,35,783.0,18.0,,,770.0
4573,763,31,759.0,18.0,,,778,33,782.0,14.0,,,770.5
4574,762,37,758.0,17.0,,,777,39,781.0,15.0,,,769.5
4575,760,29,757.0,26.0,,,773,17,776.0,20.0,,,766.5
4576,759,25,,,,,768,33,,,,,763.5
4577,758,37,754.0,11.0,,,770,23,774.0,28.0,,,764.0
4578,762,37,759.0,24.0,,,770,38,773.0,21.0,,,766.0
4579,761,39,760.0,25.0,,,775,30,776.0,19.0,,,768.0
4580,763,38,758.0,24.0,,,774,38,779.0,14.0,,,768.5
4581,758,18,755.0,10.0,752.0,15.0,774,29,777.0,24.0,780.0,17.0,766.0
4585,765,18,763.0,15.0,,,772,23,774.0,12.0,,,768.5
4583,759,38,757.0,28.0,,,776,24,778.0,24.0,,,767.5
4584,763,38,761.0,14.0,,,780,18,782.0,25.0,,,771.5
4582,761,27,758.0,25.0,,,773,24,776.0,26.0,,,767.0
4586,765,19,760.0,28.0,759.0,13.0,776,36,781.0,19.0,782.0,19.0,770.5
4587,763,27,760.0,22.0,,,775,35,778.0,20.0,,,769.0
4588,763,36,761.0,16.0,,,774,17,776.0,29.0,,,768.5
4590,759,25,756.0,13.0,,,776,22,779.0,12.0,,,767.5
4591,763,36,759.0,20.0,,,776,16,780.0,28.0,,,769.5
4592,765,17,763.0,16.0,,,777,25,779.0,27.0,,,771.0
4593,762,16,760.0,21.0,,,774,22,776.0,17.0,,,768.0
4594,758,28,755.0,16.0,,,770,37,773.0,12.0,,,764.0
4595,761,22,,,,,772,32,,,,,766.5
4596,762,28,760.0,17.0,,,772,29,774.0,29.0,,,767.0
4597,756,29,753.0,15.0,750.0,17.0,773,27,776.0,29.0,779.0,20.0,764.5
4598,760,23,756.0,28.0,752.0,15.0,769,21,773.0,27.0,777.0,19.0,764.5
4599,760,32,756.0,17.0,,,772,37,776.0,16.0,,,766.0
4600,762,33,761.0,12.0,,,776,28,777.0,26.0,,,769.0
4601,761,35,759.0,11.0,,,777,33,779.0,30.0,,,769.0
4602,761,24,757.0,16.0,,,774,16,778.0,29.0,,,767.5
4603,764,29,760.0,30.0,,,772,23,776.0,26.0,,,768.0
4604,760,33,756.0,30.0,,,775,29,779.0,19.0,,,767.5
4605,767,32,763.0,19.0,,,773,40,777.0,16.0,,,770.0
4606,764,38,,,,,774,38,,,,,769.0
4607,762,21,760.0,30.0,758.0,11.0,774,38,776.0,20.0,778.0,19.0,768.0
4608,762,17,760.0,28.0,,,774,22,776.0,13.0,,,768.0
4609,761,24,756.0,22.0,,,770,36,775.0,25.0,,,765.5
4610,758,33,752.0,21.0,,,773,23,779.0,30.0,,,765.5
4611,755,35,752.0,22.0,,,773,40,776.0,19.0,,,764.0
4613,763,36,759.0,12.0,,,775,32,779.0,11.0,,,769.0
4614,764,15,762.0,16.0,,,775,29,777.0,26.0,,,769.5
4615,763,21,761.0,12.0,,,777,35,779.0,20.0,,,770.0
4616,767,27,764.0,15.0,,,781,35,784.0,25.0,,,774.0
4617,766,15,,,,,779,20,,,,,772.5
4618,767,31,764.0,18.0,,,781,34,784.0,19.0,,,774.0
4619,771,39,766.0,27.0,,,780,27,785.0,21.0,,,775.5
4620,778,18,,,,,784,33,,,,,781.0
4621,778,40,773.0,16.0,,,788,31,793.0,20.0,,,783.0
4622,782,25,778.0,13.0,,,794,32,798.0,10.0,,,788.0
4623,778,15,774.0,21.0,,,792,30,796.0,22.0,,,785.0
4624,779,19,776.0,21.0,774.0,14.0,791,38,794.0,12.0,796.0,11.0,785.0
4625,777,34,775.0,28.0,,,791,16,793.0,13.0,,,784.0
4626,777,36,774.0,11.0,,,792,23,795.0,27.0,,,784.5
4627,776,27,774.0,13.0,,,790,25,792.0,11.0,,,783.0
4628,780,29,776.0,11.0,,,788,34,792.0,20.0,,,784.0
4629,777,20,774.0,30.0,771.0,15.0,790,24,793.0,28.0,796.0,6.0,783.5
4630,781,19,778.0,16.0,,,790,21,793.0,26.0,,,785.5
4631,779,24,,,,,794,31,,,,,786.5
4632,787,22,784.0,13.0,,,793,29,796.0,18.0,,,790.0
4633,782,19,779.0,21.0,,,801,28,804.0,14.0,,,791.5
4634,787,32,784.0,15.0,,,796,37,799.0,27.0,,,791.5
4635,785,28,781.0,21.0,,,796,25,800.0,21.0,,,790.5
4636,786,24,782.0,28.0,,,799,30,803.0,22.0,,,792.5
4637,791,31,788.0,23.0,,,800,34,803.0,11.0,,,795.5
4638,782,17,,,,,799,17,,,,,790.5
4639,786,36,783.0,30.0,,,798,37,801.0,14.0,,,792.0
4640,782,34,779.0,28.0,,,797,29,800.0,21.0,,,789.5
4641,781,23,,,,,797,27,,,,,789.0
4642,781,30,778.0,26.0,,,788,19,791.0,19.0,,,784.5
4643,777,19,774.0,19.0,,,790,15,793.0,15.0,,,783.5
4644,774,40,771.0,14.0,,,788,34,791.0,27.0,,,781.0
4645,777,38,774.0,19.0,,,789,34,792.0,12.0,,,783.0
4646,775,30,,,,,791,20,,,,,783.0
4647,777,27,773.0,18.0,,,791,19,795.0,14.0,,,784.0
4648,770,16,768.0,14.0,766.0,8.0,788,15,790.0,19.0,792.0,6.0,779.0
4649,776,18,775.0,13.0,,,787,39,788.0,11.0,,,781.5
4650,776,20,773.0,26.0,,,786,38,789.0,17.0,,,781.0
4651,783,25,779.0,11.0,,,789,35,793.0,14.0,,,786.0
4652,786,36,783.0,10.0,780.0,12.0,799,35,802.0,19.0,805.0,19.0,792.5
4653,786,29,,,,,800,22,,,,,793.0
4654,787,40,783.0,22.0,,,800,23,804.0,19.0,,,793.5
4655,789,20,785.0,25.0,,,804,29,808.0,21.0,,,796.5
4656,789,36,788.0,25.0,,,803,16,804.0,20.0,,,796.0
4657,789,32,786.0,20.0,,,802,23,805.0,16.0,,,795.5
4658,785,16,782.0,27.0,,,799,39,802.0,19.0,,,792.0
4659,786,20,783.0,24.0,,,798,17,801.0,30.0,,,792.0
4660,785,21,783.0,16.0,,,802,34,804.0,22.0,,,793.5
4661,788,30,785.0,21.0,,,796,36,799.0,18.0,,,792.0
4662,779,21,777.0,19.0,,,795,19,797.0,15.0,,,787.0
4663,781,15,778.0,16.0,,,793,21,796.0,16.0,,,787.0
4664,784,38,781.0,29.0,,,794,20,797.0,29.0,,,789.0
4665,787,30,784.0,26.0,,,798,16,801.0,20.0,,,792.5
4666,790,21,788.0,26.0,,,803,23,805.0,15.0,,,796.5
4667,789,39,786.0,28.0,,,802,35,805.0,14.0,,,795.5
4668,789,16,786.0,20.0,783.0,10.0,801,35,804.0,19.0,807.0,10.0,795.0
4669,793,33,791.0,16.0,,,803,35,805.0,25.0,,,798.0
4670,795,40,792.0,18.0,,,809,40,812.0,20.0,,,802.0
4671,794,40,792.0,23.0,791.0,20.0,805,21,807.0,24.0,808.0,7.0,799.5
4672,798,15,794.0,22.0,,,809,21,813.0,30.0,,,803.5
4673,796,27,794.0,17.0,,,808,16,810.0,28.0,,,802.0
4675,800,22,,,,,812,19,,,,,806.0
4676,802,34,798.0,16.0,,,814,19,818.0,10.0,,,808.0
4677,801,27,798.0,30.0,,,813,22,816.0,11.0,,,807.0
4678,800,23,799.0,30.0,,,814,29,815.0,16.0,,,807.0
4679,804,37,803.0,15.0,,,816,33,817.0,12.0,,,810.0
4680,804,20,802.0,19.0,,,815,31,817.0,12.0,,,809.5
4681,804,24,801.0,21.0,,,816,18,819.0,13.0,,,810.0
4682,807,27,805.0,17.0,,,825,19,827.0,22.0,,,816.0
4683,810,27,806.0,22.0,,,820,40,824.0,10.0,,,815.0
4684,806,35,802.0,28.0,,,814,28,818.0,28.0,,,810.0
4685,809,17,805.0,23.0,,,820,36,824.0,29.0,,,814.5
4686,814,24,809.0,19.0,806.0,20.0,825,32,830.0,19.0,833.0,20.0,819.5
4687,808,38,804.0,15.0,,,821,35,825.0,17.0,,,814.5
4688,809,38,806.0,15.0,803.0,8.0,822,31,825.0,27.0,828.0,12.0,815.5
4689,809,18,805.0,14.0,,,824,28,828.0,26.0,,,816.5
4690,811,19,805.0,16.0,,,819,15,825.0,17.0,,,815.0
4691,809,31,807.0,24.0,,,821,40,823.0,30.0,,,815.0
4692,806,21,803.0,16.0,,,819,26,822.0,20.0,,,812.5
4693,799,34,795.0,24.0,,,812,35,816.0,22.0,,,805.5
4694,799,38,797.0,18.0,,,815,20,817.0,17.0,,,807.0
4695,801,33,798.0,24.0,796.0,17.0,812,34,815.0,15.0,817.0,8.0,806.5
4696,799,37,796.0,22.0,,,809,15,812.0,26.0,,,804.0
4697,798,32,793.0,26.0,,,810,30,815.0,16.0,,,804.0
4698,800,28,795.0,25.0,,,811,16,816.0,17.0,,,805.5
4699,804,25,802.0,16.0,,,817,18,819.0,29.0,,,810.5
4700,801,27,800.0,10.0,,,813,34,814.0,16.0,,,807.0
4701,800,30,796.0,30.0,,,812,35,816.0,17.0,,,806.0
4702,804,33,801.0,19.0,,,813,38,816.0,25.0,,,808.5
4703,804,19,801.0,16.0,,,818,18,821.0,25.0,,,811.0
4704,799,22,,,,,814,40,,,,,806.5
4705,801,40,797.0,21.0,795.0,11.0,814,39,818.0,20.0,820.0,7.0,807.5
4706,802,29,799.0,18.0,,,816,27,819.0,14.0,,,809.0
4707,801,17,797.0,13.0,796.0,18.0,814,31,818.0,29.0,819.0,10.0,807.5
4708,799,19,796.0,12.0,,,809,28,812.0,20.0,,,804.0
4709,795,24,792.0,23.0,,,809,37,812.0,11.0,,,802.0
4710,792,19,789.0,29.0,,,807,31,810.0,20.0,,,799.5
4711,792,16,789.0,30.0,,,803,16,806.0,13.0,,,797.5
4712,787,23,783.0,27.0,,,797,33,801.0,23.0,,,792.0
4713,786,16,784.0,29.0,,,798,30,800.0,22.0,,,792.0
4714,779,24,775.0,16.0,,,796,38,800.0,30.0,,,787.5
4715,784,31,779.0,20.0,,,793,35,798.0,19.0,,,788.5
4716,782,27,780.0,19.0,,,794,39,796.0,12.0,,,788.0
4717,779,31,775.0,11.0,,,788,29,792.0,18.0,,,783.5
4718,780,40,775.0,28.0,,,793,35,798.0,27.0,,,786.5
4719,776,23,774.0,17.0,771.0,7.0,787,28,789.0,16.0,792.0,6.0,781.5
4720,778,40,776.0,17.0,,,788,20,790.0,25.0,,,783.0
4721,777,16,773.0,25.0,,,791,26,795.0,14.0,,,784.0
4722,775,31,774.0,10.0,,,786,31,787.0,16.0,,,780.5
4724,770,16,766.0,27.0,762.0,15.0,783,30,787.0,12.0,791.0,16.0,776.5
4725,769,19,767.0,16.0,,,780,20,782.0,28.0,,,774.5
4726,767,25,764.0,16.0,761.0,13.0,780,22,783.0,20.0,786.0,16.0,773.5
4727,768,22,766.0,16.0,,,775,33,777.0,22.0,,,771.5
4728,766,29,764.0,16.0,,,777,20,779.0,24.0,,,771.5
4729,770,21,767.0,27.0,,,784,32,787.0,26.0,,,777.0
4730,773,23,770.0,29.0,,,784,34,787.0,21.0,,,778.5
4731,774,35,769.0,11.0,,,787,40,792.0,17.0,,,780.5
4732,777,21,773.0,18.0,,,791,26,795.0,20.0,,,784.0
4734,782,20,779.0,17.0,777.0,7.0,797,39,800.0,19.0,802.0,12.0,789.5
4736,786,34,,,,,800,23,,,,,793.0
4737,790,16,786.0,22.0,,,800,19,804.0,26.0,,,795.0
4738,783,25,780.0,10.0,,,799,39,802.0,24.0,,,791.0
4739,778,35,,,,,789,36,,,,,783.5
4740,778,25,774.0,29.0,,,787,36,791.0,20.0,,,782.5
4741,778,40,776.0,15.0,,,794,20,796.0,22.0,,,786.0
4742,783,25,779.0,23.0,777.0,16.0,795,27,799.0,19.0,801.0,17.0,789.0
4743,780,17,779.0,26.0,,,793,18,794.0,17.0,,,786.5
4744,776,29,773.0,22.0,,,787,37,790.0,10.0,,,781.5
4745,774,29,768.0,10.0,,,786,20,792.0,23.0,,,780.0
4746,775,31,772.0,19.0,,,785,24,788.0,11.0,,,780.0
4747,774,36,771.0,29.0,768.0,10.0,784,28,787.0,12.0,790.0,19.0,779.0
4748,770,20,766.0,21.0,,,785,33,789.0,19.0,,,777.5
4749,765,18,762.0,13.0,,,781,36,784.0,26.0,,,773.0
4750,768,34,765.0,13.0,,,786,15,789.0,12.0,,,777.0
4751,773,32,768.0,11.0,,,781,31,786.0,25.0,,,777.0
4752,771,36,767.0,10.0,,,778,15,782.0,28.0,,,774.5
4753,772,35,768.0,10.0,764.0,19.0,779,36,783.0,19.0,787.0,17.0,775.5
4754,771,22,769.0,22.0,,,781,39,783.0,26.0,,,776.0
4755,770,27,,,,,776,16,,,,,773.0
4756,764,25,763.0,28.0,,,778,29,779.0,25.0,,,771.0
4757,764,16,761.0,25.0,759.0,19.0,775,25,778.0,11.0,780.0,17.0,769.5
4758,766,32,762.0,30.0,,,776,37,780.0,16.0,,,771.0
4759,769,31,766.0,22.0,,,779,26,782.0,28.0,,,774.0
4760,770,19,767.0,30.0,,,782,34,785.0,24.0,,,776.0
4761,770,20,767.0,18.0,,,780,26,783.0,20.0,,,775.0
4762,767,16,764.0,20.0,,,778,29,781.0,26.0,,,772.5
4763,773,23,769.0,12.0,,,782,26,786.0,21.0,,,777.5
4764,774,35,,,,,784,26,,,,,779.0
4765,775,38,773.0,27.0,,,787,22,789.0,10.0,,,781.0
4766,773,19,769.0,22.0,,,793,40,797.0,30.0,,,783.0
4767,772,27,767.0,10.0,,,784,22,789.0,26.0,,,778.0
4768,776,22,773.0,18.0,,,786,37,789.0,20.0,,,781.0
4769,776,25,774.0,18.0,773.0,18.0,785,31,787.0,25.0,788.0,16.0,780.5
4770,771,36,768.0,16.0,,,782,38,785.0,10.0,,,776.5
4772,755,22,752.0,18.0,,,774,24,777.0,12.0,,,764.5
4773,757,17,,,,,771,20,,,,,764.0
4774,756,15,753.0,12.0,,,769,22,772.0,17.0,,,762.5
4775,759,32,754.0,19.0,,,767,33,772.0,18.0,,,763.0
4776,763,26,760.0,16.0,,,769,16,772.0,18.0,,,766.0
4777,760,31,757.0,15.0,,,775,16,778.0,30.0,,,767.5
4778,766,22,763.0,11.0,,,768,31,771.0,22.0,,,767.0
4779,764,23,761.0,20.0,,,779,38,782.0,26.0,,,771.5
4780,767,24,764.0,24.0,,,776,26,779.0,14.0,,,771.5
4781,766,19,,,,,774,27,,,,,770.0
4782,766,19,764.0,19.0,,,780,36,782.0,17.0,,,773.0
4783,768,31,763.0,13.0,,,780,32,785.0,26.0,,,774.0
4784,764,22,762.0,25.0,,,777,30,779.0,27.0,,,770.5
4785,767,25,763.0,15.0,,,783,29,787.0,10.0,,,775.0
4786,766,40,763.0,20.0,759.0,9.0,778,16,781.0,25.0,785.0,6.0,772.0
4787,764,24,761.0,26.0,,,775,22,778.0,23.0,,,769.5
4788,763,33,761.0,12.0,,,775,22,777.0,13.0,,,769.0
4789,759,29,756.0,21.0,,,768,35,771.0,22.0,,,763.5
4790,754,31,749.0,21.0,,,767,26,772.0,18.0,,,760.5
4791,756,20,753.0,13.0,,,762,19,765.0,12.0,,,759.0
4792,751,33,748.0,17.0,,,761,23,764.0,15.0,,,756.0
4793,748,24,744.0,13.0,,,765,39,769.0,18.0,,,756.5
4794,752,18,750.0,24.0,,,767,35,769.0,27.0,,,759.5
4795,754,15,752.0,27.0,748.0,12.0,764,26,766.0,10.0,770.0,20.0,759.0
4796,757,36,753.0,30.0,,,773,30,777.0,13.0,,,765.0
4798,763,35,759.0,17.0,,,771,32,775.0,23.0,,,767.0
4799,760,26,758.0,29.0,,,773,23,775.0,15.0,,,766.5
4800,760,33,758.0,15.0,,,771,16,773.0,11.0,,,765.5
4801,758,31,754.0,15.0,,,772,29,776.0,19.0,,,765.0
4802,756,17,752.0,23.0,,,766,29,770.0,18.0,,,761.0
4803,753,16,750.0,11.0,,,764,25,767.0,13.0,,,758.5
4804,751,36,,,,,763,25,,,,,757.0
4805,747,38,744.0,24.0,,,758,15,761.0,22.0,,,752.5
4806,750,29,747.0,11.0,,,760,28,763.0,21.0,,,755.0
4807,752,37,749.0,10.0,746.0,9.0,764,33,767.0,20.0,770.0,5.0,758.0
4808,746,16,743.0,24.0,,,762,35,765.0,17.0,,,754.0
4809,746,31,744.0,30.0,,,760,37,762.0,17.0,,,753.0
4810,741,27,739.0,30.0,,,760,28,762.0,19.0,,,750.5
4811,741,17,740.0,14.0,,,755,15,756.0,14.0,,,748.0
4812,738,33,735.0,29.0,,,756,37,759.0,19.0,,,747.0
4813,741,26,737.0,22.0,,,750,27,754.0,14.0,,,745.5
4814,742,34,737.0,10.0,,,750,36,755.0,29.0,,,746.0
4815,743,38,739.0,25.0,,,754,35,758.0,15.0,,,748.5
4816,742,39,739.0,25.0,,,756,30,759.0,16.0,,,749.0
4817,743,39,741.0,24.0,,,759,25,761.0,12.0,,,751.0
4818,751,40,747.0,14.0,744.0,8.0,758,16,762.0,13.0,765.0,16.0,754.5
4819,748,27,745.0,15.0,,,759,31,762.0,14.0,,,753.5
4820,747,27,744.0,26.0,,,755,26,758.0,24.0,,,751.0
4821,748,22,,,,,752,15,,,,,750.0
4822,741,28,737.0,12.0,,,758,32,762.0,12.0,,,749.5
4823,739,40,736.0,29.0,,,750,40,753.0,10.0,,,744.5
4824,740,19,738.0,29.0,,,751,21,753.0,17.0,,,745.5
4825,738,18,733.0,27.0,,,745,16,750.0,19.0,,,741.5
4826,737,32,734.0,28.0,,,750,28,753.0,27.0,,,743.5
4827,735,34,732.0,25.0,,,749,26,752.0,24.0,,,742.0
4828,739,37,,,,,751,22,,,,,745.0
4829,739,27,734.0,18.0,,,747,37,752.0,30.0,,,743.0
4830,740,40,737.0,18.0,,,751,38,754.0,25.0,,,745.5
4831,742,15,740.0,18.0,,,753,21,755.0,26.0,,,747.5
4832,737,28,735.0,12.0,,,748,26,750.0,27.0,,,742.5
4833,740,33,737.0,13.0,,,748,17,751.0,22.0,,,744.0
4834,744,34,741.0,30.0,,,754,40,757.0,10.0,,,749.0
4835,753,25,752.0,29.0,,,759,36,760.0,14.0,,,756.0
4839,748,40,744.0,15.0,,,760,16,764.0,21.0,,,754.0
4837,754,15,750.0,12.0,749.0,6.0,763,30,767.0,13.0,768.0,19.0,758.5
4838,751,38,746.0,11.0,,,761,35,766.0,14.0,,,756.0
4836,749,29,745.0,27.0,,,764,20,768.0,28.0,,,756.5
4840,741,24,738.0,15.0,,,756,22,759.0,11.0,,,748.5
4841,741,27,737.0,12.0,,,754,28,758.0,10.0,,,747.5
4842,741,26,738.0,14.0,,,750,27,753.0,24.0,,,745.5
4843,743,19,740.0,17.0,,,758,38,761.0,16.0,,,750.5
4844,748,25,744.0,29.0,,,764,24,768.0,18.0,,,756.0
4845,748,25,745.0,21.0,,,759,25,762.0,11.0,,,753.5
4846,745,18,742.0,23.0,,,757,38,760.0,13.0,,,751.0
4847,746,22,,,,,757,38,,,,,751.5
4848,747,24,,,,,760,21,,,,,753.5
4849,751,20,748.0,29.0,,,762,29,765.0,18.0,,,756.5
4850,747,36,744.0,16.0,,,760,31,763.0,10.0,,,753.5
4851,744,26,740.0,23.0,,,764,40,768.0,27.0,,,754.0
4852,751,28,747.0,10.0,,,757,37,761.0,28.0,,,754.0
4853,742,18,739.0,20.0,,,755,20,758.0,14.0,,,748.5
4854,743,36,741.0,26.0,,,755,25,757.0,25.0,,,749.0
4855,743,29,739.0,23.0,,,755,36,759.0,25.0,,,749.0
4856,740,16,,,,,751,32,,,,,745.5
4857,739,16,736.0,24.0,732.0,19.0,756,25,759.0,16.0,763.0,20.0,747.5
4858,738,18,734.0,30.0,,,748,17,752.0,13.0,,,743.0
4859,736,29,735.0,18.0,,,749,37,750.0,19.0,,,742.5
4860,736,31,735.0,30.0,,,744,36,745.0,16.0,,,740.0
4861,733,16,728.0,14.0,,,746,16,751.0,25.0,,,739.5
4862,741,29,737.0,26.0,,,750,29,754.0,24.0,,,745.5
4863,738,26,735.0,13.0,732.0,20.0,752,25,755.0,17.0,758.0,16.0,745.0
4864,741,40,738.0,15.0,,,750,28,753.0,20.0,,,745.5
4865,740,19,735.0,23.0,,,751,40,756.0,28.0,,,745.5
4866,739,26,737.0,19.0,,,751,23,753.0,30.0,,,745.0
4867,741,16,738.0,29.0,,,756,33,759.0,20.0,,,748.5
4868,742,29,738.0,30.0,737.0,19.0,756,17,760.0,14.0,761.0,14.0,749.0
4869,741,35,738.0,21.0,,,756,29,759.0,15.0,,,748.5
4870,745,22,742.0,19.0,,,760,27,763.0,22.0,,,752.5
4871,745,18,743.0,14.0,,,755,29,757.0,29.0,,,750.0
4872,742,25,738.0,24.0,,,754,15,758.0,18.0,,,748.0
4873,738,26,736.0,27.0,,,753,37,755.0,22.0,,,745.5
4874,742,39,738.0,18.0,,,750,36,754.0,11.0,,,746.0
4875,744,23,742.0,13.0,740.0,6.0,755,23,757.0,13.0,759.0,13.0,749.5
4876,738,24,733.0,10.0,,,756,30,761.0,15.0,,,747.0
4877,732,34,730.0,27.0,,,743,34,745.0,13.0,,,737.5
4878,728,20,725.0,25.0,,,741,34,744.0,18.0,,,734.5
4879,729,25,728.0,13.0,,,735,39,736.0,13.0,,,732.0
4880,720,21,717.0,21.0,,,733,29,736.0,18.0,,,726.5
4881,723,15,721.0,15.0,,,735,32,737.0,13.0,,,729.0
4882,724,39,721.0,22.0,,,736,29,739.0,28.0,,,730.0
4883,719,23,717.0,12.0,,,735,17,737.0,13.0,,,727.0
4884,718,22,715.0,13.0,,,731,20,734.0,17.0,,,724.5
4885,713,18,710.0,13.0,,,728,22,731.0,30.0,,,720.5
4886,714,28,712.0,10.0,,,728,33,730.0,22.0,,,721.0
4887,715,25,713.0,26.0,711.0,17.0,725,20,727.0,13.0,729.0,12.0,720.0
4888,718,37,715.0,28.0,,,723,19,726.0,22.0,,,720.5
4889,713,17,709.0,30.0,,,730,35,734.0,21.0,,,721.5
4890,723,29,721.0,17.0,,,730,39,732.0,20.0,,,726.5
4891,716,33,713.0,22.0,,,724,28,727.0,14.0,,,720.0
4892,713,19,710.0,15.0,,,729,32,732.0,26.0,,,721.0
4893,714,25,710.0,15.0,707.0,14.0,719,17,723.0,12.0,726.0,13.0,716.5
4894,713,27,710.0,28.0,,,730,40,733.0,13.0,,,721.5
4895,716,23,714.0,14.0,,,729,32,731.0,18.0,,,722.5
4896,713,32,710.0,17.0,,,730,37,733.0,20.0,,,721.5
4897,717,19,712.0,11.0,,,730,26,735.0,12.0,,,723.5
4898,713,18,709.0,22.0,706.0,20.0,733,40,737.0,30.0,740.0,9.0,723.0
4899,714,21,711.0,21.0,709.0,9.0,726,39,729.0,14.0,731.0,11.0,720.0
4900,710,29,708.0,23.0,,,723,28,725.0,27.0,,,716.5
4901,711,29,707.0,21.0,,,723,25,727.0,12.0,,,717.0
4902,710,20,707.0,14.0,703.0,15.0,721,28,724.0,23.0,728.0,20.0,715.5
4903,712,34,709.0,24.0,,,723,38,726.0,24.0,,,717.5
4904,715,20,711.0,16.0,,,728,30,732.0,10.0,,,721.5
4905,716,28,,,,,723,29,,,,,719.5
4906,712,39,,,,,724,33,,,,,718.0
4907,715,17,713.0,11.0,709.0,14.0,725,15,727.0,11.0,731.0,16.0,720.0
4908,713,25,710.0,16.0,704.0,20.0,726,27,729.0,24.0,735.0,19.0,719.5
4909,710,28,706.0,22.0,,,729,25,733.0,21.0,,,719.5
4910,712,27,710.0,30.0,707.0,8.0,723,37,725.0,17.0,728.0,14.0,717.5
4911,715,24,711.0,19.0,,,721,28,725.0,28.0,,,718.0
4912,718,15,716.0,27.0,,,726,15,728.0,19.0,,,722.0
4913,716,31,712.0,25.0,,,730,31,734.0,22.0,,,723.0
4914,722,40,721.0,17.0,,,726,35,727.0,28.0,,,724.0
4915,715,22,711.0,23.0,,,725,31,729.0,23.0,,,720.0
4916,712,29,709.0,13.0,,,726,26,729.0,11.0,,,719.0
4917,711,38,708.0,20.0,,,723,40,726.0,24.0,,,717.0
4918,712,30,708.0,18.0,,,725,38,729.0,17.0,,,718.5
4919,715,33,714.0,21.0,,,723,15,724.0,21.0,,,719.0
4920,710,23,,,,,727,17,,,,,718.5
4921,713,15,710.0,28.0,,,724,17,727.0,29.0,,,718.5
4922,713,16,710.0,27.0,,,723,16,726.0,11.0,,,718.0
4923,712,31,710.0,15.0,,,727,24,729.0,11.0,,,719.5
4924,715,38,711.0,30.0,,,724,27,728.0,22.0,,,719.5
4925,721,34,719.0,28.0,,,732,23,734.0,21.0,,,726.5
4926,721,40,719.0,16.0,,,735,33,737.0,25.0,,,728.0
4927,724,24,722.0,15.0,720.0,6.0,735,33,737.0,14.0,739.0,9.0,729.5
4928,718,40,714.0,18.0,,,728,27,732.0,12.0,,,723.0
4929,721,24,717.0,22.0,,,735,28,739.0,15.0,,,728.0
4930,725,30,722.0,24.0,,,740,31,743.0,14.0,,,732.5
4931,719,27,716.0,12.0,,,739,34,742.0,18.0,,,729.0
4932,718,22,715.0,23.0,,,735,38,738.0,26.0,,,726.5
4933,722,39,719.0,16.0,,,728,32,731.0,12.0,,,725.0
4934,716,26,713.0,25.0,,,728,33,731.0,20.0,,,722.0
4935,720,33,718.0,10.0,,,732,35,734.0,18.0,,,726.0
4936,729,34,726.0,11.0,,,740,18,743.0,10.0,,,734.5
4937,731,37,729.0,24.0,,,744,32,746.0,11.0,,,737.5
4938,735,39,732.0,20.0,,,748,27,751.0,17.0,,,741.5
4939,740,29,737.0,19.0,,,749,32,752.0,18.0,,,744.5
4940,742,37,740.0,10.0,,,756,16,758.0,28.0,,,749.0
4941,748,24,744.0,13.0,,,758,27,762.0,12.0,,,753.0
4942,747,34,745.0,25.0,742.0,14.0,763,37,765.0,19.0,768.0,12.0,755.0
4943,747,35,743.0,19.0,,,759,29,763.0,14.0,,,753.0
4944,745,17,742.0,25.0,,,755,20,758.0,27.0,,,750.0
4945,744,22,740.0,17.0,,,756,33,760.0,30.0,,,750.0
4946,745,15,741.0,11.0,,,759,24,763.0,10.0,,,752.0
4947,745,34,742.0,28.0,,,754,27,757.0,24.0,,,749.5
4948,745,30,742.0,19.0,,,757,29,760.0,27.0,,,751.0
4949,748,37,745.0,17.0,,,756,33,759.0,20.0,,,752.0
4950,742,30,739.0,15.0,,,755,39,758.0,14.0,,,748.5
4951,747,30,744.0,27.0,742.0,11.0,757,16,760.0,14.0,762.0,17.0,752.0
4952,748,36,,,,,763,18,,,,,755.5
4953,756,17,753.0,12.0,,,767,38,770.0,11.0,,,761.5
4954,754,33,752.0,10.0,,,770,15,772.0,14.0,,,762.0
4955,760,28,757.0,15.0,,,769,15,772.0,10.0,,,764.5
4956,757,35,,,,,766,30,,,,,761.5
4957,755,15,752.0,11.0,,,772,30,775.0,12.0,,,763.5
4958,762,35,760.0,27.0,,,773,36,775.0,12.0,,,767.5
4959,766,30,764.0,24.0,,,776,38,778.0,28.0,,,771.0
4960,762,27,758.0,15.0,,,771,30,775.0,12.0,,,766.5
4961,760,26,757.0,11.0,,,772,31,775.0,16.0,,,766.0
4962,761,21,757.0,30.0,,,772,38,776.0,14.0,,,766.5
4963,762,27,760.0,26.0,757.0,9.0,772,17,774.0,24.0,777.0,13.0,767.0
4964,763,32,760.0,22.0,756.0,12.0,773,38,776.0,27.0,780.0,18.0,768.0
4965,764,32,762.0,14.0,,,772,28,774.0,23.0,,,768.0
4966,765,39,761.0,23.0,,,781,40,785.0,16.0,,,773.0
4967,762,16,759.0,15.0,,,776,28,779.0,26.0,,,769.0
4968,765,22,762.0,30.0,,,776,23,779.0,13.0,,,770.5
4969,768,38,765.0,17.0,763.0,7.0,780,33,783.0,23.0,785.0,19.0,774.0
4970,766,38,763.0,29.0,,,778,16,781.0,30.0,,,772.0
4971,767,24,764.0,20.0,,,780,20,783.0,14.0,,,773.5
4972,765,32,763.0,15.0,,,775,16,777.0,30.0,,,770.0
4973,759,15,755.0,20.0,,,775,29,779.0,19.0,,,767.0
4974,762,39,761.0,12.0,,,772,37,773.0,26.0,,,767.0
4975,760,40,758.0,30.0,,,769,15,771.0,20.0,,,764.5
4976,760,17,758.0,29.0,755.0,20.0,767,35,769.0,16.0,772.0,10.0,763.5
4977,752,32,749.0,17.0,,,762,24,765.0,15.0,,,757.0
4978,752,25,749.0,30.0,,,764,16,767.0,18.0,,,758.0
4979,755,22,752.0,12.0,,,767,24,770.0,16.0,,,761.0
4980,757,16,756.0,12.0,,,769,27,770.0,21.0,,,763.0
4981,760,36,756.0,30.0,,,768,39,772.0,14.0,,,764.0
4982,761,25,,,,,769,21,,,,,765.0
4983,760,27,754.0,27.0,,,771,30,777.0,26.0,,,765.5
4984,756,27,,,,,774,26,,,,,765.0
4985,762,28,759.0,19.0,,,770,35,773.0,28.0,,,766.0
4986,763,36,761.0,15.0,758.0,11.0,774,32,776.0,17.0,779.0,8.0,768.5
4989,765,27,763.0,17.0,,,777,32,779.0,29.0,,,771.0
4988,763,19,758.0,20.0,,,773,38,778.0,29.0,,,768.0
4987,762,20,759.0,21.0,,,775,31,778.0,17.0,,,768.5
4990,766,37,763.0,19.0,759.0,13.0,781,35,784.0,11.0,788.0,18.0,773.5
4991,765,38,762.0,17.0,,,775,18,778.0,14.0,,,770.0
4992,767,19,765.0,28.0,,,783,30,785.0,30.0,,,775.0
4993,764,39,763.0,23.0,,,781,26,782.0,19.0,,,772.5
4994,769,28,766.0,29.0,,,782,16,785.0,17.0,,,775.5
4995,768,17,764.0,25.0,,,782,19,786.0,24.0,,,775.0
4996,771,20,769.0,26.0,,,778,29,780.0,24.0,,,774.5
4997,771,16,766.0,15.0,,,782,18,787.0,23.0,,,776.5
4998,768,18,,,,,788,26,,,,,778.0
4999,772,20,769.0,17.0,,,788,23,791.0,10.0,,,780.0
5000,774,19,772.0,11.0,770.0,6.0,786,23,788.0,26.0,790.0,7.0,780.0
5001,772,37,771.0,11.0,,,786,19,787.0,30.0,,,779.0
5002,781,36,776.0,14.0,773.0,9.0,796,39,801.0,12.0,804.0,8.0,788.5
5003,787,25,783.0,18.0,,,795,39,799.0,23.0,,,791.0
5004,779,18,777.0,29.0,,,790,18,792.0,14.0,,,784.5
5005,783,20,779.0,23.0,,,791,26,795.0,10.0,,,787.0
5008,791,36,788.0,16.0,,,800,22,803.0,15.0,,,795.5
5007,786,29,783.0,30.0,,,791,25,794.0,12.0,,,788.5
5006,780,39,778.0,23.0,,,793,16,795.0,12.0,,,786.5
5009,790,34,788.0,19.0,,,800,32,802.0,24.0,,,795.0
5010,791,34,786.0,13.0,,,803,28,808.0,28.0,,,797.0
5011,790,24,787.0,12.0,,,806,37,809.0,28.0,,,798.0
5012,790,26,786.0,25.0,,,800,29,804.0,29.0,,,795.0
5013,793,23,791.0,23.0,,,803,19,805.0,15.0,,,798.0
5014,790,32,787.0,12.0,,,798,16,801.0,13.0,,,794.0
5015,783,15,781.0,17.0,,,801,38,803.0,16.0,,,792.0
5016,786,21,784.0,11.0,,,800,25,802.0,21.0,,,793.0
5017,788,28,787.0,13.0,783.0,8.0,796,23,797.0,28.0,801.0,18.0,792.0
5018,789,37,785.0,22.0,,,803,22,807.0,11.0,,,796.0
5019,791,27,786.0,19.0,,,795,15,800.0,27.0,,,793.0
5020,790,40,,,,,804,28,,,,,797.0
5021,791,28,788.0,30.0,784.0,14.0,804,22,807.0,10.0,811.0,13.0,797.5
5022,794,27,791.0,19.0,,,805,32,808.0,11.0,,,799.5
5023,794,16,791.0,22.0,,,804,31,807.0,11.0,,,799.0
5024,791,32,786.0,23.0,,,802,21,807.0,28.0,,,796.5
5025,794,22,792.0,26.0,,,804,34,806.0,19.0,,,799.0
5026,802,23,800.0,14.0,,,811,32,813.0,10.0,,,806.5
5027,811,24,808.0,30.0,,,823,26,826.0,20.0,,,817.0
5028,814,16,,,,,824,15,,,,,819.0
5029,815,20,813.0,19.0,,,827,36,829.0,17.0,,,821.0
5030,814,18,811.0,19.0,,,823,23,826.0,15.0,,,818.5
5031,817,40,815.0,15.0,,,828,32,830.0,16.0,,,822.5
5032,813,16,811.0,24.0,,,825,38,827.0,12.0,,,819.0
5033,808,35,807.0,16.0,,,817,15,818.0,13.0,,,812.5
5034,805,37,802.0,24.0,798.0,12.0,815,36,818.0,23.0,822.0,20.0,810.0
5035,812,38,809.0,13.0,807.0,6.0,823,36,826.0,19.0,828.0,17.0,817.5
5036,805,21,803.0,10.0,,,813,38,815.0,29.0,,,809.0
5037,806,16,802.0,27.0,,,814,17,818.0,22.0,,,810.0
5038,808,21,804.0,12.0,803.0,20.0,824,40,828.0,27.0,829.0,10.0,816.0
5039,810,28,806.0,28.0,,,816,29,820.0,13.0,,,813.0
5040,802,31,800.0,28.0,,,812,26,814.0,14.0,,,807.0
5041,806,18,803.0,21.0,,,820,21,823.0,26.0,,,813.0
5042,802,19,798.0,13.0,,,813,40,817.0,24.0,,,807.5
5043,796,35,795.0,21.0,,,814,24,815.0,15.0,,,805.0
5044,796,26,795.0,24.0,,,809,17,810.0,26.0,,,802.5
5045,797,15,795.0,10.0,,,811,34,813.0,10.0,,,804.0
5046,788,23,785.0,14.0,,,803,16,806.0,12.0,,,795.5
5047,792,25,788.0,16.0,,,804,40,808.0,27.0,,,798.0
5048,799,40,796.0,15.0,,,810,28,813.0,13.0,,,804.5
5049,803,21,800.0,10.0,,,816,22,819.0,15.0,,,809.5
5050,804,40,802.0,27.0,,,816,24,818.0,21.0,,,810.0
5051,804,34,803.0,28.0,,,816,17,817.0,12.0,,,810.0
5052,807,37,802.0,10.0,,,821,20,826.0,19.0,,,814.0
5053,798,39,793.0,21.0,,,809,25,814.0,24.0,,,803.5
5054,793,18,,,,,802,22,,,,,797.5
5055,789,18,788.0,29.0,785.0,18.0,799,16,800.0,23.0,803.0,6.0,794.0
5056,780,33,777.0,24.0,775.0,11.0,796,21,799.0,13.0,801.0,10.0,788.0
5057,782,30,,,,,797,28,,,,,789.5
5058,792,31,790.0,30.0,,,802,29,804.0,21.0,,,797.0
5059,792,21,787.0,22.0,,,806,19,811.0,21.0,,,799.0
5060,795,24,791.0,19.0,,,806,16,810.0,11.0,,,800.5
5061,795,25,791.0,27.0,,,805,16,809.0,17.0,,,800.0
5062,801,18,799.0,27.0,,,807,28,809.0,16.0,,,804.0
5063,806,23,802.0,23.0,,,815,26,819.0,29.0,,,810.5
5064,804,15,802.0,22.0,799.0,6.0,816,29,818.0,19.0,821.0,12.0,810.0
5065,803,25,800.0,14.0,,,815,26,818.0,16.0,,,809.0
5066,806,24,802.0,17.0,,,816,30,820.0,29.0,,,811.0
5067,798,15,794.0,21.0,,,812,30,816.0,15.0,,,805.0
5068,798,28,795.0,15.0,,,809,33,812.0,27.0,,,803.5
5069,793,22,790.0,11.0,,,810,38,813.0,21.0,,,801.5
5070,794,35,793.0,18.0,,,802,38,803.0,22.0,,,798.0
5071,795,36,791.0,29.0,788.0,12.0,808,28,812.0,11.0,815.0,7.0,801.5
5072,798,33,797.0,27.0,,,805,20,806.0,21.0,,,801.5
5073,797,23,793.0,28.0,789.0,9.0,807,39,811.0,17.0,815.0,15.0,802.0
5074,789,25,786.0,21.0,,,801,37,804.0,14.0,,,795.0
5075,791,25,789.0,18.0,,,800,18,802.0,27.0,,,795.5
5076,789,18,788.0,26.0,,,798,39,799.0,17.0,,,793.5
5077,780,31,777.0,16.0,,,795,35,798.0,20.0,,,787.5
5078,789,32,786.0,15.0,,,801,20,804.0,14.0,,,795.0
5079,787,29,784.0,26.0,,,798,34,801.0,23.0,,,792.5
5080,793,38,789.0,26.0,,,800,21,804.0,13.0,,,796.5
5081,787,38,784.0,17.0,,,807,17,810.0,26.0,,,797.0
5082,792,25,789.0,28.0,,,805,15,808.0,28.0,,,798.5
5083,793,30,791.0,19.0,,,805,28,807.0,30.0,,,799.0
5084,794,26,793.0,27.0,,,805,27,806.0,30.0,,,799.5
5085,798,22,795.0,22.0,,,806,29,809.0,17.0,,,802.0
5086,796,38,792.0,18.0,,,808,27,812.0,23.0,,,802.0
5087,801,21,,,,,817,40,,,,,809.0
5088,803,30,799.0,10.0,,,812,15,816.0,27.0,,,807.5
5089,805,34,802.0,22.0,,,813,28,816.0,11.0,,,809.0
5090,805,35,802.0,27.0,,,811,38,814.0,28.0,,,808.0
5091,797,28,794.0,10.0,793.0,12.0,810,28,813.0,24.0,814.0,13.0,803.5
5092,799,38,797.0,15.0,,,815,19,817.0,17.0,,,807.0
5093,804,30,801.0,17.0,,,809,19,812.0,21.0,,,806.5
5094,796,16,793.0,22.0,,,810,34,813.0,18.0,,,803.0
5095,800,36,797.0,11.0,,,812,18,815.0,23.0,,,806.0
5096,786,21,783.0,20.0,,,804,30,807.0,11.0,,,795.0
5097,778,23,,,,,792,36,,,,,785.0
5098,778,20,775.0,20.0,,,791,18,794.0,23.0,,,784.5
5099,779,37,774.0,14.0,772.0,16.0,788,19,793.0,17.0,795.0,8.0,783.5
5100,772,20,770.0,23.0,,,787,32,789.0,23.0,,,779.5
5101,778,40,774.0,25.0,,,787,28,791.0,16.0,,,782.5
5102,780,26,778.0,17.0,,,792,15,794.0,21.0,,,786.0
5103,784,32,780.0,26.0,,,791,33,795.0,28.0,,,787.5
5108,791,17,787.0,29.0,,,806,26,810.0,10.0,,,798.5
5105,781,36,778.0,30.0,,,789,34,792.0,12.0,,,785.0
5107,786,34,783.0,10.0,780.0,7.0,791,40,794.0,13.0,797.0,20.0,788.5
5104,781,30,779.0,28.0,,,793,16,795.0,11.0,,,787.0
5109,786,25,782.0,12.0,,,799,19,803.0,30.0,,,792.5
5110,782,26,778.0,30.0,,,796,17,800.0,10.0,,,789.0
5111,783,19,779.0,20.0,,,791,31,795.0,14.0,,,787.0
5112,778,27,774.0,20.0,,,788,31,792.0,23.0,,,783.0
5113,785,35,783.0,23.0,,,790,24,792.0,18.0,,,787.5
5114,786,29,783.0,10.0,,,797,33,800.0,18.0,,,791.5
5115,790,37,,,,,806,29,,,,,798.0
5116,786,29,782.0,13.0,,,799,33,803.0,11.0,,,792.5
5117,795,39,792.0,16.0,,,806,26,809.0,12.0,,,800.5
5119,800,15,795.0,27.0,,,811,29,816.0,22.0,,,805.5
5120,803,15,801.0,29.0,,,812,26,814.0,30.0,,,807.5
5121,803,23,,,,,815,26,,,,,809.0
5122,805,33,801.0,13.0,,,815,19,819.0,12.0,,,810.0
5123,804,21,801.0,12.0,,,820,21,823.0,26.0,,,812.0
5124,809,20,807.0,30.0,802.0,6.0,821,24,823.0,27.0,828.0,10.0,815.0
5125,817,32,816.0,24.0,,,826,16,827.0,23.0,,,821.5
5126,813,28,809.0,23.0,,,824,16,828.0,27.0,,,818.5
5127,815,40,812.0,12.0,,,828,31,831.0,30.0,,,821.5
5128,809,38,805.0,18.0,,,820,27,824.0,17.0,,,814.5
5129,805,21,803.0,16.0,802.0,11.0,816,37,818.0,20.0,819.0,5.0,810.5
5130,804,28,799.0,18.0,,,815,22,820.0,14.0,,,809.5
5131,804,40,802.0,12.0,,,818,37,820.0,20.0,,,811.0
5132,806,29,802.0,27.0,,,818,29,822.0,23.0,,,812.0
5133,809,21,804.0,10.0,,,818,40,823.0,21.0,,,813.5
5134,801,32,798.0,12.0,,,816,20,819.0,29.0,,,808.5
5135,806,24,803.0,19.0,,,815,35,818.0,25.0,,,810.5
5136,802,38,800.0,19.0,,,820,29,822.0,28.0,,,811.0
5137,806,26,802.0,22.0,,,818,23,822.0,20.0,,,812.0
5138,802,35,798.0,23.0,,,812,34,816.0,30.0,,,807.0
5139,800,25,797.0,23.0,,,815,25,818.0,29.0,,,807.5
5140,801,30,798.0,14.0,794.0,7.0,811,15,814.0,17.0,818.0,9.0,806.0
5141,808,28,806.0,23.0,,,822,37,824.0,26.0,,,815.0
5142,811,29,807.0,13.0,806.0,15.0,821,39,825.0,22.0,826.0,12.0,816.0
5143,818,15,,,,,830,39,,,,,824.0
5144,830,26,827.0,18.0,,,844,21,847.0,27.0,,,837.0
5145,835,31,831.0,23.0,,,846,34,850.0,15.0,,,840.5
5146,832,29,831.0,14.0,,,845,31,846.0,10.0,,,838.5
5147,831,30,828.0,13.0,825.0,13.0,839,25,842.0,18.0,845.0,19.0,835.0
5148,829,31,827.0,22.0,,,842,19,844.0,23.0,,,835.5
5149,827,25,,,,,840,32,,,,,833.5
5153,830,26,827.0,22.0,,,837,18,840.0,30.0,,,833.5
5151,822,35,819.0,11.0,815.0,15.0,831,37,834.0,19.0,838.0,15.0,826.5
5152,825,25,822.0,14.0,820.0,12.0,837,23,840.0,10.0,842.0,15.0,831.0
5150,822,24,820.0,22.0,,,836,25,838.0,15.0,,,829.0
5154,824,36,820.0,27.0,,,840,39,844.0,24.0,,,832.0
5155,815,22,811.0,30.0,,,830,17,834.0,14.0,,,822.5
5156,824,15,821.0,17.0,,,839,36,842.0,20.0,,,831.5
5157,822,30,,,,,835,33,,,,,828.5
5158,821,34,818.0,10.0,,,838,40,841.0,10.0,,,829.5
5159,826,37,825.0,14.0,,,842,24,843.0,12.0,,,834.0
5160,830,19,827.0,10.0,,,841,27,844.0,30.0,,,835.5
5161,828,34,825.0,18.0,,,845,39,848.0,29.0,,,836.5
5162,831,36,829.0,16.0,,,843,20,845.0,30.0,,,837.0
5163,829,32,826.0,16.0,,,846,20,849.0,21.0,,,837.5
5164,832,29,829.0,14.0,,,843,38,846.0,14.0,,,837.5
5165,837,30,836.0,26.0,,,847,31,848.0,24.0,,,842.0
5166,838,32,836.0,27.0,,,848,34,850.0,22.0,,,843.0
5167,838,27,836.0,15.0,,,854,17,856.0,30.0,,,846.0
5168,832,36,828.0,17.0,,,852,25,856.0,14.0,,,842.0
5169,838,35,835.0,16.0,833.0,10.0,848,22,851.0,25.0,853.0,18.0,843.0
5170,840,27,836.0,16.0,,,853,35,857.0,14.0,,,846.5
5171,843,30,841.0,29.0,,,853,29,855.0,19.0,,,848.0
5172,846,18,841.0,25.0,,,854,18,859.0,11.0,,,850.0
5173,844,26,842.0,28.0,,,857,28,859.0,22.0,,,850.5
5174,845,22,841.0,22.0,838.0,19.0,854,40,858.0,14.0,861.0,15.0,849.5
5175,852,32,848.0,19.0,,,864,19,868.0,25.0,,,858.0
5176,860,19,859.0,29.0,,,872,25,873.0,27.0,,,866.0
5177,858,19,857.0,28.0,,,871,32,872.0,22.0,,,864.5
5178,863,16,861.0,12.0,,,875,40,877.0,30.0,,,869.0
5179,854,24,851.0,28.0,,,867,39,870.0,22.0,,,860.5
5180,856,39,853.0,10.0,,,874,24,877.0,28.0,,,865.0
5182,863,22,860.0,20.0,,,873,34,876.0,20.0,,,868.0
5183,862,32,858.0,20.0,,,875,22,879.0,26.0,,,868.5
5184,856,27,852.0,24.0,,,870,37,874.0,14.0,,,863.0
5185,848,19,846.0,22.0,,,859,35,861.0,17.0,,,853.5
5190,864,30,862.0,20.0,,,878,37,880.0,15.0,,,871.0
5187,852,34,849.0,16.0,,,862,34,865.0,20.0,,,857.0
5188,859,40,856.0,29.0,,,873,23,876.0,12.0,,,866.0
5189,863,31,860.0,13.0,,,875,28,878.0,16.0,,,869.0
5186,847,22,843.0,23.0,,,864,19,868.0,26.0,,,855.5
5191,862,30,860.0,27.0,,,878,29,880.0,25.0,,,870.0
5192,864,31,861.0,24.0,,,876,26,879.0,29.0,,,870.0
5193,866,22,863.0,25.0,,,876,32,879.0,23.0,,,871.0
5194,867,24,863.0,12.0,,,881,19,885.0,13.0,,,874.0
5195,862,27,861.0,12.0,859.0,9.0,877,38,878.0,11.0,880.0,10.0,869.5
5196,859,17,854.0,14.0,,,869,26,874.0,12.0,,,864.0
5197,860,39,857.0,14.0,853.0,10.0,868,23,871.0,26.0,875.0,7.0,864.0
5198,855,33,852.0,20.0,,,870,19,873.0,17.0,,,862.5
5199,859,25,856.0,24.0,,,872,16,875.0,17.0,,,865.5
5202,846,23,845.0,27.0,,,859,38,860.0,17.0,,,852.5
5201,845,26,842.0,21.0,,,860,36,863.0,19.0,,,852.5
5200,854,23,850.0,21.0,,,867,17,871.0,24.0,,,860.5
5203,848,16,843.0,13.0,,,861,26,866.0,13.0,,,854.5
5204,848,26,847.0,13.0,,,861,33,862.0,15.0,,,854.5
5205,849,23,846.0,15.0,,,858,20,861.0,22.0,,,853.5
5206,842,33,839.0,20.0,,,855,20,858.0,30.0,,,848.5
5207,835,19,832.0,14.0,,,849,32,852.0,21.0,,,842.0
5208,839,23,836.0,24.0,,,851,31,854.0,30.0,,,845.0
5210,844,24,841.0,20.0,,,858,40,861.0,27.0,,,851.0
5211,845,29,842.0,28.0,,,857,33,860.0,20.0,,,851.0
5212,849,34,845.0,15.0,,,864,34,868.0,23.0,,,856.5
5213,849,36,847.0,18.0,844.0,19.0,856,36,858.0,15.0,861.0,8.0,852.5
5214,850,32,848.0,14.0,,,854,26,856.0,30.0,,,852.0
5215,842,37,839.0,24.0,,,847,38,850.0,25.0,,,844.5
5216,844,32,841.0,13.0,,,853,34,856.0,19.0,,,848.5
5217,848,38,846.0,10.0,,,859,31,861.0,30.0,,,853.5
5218,851,24,848.0,16.0,,,860,25,863.0,23.0,,,855.5
5219,854,37,851.0,23.0,,,859,30,862.0,24.0,,,856.5
5220,866,29,864.0,12.0,,,877,17,879.0,25.0,,,871.5
5221,862,33,859.0,17.0,,,872,34,875.0,18.0,,,867.0
5222,868,35,864.0,22.0,,,882,21,886.0,27.0,,,875.0
5223,868,36,866.0,13.0,,,880,39,882.0,22.0,,,874.0
5224,872,21,869.0,21.0,,,884,33,887.0,22.0,,,878.0
5225,876,34,,,,,891,23,,,,,883.5
5226,872,26,870.0,24.0,,,885,34,887.0,27.0,,,878.5
5227,876,30,872.0,28.0,,,891,27,895.0,11.0,,,883.5
5229,885,15,882.0,26.0,,,896,27,899.0,30.0,,,890.5
5230,882,17,878.0,20.0,,,896,34,900.0,21.0,,,889.0
5231,890,35,886.0,24.0,,,902,24,906.0,29.0,,,896.0
5232,892,29,887.0,13.0,,,903,39,908.0,12.0,,,897.5
5233,893,34,890.0,30.0,,,906,15,909.0,18.0,,,899.5
5234,888,38,,,,,898,37,,,,,893.0
5235,890,40,886.0,18.0,,,901,39,905.0,22.0,,,895.5
5236,887,24,883.0,25.0,,,901,25,905.0,15.0,,,894.0
5237,894,15,891.0,17.0,888.0,19.0,902,37,905.0,22.0,908.0,17.0,898.0
5238,892,19,889.0,17.0,,,904,22,907.0,25.0,,,898.0
5239,893,38,891.0,13.0,,,902,38,904.0,13.0,,,897.5
5240,886,15,884.0,25.0,,,903,20,905.0,13.0,,,894.5
5241,894,21,891.0,15.0,890.0,18.0,909,18,912.0,12.0,913.0,15.0,901.5
5242,902,36,898.0,24.0,895.0,7.0,912,39,916.0,23.0,919.0,13.0,907.0
5243,898,39,894.0,10.0,,,908,30,912.0,17.0,,,903.0
5247,916,19,,,,,928,24,,,,,922.0
5245,908,32,904.0,22.0,,,916,39,920.0,24.0,,,912.0
5246,914,16,912.0,18.0,,,925,33,927.0,27.0,,,919.5
5244,897,26,892.0,18.0,,,909,15,914.0,25.0,,,903.0
5248,920,23,918.0,23.0,916.0,14.0,930,37,932.0,28.0,934.0,19.0,925.0
5249,922,36,919.0,10.0,916.0,16.0,934,39,937.0,27.0,940.0,12.0,928.0
5251,924,29,920.0,23.0,,,939,26,943.0,27.0,,,931.5
5252,925,32,922.0,21.0,,,940,34,943.0,20.0,,,932.5
5253,922,19,919.0,27.0,,,934,35,937.0,16.0,,,928.0
5254,921,30,919.0,26.0,,,933,22,935.0,14.0,,,927.0
5256,920,16,917.0,24.0,,,931,31,934.0,30.0,,,925.5
5257,924,18,921.0,10.0,,,933,36,936.0,15.0,,,928.5
5258,926,35,922.0,25.0,,,938,22,942.0,18.0,,,932.0
5259,919,38,917.0,19.0,,,931,26,933.0,27.0,,,925.0
5260,922,37,921.0,15.0,918.0,13.0,933,24,934.0,23.0,937.0,14.0,927.5
5261,919,27,917.0,27.0,,,927,17,929.0,11.0,,,923.0
5263,918,30,916.0,17.0,,,935,18,937.0,30.0,,,926.5
5264,916,15,914.0,27.0,,,930,21,932.0,27.0,,,923.0
5266,929,29,927.0,27.0,,,938,16,940.0,26.0,,,933.5
5267,931,39,928.0,18.0,,,943,37,946.0,18.0,,,937.0
5268,936,19,934.0,30.0,,,942,37,944.0,17.0,,,939.0
5269,933,27,930.0,21.0,,,945,26,948.0,12.0,,,939.0
5270,934,30,,,,,949,33,,,,,941.5
5271,938,33,934.0,30.0,,,950,22,954.0,18.0,,,944.0
5272,936,19,934.0,27.0,932.0,6.0,947,19,949.0,22.0,951.0,11.0,941.5
5273,934,25,932.0,10.0,,,945,24,947.0,17.0,,,939.5
5274,935,21,930.0,23.0,,,945,26,950.0,25.0,,,940.0
5276,941,30,938.0,27.0,,,956,16,959.0,13.0,,,948.5
5277,943,34,940.0,12.0,936.0,13.0,955,28,958.0,26.0,962.0,18.0,949.0
5278,943,38,940.0,19.0,,,951,39,954.0,18.0,,,947.0
5279,939,16,936.0,10.0,,,948,22,951.0,10.0,,,943.5
5280,941,32,938.0,30.0,,,950,30,953.0,30.0,,,945.5
5281,944,20,941.0,24.0,,,958,27,961.0,23.0,,,951.0
5282,945,28,941.0,16.0,,,958,20,962.0,18.0,,,951.5
5283,941,26,937.0,10.0,,,956,23,960.0,28.0,,,948.5
5284,944,33,940.0,15.0,,,959,38,963.0,12.0,,,951.5
5285,946,34,944.0,22.0,,,956,35,958.0,20.0,,,951.0
5286,937,31,934.0,10.0,,,943,19,946.0,30.0,,,940.0
5287,933,24,930.0,20.0,,,945,22,948.0,13.0,,,939.0
5288,937,29,933.0,12.0,,,948,34,952.0,19.0,,,942.5
5289,950,17,947.0,15.0,,,959,21,962.0,13.0,,,954.5
5290,957,26,953.0,27.0,,,963,34,967.0,11.0,,,960.0
5291,964,23,961.0,23.0,959.0,11.0,970,20,973.0,19.0,975.0,10.0,967.0
5292,955,25,953.0,14.0,950.0,7.0,971,17,973.0,24.0,976.0,12.0,963.0
5293,955,31,951.0,23.0,,,966,16,970.0,20.0,,,960.5
5294,958,18,953.0,15.0,,,974,16,979.0,14.0,,,966.0
5295,959,21,956.0,30.0,,,970,37,973.0,28.0,,,964.5
5296,945,36,940.0,22.0,,,958,25,963.0,22.0,,,951.5
5297,937,36,936.0,11.0,,,948,19,949.0,17.0,,,942.5
5298,939,37,936.0,15.0,,,948,20,951.0,17.0,,,943.5
5299,940,40,936.0,14.0,,,950,24,954.0,13.0,,,945.0
5300,931,39,928.0,11.0,,,946,22,949.0,13.0,,,938.5
5301,931,29,928.0,20.0,,,943,20,946.0,16.0,,,937.0
5302,932,19,,,,,945,23,,,,,938.5
5303,933,24,930.0,20.0,,,947,16,950.0,20.0,,,940.0
5304,939,35,935.0,10.0,,,949,29,953.0,15.0,,,944.0
5305,934,22,930.0,26.0,,,945,26,949.0,16.0,,,939.5
5306,940,33,936.0,28.0,934.0,10.0,951,31,955.0,19.0,957.0,16.0,945.5
5307,946,25,942.0,12.0,,,957,34,961.0,24.0,,,951.5
5308,947,15,945.0,21.0,,,959,38,961.0,10.0,,,953.0
5309,951,17,949.0,20.0,,,962,38,964.0,19.0,,,956.5
5310,954,21,951.0,16.0,,,965,38,968.0,28.0,,,959.5
5311,956,24,953.0,10.0,,,967,19,970.0,25.0,,,961.5
5312,957,21,954.0,19.0,,,970,22,973.0,21.0,,,963.5
5313,954,17,953.0,15.0,,,959,27,960.0,12.0,,,956.5
5314,950,25,948.0,10.0,,,961,15,963.0,27.0,,,955.5
5315,954,17,952.0,13.0,,,962,28,964.0,29.0,,,958.0
5316,949,40,946.0,15.0,,,960,28,963.0,18.0,,,954.5
5317,947,29,944.0,14.0,,,961,28,964.0,24.0,,,954.0
5318,952,39,950.0,26.0,,,966,24,968.0,25.0,,,959.0
5319,956,28,952.0,19.0,948.0,6.0,966,29,970.0,10.0,974.0,15.0,961.0
5320,956,18,953.0,26.0,,,966,22,969.0,26.0,,,961.0
5321,955,40,952.0,20.0,,,968,28,971.0,27.0,,,961.5
5322,956,32,954.0,12.0,,,971,31,973.0,16.0,,,963.5
5323,959,39,957.0,17.0,,,968,24,970.0,24.0,,,963.5
5324,965,26,964.0,13.0,,,977,22,978.0,10.0,,,971.0
5325,961,17,958.0,16.0,,,972,40,975.0,21.0,,,966.5
5326,952,23,950.0,14.0,,,965,16,967.0,23.0,,,958.5
5327,952,18,950.0,26.0,949.0,15.0,965,39,967.0,29.0,968.0,20.0,958.5
5328,950,26,946.0,21.0,,,963,17,967.0,26.0,,,956.5
5329,950,29,947.0,29.0,,,964,19,967.0,15.0,,,957.0
5330,957,18,953.0,23.0,,,965,21,969.0,14.0,,,961.0
5331,949,36,947.0,12.0,,,960,21,962.0,19.0,,,954.5
5332,956,30,951.0,10.0,,,963,33,968.0,13.0,,,959.5
5333,953,28,950.0,12.0,949.0,18.0,966,18,969.0,26.0,970.0,16.0,959.5
5334,955,18,952.0,22.0,,,971,37,974.0,13.0,,,963.0
5335,949,38,945.0,25.0,,,962,26,966.0,20.0,,,955.5
5336,957,19,954.0,25.0,,,965,37,968.0,12.0,,,961.0
5337,938,25,934.0,11.0,,,952,22,956.0,26.0,,,945.0
5338,938,34,,,,,949,37,,,,,943.5
5339,938,25,,,,,950,34,,,,,944.0
5340,934,24,931.0,11.0,,,946,18,949.0,21.0,,,940.0
5341,937,27,935.0,15.0,,,950,18,952.0,12.0,,,943.5
5342,932,23,928.0,15.0,,,948,37,952.0,26.0,,,940.0
5343,933,16,931.0,27.0,929.0,6.0,944,39,946.0,20.0,948.0,14.0,938.5
5344,931,26,929.0,22.0,,,944,17,946.0,14.0,,,937.5
5345,934,29,933.0,10.0,,,947,30,948.0,15.0,,,940.5
5346,933,23,929.0,16.0,,,947,20,951.0,26.0,,,940.0
5347,936,32,934.0,22.0,,,947,24,949.0,17.0,,,941.5
5348,937,31,934.0,24.0,,,947,19,950.0,14.0,,,942.0
5349,934,17,927.0,18.0,,,947,36,954.0,16.0,,,940.5
5350,937,33,936.0,13.0,,,953,21,954.0,13.0,,,945.0
5351,935,37,930.0,30.0,,,946,17,951.0,16.0,,,940.5
5352,943,16,940.0,18.0,,,951,34,954.0,27.0,,,947.0
5353,937,26,935.0,22.0,,,948,29,950.0,26.0,,,942.5
5354,936,24,934.0,26.0,,,949,24,951.0,13.0,,,942.5
5355,936,21,934.0,29.0,,,951,38,953.0,24.0,,,943.5
5356,942,15,938.0,16.0,,,957,27,961.0,10.0,,,949.5
5357,947,31,945.0,25.0,941.0,14.0,953,32,955.0,30.0,959.0,10.0,950.0
5358,941,20,938.0,13.0,,,959,29,962.0,11.0,,,950.0
5359,942,38,940.0,27.0,,,956,34,958.0,20.0,,,949.0
5360,944,36,942.0,22.0,,,954,29,956.0,14.0,,,949.0
5361,935,15,,,,,955,28,,,,,945.0
5362,950,38,946.0,25.0,,,961,40,965.0,18.0,,,955.5
5363,947,25,942.0,22.0,,,958,19,963.0,14.0,,,952.5
5364,945,25,943.0,24.0,,,959,19,961.0,20.0,,,952.0
5365,943,34,942.0,11.0,,,951,30,952.0,19.0,,,947.0
5366,938,27,935.0,11.0,,,957,18,960.0,21.0,,,947.5
5367,936,37,930.0,17.0,928.0,11.0,952,40,958.0,13.0,960.0,12.0,944.0
5368,939,36,935.0,29.0,,,952,24,956.0,20.0,,,945.5
5369,943,32,941.0,11.0,,,957,24,959.0,15.0,,,950.0
5370,953,29,949.0,26.0,947.0,12.0,958,40,962.0,11.0,964.0,6.0,955.5
5371,945,38,942.0,30.0,,,957,30,960.0,14.0,,,951.0
5372,948,20,944.0,20.0,,,957,32,961.0,26.0,,,952.5
5373,939,31,938.0,16.0,,,952,36,953.0,12.0,,,945.5
5374,940,32,938.0,30.0,,,949,38,951.0,13.0,,,944.5
5375,942,29,940.0,11.0,,,951,18,953.0,13.0,,,946.5
5376,941,35,938.0,18.0,,,953,40,956.0,27.0,,,947.0
5377,936,15,932.0,27.0,,,951,29,955.0,13.0,,,943.5
5378,938,28,934.0,11.0,931.0,7.0,945,27,949.0,18.0,952.0,8.0,941.5
5379,928,17,926.0,13.0,,,942,25,944.0,28.0,,,935.0
5380,931,26,927.0,15.0,,,939,29,943.0,16.0,,,935.0
5381,927,18,924.0,28.0,,,942,40,945.0,18.0,,,934.5
5382,930,24,926.0,13.0,,,940,38,944.0,19.0,,,935.0
5383,932,23,929.0,10.0,,,942,17,945.0,12.0,,,937.0
5384,929,20,925.0,21.0,,,941,18,945.0,11.0,,,935.0
5385,923,34,919.0,11.0,,,938,26,942.0,15.0,,,930.5
5386,925,31,921.0,28.0,,,944,29,948.0,29.0,,,934.5
5387,925,17,921.0,19.0,,,939,24,943.0,24.0,,,932.0
5388,926,17,923.0,19.0,,,934,21,937.0,27.0,,,930.0
5389,928,22,925.0,24.0,,,941,22,944.0,17.0,,,934.5
5390,945,26,941.0,22.0,,,954,33,958.0,11.0,,,949.5
5391,937,38,934.0,16.0,,,949,26,952.0,29.0,,,943.0
5392,938,38,936.0,24.0,,,957,27,959.0,19.0,,,947.5
5393,937,26,936.0,23.0,,,946,22,947.0,14.0,,,941.5
5394,940,25,939.0,11.0,,,955,27,956.0,11.0,,,947.5
5395,946,31,,,,,959,22,,,,,952.5
5396,941,27,936.0,19.0,,,950,38,955.0,19.0,,,945.5
5397,943,36,940.0,25.0,,,954,35,957.0,13.0,,,948.5
5398,944,15,941.0,21.0,,,955,15,958.0,18.0,,,949.5
5399,949,35,946.0,24.0,,,960,34,963.0,27.0,,,954.5
5400,945,27,942.0,13.0,,,959,19,962.0,15.0,,,952.0
5401,936,15,934.0,11.0,,,947,37,949.0,30.0,,,941.5
5402,932,28,929.0,24.0,,,943,37,946.0,16.0,,,937.5
5403,939,30,937.0,26.0,932.0,11.0,947,34,949.0,18.0,954.0,6.0,943.0
5404,932,40,929.0,29.0,,,947,28,950.0,18.0,,,939.5
5405,941,38,939.0,13.0,,,950,21,952.0,22.0,,,945.5
5406,938,19,935.0,15.0,,,952,26,955.0,27.0,,,945.0
5407,939,23,938.0,22.0,,,950,28,951.0,28.0,,,944.5
5408,940,20,,,,,953,36,,,,,946.5
5409,942,31,939.0,14.0,,,950,21,953.0,10.0,,,946.0
5410,943,19,940.0,30.0,,,949,39,952.0,24.0,,,946.0
5411,942,40,939.0,15.0,,,953,16,956.0,27.0,,,947.5
5412,940,23,938.0,18.0,,,950,36,952.0,23.0,,,945.0
5413,937,25,932.0,10.0,,,943,28,948.0,22.0,,,940.0
5414,934,30,932.0,15.0,,,946,28,948.0,15.0,,,940.0
5415,939,28,936.0,17.0,,,949,33,952.0,17.0,,,944.0
5416,946,16,942.0,24.0,,,958,40,962.0,10.0,,,952.0
5417,944,29,941.0,10.0,939.0,11.0,947,37,950.0,21.0,952.0,12.0,945.5
5418,940,15,937.0,21.0,,,952,38,955.0,21.0,,,946.0
5419,951,31,947.0,11.0,,,959,30,963.0,12.0,,,955.0
5420,948,36,945.0,29.0,,,963,39,966.0,21.0,,,955.5
5421,955,17,,,,,966,30,,,,,960.5
5422,948,19,945.0,11.0,,,963,17,966.0,21.0,,,955.5
5423,957,38,954.0,23.0,,,967,23,970.0,30.0,,,962.0
5424,961,26,958.0,21.0,953.0,16.0,977,23,980.0,19.0,985.0,17.0,969.0
5425,958,26,955.0,23.0,,,968,26,971.0,29.0,,,963.0
5426,960,21,957.0,27.0,,,973,24,976.0,26.0,,,966.5
5427,962,16,960.0,13.0,,,975,29,977.0,15.0,,,968.5
5428,967,34,,,,,979,38,,,,,973.0
5429,977,23,974.0,25.0,,,984,38,987.0,19.0,,,980.5
5430,980,18,978.0,16.0,973.0,15.0,996,22,998.0,20.0,1003.0,6.0,988.0
5431,982,34,979.0,25.0,976.0,20.0,991,34,994.0,23.0,997.0,18.0,986.5
5432,983,29,981.0,16.0,,,999,21,1001.0,17.0,,,991.0
5433,983,27,980.0,22.0,,,998,15,1001.0,29.0,,,990.5
5434,986,17,983.0,29.0,,,998,15,1001.0,10.0,,,992.0
5435,992,23,990.0,10.0,986.0,10.0,1004,31,1006.0,10.0,1010.0,6.0,998.0
5436,992,30,988.0,19.0,985.0,19.0,1004,39,1008.0,24.0,1011.0,7.0,998.0
5437,995,23,992.0,14.0,,,1004,28,1007.0,25.0,,,999.5
5438,989,33,986.0,10.0,,,1000,25,1003.0,17.0,,,994.5
5439,994,15,991.0,21.0,,,1005,31,1008.0,17.0,,,999.5
5440,989,38,987.0,26.0,,,1003,33,1005.0,16.0,,,996.0
5441,993,19,990.0,23.0,,,1005,23,1008.0,24.0,,,999.0
5442,989,16,987.0,30.0,,,1003,22,1005.0,20.0,,,996.0
5443,1001,40,996.0,17.0,,,1008,30,1013.0,15.0,,,1004.5
5444,996,25,993.0,28.0,,,1013,15,1016.0,17.0,,,1004.5
5445,995,18,990.0,13.0,,,1001,32,1006.0,12.0,,,998.0
5446,994,27,990.0,25.0,,,1006,28,1010.0,27.0,,,1000.0
5447,991,19,990.0,20.0,,,1004,21,1005.0,30.0,,,997.5
5448,998,19,996.0,21.0,,,1012,21,1014.0,27.0,,,1005.0
5449,998,31,996.0,11.0,,,1006,31,1008.0,21.0,,,1002.0
5450,999,15,996.0,28.0,,,1011,36,1014.0,25.0,,,1005.0
5451,1000,22,997.0,22.0,,,1013,26,1016.0,16.0,,,1006.5
5452,994,28,990.0,13.0,,,1010,33,1014.0,13.0,,,1002.0
5453,998,16,995.0,23.0,,,1011,38,1014.0,27.0,,,1004.5
5454,1002,31,1000.0,24.0,,,1014,33,1016.0,26.0,,,1008.0
5455,999,15,997.0,18.0,,,1017,18,1019.0,14.0,,,1008.0
5456,990,17,988.0,29.0,,,1002,29,1004.0,28.0,,,996.0
5457,995,18,992.0,30.0,,,1004,19,1007.0,29.0,,,999.5
5458,993,29,,,,,1008,17,,,,,1000.5
5459,997,16,994.0,28.0,,,1007,31,1010.0,10.0,,,1002.0
5460,996,34,993.0,15.0,991.0,19.0,1010,17,1013.0,10.0,1015.0,9.0,1003.0
5461,1003,35,998.0,27.0,,,1016,16,1021.0,18.0,,,1009.5
5462,1008,40,1005.0,15.0,,,1017,21,1020.0,15.0,,,1012.5
5463,1004,32,999.0,10.0,,,1014,26,1019.0,27.0,,,1009.0
5464,1006,30,1002.0,14.0,,,1015,26,1019.0,22.0,,,1010.5
5465,1000,37,996.0,14.0,,,1008,39,1012.0,10.0,,,1004.0
5466,993,24,989.0,12.0,,,1002,33,1006.0,28.0,,,997.5
5467,993,31,990.0,23.0,988.0,18.0,1003,18,1006.0,30.0,1008.0,10.0,998.0
5468,989,36,985.0,10.0,,,1002,40,1006.0,17.0,,,995.5
5469,988,29,984.0,20.0,,,998,20,1002.0,22.0,,,993.0
5470,977,15,973.0,11.0,972.0,5.0,991,27,995.0,27.0,996.0,20.0,984.0
5471,979,32,976.0,15.0,,,989,23,992.0,19.0,,,984.0
5472,982,38,979.0,10.0,,,990,18,993.0,14.0,,,986.0
5473,983,20,978.0,14.0,,,997,27,1002.0,16.0,,,990.0
5474,982,25,979.0,28.0,976.0,6.0,991,37,994.0,23.0,997.0,8.0,986.5
5475,981,31,,,,,990,20,,,,,985.5
5476,981,36,979.0,10.0,,,995,26,997.0,19.0,,,988.0
5477,983,29,981.0,12.0,,,993,39,995.0,30.0,,,988.0
5478,985,24,,,,,994,17,,,,,989.5
5479,982,19,979.0,15.0,,,993,17,996.0,11.0,,,987.5
5480,977,15,975.0,19.0,,,990,38,992.0,28.0,,,983.5
5482,981,32,977.0,27.0,,,994,21,998.0,12.0,,,987.5
5483,983,33,980.0,15.0,,,999,34,1002.0,20.0,,,991.0
5484,992,29,990.0,26.0,,,1001,36,1003.0,28.0,,,996.5
5485,983,26,979.0,24.0,,,999,29,1003.0,18.0,,,991.0
5486,982,30,980.0,24.0,,,993,38,995.0,13.0,,,987.5
5487,980,35,978.0,24.0,,,999,37,1001.0,15.0,,,989.5
5488,986,15,984.0,24.0,,,993,25,995.0,23.0,,,989.5
5489,986,28,983.0,12.0,,,996,24,999.0,25.0,,,991.0
5490,989,23,986.0,11.0,,,1006,15,1009.0,16.0,,,997.5
5491,990,27,985.0,28.0,,,1001,37,1006.0,15.0,,,995.5
5492,983,31,981.0,30.0,,,989,26,991.0,28.0,,,986.0
5493,979,27,975.0,22.0,,,986,28,990.0,30.0,,,982.5
5494,985,30,982.0,14.0,979.0,20.0,994,29,997.0,27.0,1000.0,5.0,989.5
5495,989,15,,,,,999,19,,,,,994.0
5496,990,32,988.0,16.0,,,1003,21,1005.0,13.0,,,996.5
5497,991,32,990.0,24.0,,,1003,15,1004.0,26.0,,,997.0
5498,994,25,991.0,16.0,,,1004,28,1007.0,15.0,,,999.0
5499,993,18,988.0,16.0,,,1006,36,1011.0,27.0,,,999.5
5500,992,31,990.0,25.0,,,1004,35,1006.0,21.0,,,998.0
5501,996,34,993.0,19.0,,,1006,28,1009.0,14.0,,,1001.0
5502,1001,35,998.0,21.0,,,1012,32,1015.0,12.0,,,1006.5
5504,999,16,995.0,15.0,,,1013,22,1017.0,24.0,,,1006.0
5505,1001,33,998.0,28.0,,,1013,34,1016.0,28.0,,,1007.0
5506,995,38,994.0,29.0,,,1009,25,1010.0,10.0,,,1002.0
5507,997,35,994.0,20.0,,,1003,21,1006.0,28.0,,,1000.0
5508,1000,17,998.0,28.0,,,1012,25,1014.0,14.0,,,1006.0
5509,1005,24,1001.0,30.0,,,1015,30,1019.0,14.0,,,1010.0
5510,1007,29,1004.0,28.0,,,1015,27,1018.0,19.0,,,1011.0
5511,1007,37,1003.0,20.0,1000.0,16.0,1022,38,1026.0,22.0,1029.0,20.0,1014.5
5512,1005,24,1003.0,25.0,,,1020,26,1022.0,24.0,,,1012.5
5513,1007,17,,,,,1020,36,,,,,1013.5
5514,1008,40,1006.0,15.0,,,1021,19,1023.0,16.0,,,1014.5
5515,1010,18,1008.0,25.0,,,1021,40,1023.0,25.0,,,1015.5
5516,1014,26,1012.0,21.0,1009.0,6.0,1027,19,1029.0,18.0,1032.0,12.0,1020.5
5517,1013,17,1010.0,29.0,1007.0,9.0,1025,37,1028.0,29.0,1031.0,12.0,1019.0
5518,1007,15,1003.0,30.0,,,1013,36,1017.0,26.0,,,1010.0
5519,1008,22,1006.0,11.0,,,1016,25,1018.0,23.0,,,1012.0
5520,1003,31,1000.0,14.0,,,1013,33,1016.0,23.0,,,1008.0
5521,1001,30,999.0,15.0,,,1014,23,1016.0,11.0,,,1007.5
5522,1002,29,998.0,29.0,,,1013,26,1017.0,18.0,,,1007.5
5523,1000,17,998.0,12.0,,,1012,30,1014.0,29.0,,,1006.0
5524,1000,38,996.0,28.0,,,1018,22,1022.0,19.0,,,1009.0
5525,997,15,995.0,17.0,,,1013,17,1015.0,14.0,,,1005.0
5526,996,27,993.0,16.0,,,1008,21,1011.0,17.0,,,1002.0
5527,983,22,980.0,20.0,976.0,8.0,997,38,1000.0,11.0,1004.0,10.0,990.0
5528,985,31,981.0,20.0,,,1003,21,1007.0,20.0,,,994.0
5529,993,21,992.0,13.0,,,1004,17,1005.0,15.0,,,998.5
5530,994,22,992.0,19.0,,,1008,31,1010.0,30.0,,,1001.0
5531,997,31,995.0,25.0,,,1006,28,1008.0,18.0,,,1001.5
5532,992,25,989.0,15.0,,,1006,25,1009.0,25.0,,,999.0
5533,989,19,986.0,12.0,,,1006,34,1009.0,23.0,,,997.5
5534,990,38,986.0,21.0,,,1000,23,1004.0,10.0,,,995.0
5535,987,40,986.0,22.0,,,1000,34,1001.0,21.0,,,993.5
5536,986,36,982.0,24.0,,,1002,16,1006.0,13.0,,,994.0
5537,986,24,982.0,28.0,,,1002,34,1006.0,25.0,,,994.0
5538,988,35,,,,,1001,31,,,,,994.5
5539,991,25,988.0,12.0,,,997,15,1000.0,20.0,,,994.0
5540,990,15,985.0,25.0,,,1003,26,1008.0,13.0,,,996.5
5541,988,18,984.0,29.0,981.0,7.0,1000,20,1004.0,15.0,1007.0,15.0,994.0
5542,988,30,985.0,14.0,,,1000,30,1003.0,11.0,,,994.0
5543,990,30,987.0,13.0,,,1000,33,1003.0,17.0,,,995.0
5544,986,27,982.0,23.0,,,998,35,1002.0,24.0,,,992.0
5545,986,31,,,,,995,17,,,,,990.5
5546,983,24,978.0,25.0,,,992,25,997.0,10.0,,,987.5
5547,987,30,984.0,13.0,,,1001,36,1004.0,13.0,,,994.0
5548,1004,34,1001.0,12.0,,,1015,24,1018.0,19.0,,,1009.5
5549,999,17,994.0,12.0,,,1012,33,1017.0,12.0,,,1005.5
5550,1001,35,998.0,23.0,,,1008,37,1011.0,29.0,,,1004.5
5551,1003,17,1001.0,27.0,,,1015,23,1017.0,30.0,,,1009.0
5552,992,36,988.0,10.0,,,1005,31,1009.0,18.0,,,998.5
5553,995,19,,,,,1006,21,,,,,1000.5
5554,995,34,993.0,12.0,,,1010,39,1012.0,15.0,,,1002.5
5555,996,33,991.0,30.0,,,1003,24,1008.0,28.0,,,999.5
5556,997,36,994.0,12.0,,,1008,36,1011.0,18.0,,,1002.5
5557,995,20,993.0,17.0,989.0,15.0,1002,27,1004.0,17.0,1008.0,15.0,998.5
5559,998,31,996.0,26.0,,,1008,38,1010.0,25.0,,,1003.0
5560,1002,38,999.0,29.0,,,1009,38,1012.0,30.0,,,1005.5
5561,1002,20,999.0,26.0,,,1013,17,1016.0,13.0,,,1007.5
5562,1010,17,1007.0,30.0,,,1024,24,1027.0,13.0,,,1017.0
5563,1011,38,1008.0,23.0,1005.0,11.0,1026,29,1029.0,14.0,1032.0,13.0,1018.5
5564,1017,19,1014.0,18.0,,,1026,25,1029.0,17.0,,,1021.5
5565,1014,30,1012.0,10.0,,,1026,29,1028.0,27.0,,,1020.0
5566,1015,15,1012.0,29.0,1009.0,8.0,1027,27,1030.0,30.0,1033.0,13.0,1021.0
5567,1019,28,1016.0,12.0,,,1029,17,1032.0,25.0,,,1024.0
5568,1013,25,1011.0,12.0,,,1024,20,1026.0,15.0,,,1018.5
5569,1007,40,1004.0,27.0,,,1017,20,1020.0,18.0,,,1012.0
5570,1004,40,1000.0,23.0,,,1019,22,1023.0,20.0,,,1011.5
5571,1017,19,1014.0,24.0,,,1029,31,1032.0,27.0,,,1023.0
5572,1024,15,1022.0,13.0,1019.0,18.0,1034,34,1036.0,24.0,1039.0,19.0,1029.0
5573,1022,15,,,,,1037,18,,,,,1029.5
5574,1022,16,1019.0,16.0,,,1034,34,1037.0,20.0,,,1028.0
5575,1025,36,1022.0,10.0,,,1036,32,1039.0,29.0,,,1030.5
5576,1019,35,1017.0,19.0,,,1030,36,1032.0,29.0,,,1024.5
5577,1015,39,1012.0,25.0,,,1026,27,1029.0,13.0,,,1020.5
5578,1015,23,1013.0,14.0,,,1025,15,1027.0,13.0,,,1020.0
5579,1014,38,1011.0,24.0,,,1030,35,1033.0,17.0,,,1022.0
5580,1008,18,1003.0,28.0,,,1023,30,1028.0,11.0,,,1015.5
5581,1008,26,1005.0,24.0,,,1020,39,1023.0,12.0,,,1014.0
5586,1018,40,1016.0,22.0,1012.0,5.0,1032,28,1034.0,18.0,1038.0,20.0,1025.0
5583,1013,20,1009.0,12.0,1005.0,8.0,1026,33,1030.0,13.0,1034.0,6.0,1019.5
5584,1015,21,1011.0,13.0,,,1024,18,1028.0,18.0,,,1019.5
5585,1021,18,1018.0,21.0,,,1031,34,1034.0,14.0,,,1026.0
5582,1008,17,1006.0,27.0,,,1020,24,1022.0,23.0,,,1014.0
5587,1016,29,1013.0,25.0,,,1028,32,1031.0,10.0,,,1022.0
5588,1007,16,,,,,1018,17,,,,,1012.5
5589,1005,27,999.0,21.0,,,1017,34,1023.0,20.0,,,1011.0
5590,1006,36,1002.0,21.0,,,1020,37,1024.0,27.0,,,1013.0
5595,1020,26,1016.0,12.0,1013.0,20.0,1030,28,1034.0,28.0,1037.0,20.0,1025.0
5592,1010,24,1008.0,18.0,,,1022,36,1024.0,23.0,,,1016.0
5593,1011,21,1009.0,24.0,,,1028,18,1030.0,15.0,,,1019.5
5594,1013,36,,,,,1024,16,,,,,1018.5
5591,1006,33,1003.0,30.0,,,1021,36,1024.0,23.0,,,1013.5
5596,1016,27,1013.0,19.0,1010.0,16.0,1023,22,1026.0,25.0,1029.0,6.0,1019.5
5597,1019,33,1016.0,28.0,,,1031,33,1034.0,25.0,,,1025.0
5598,1024,26,,,,,1032,32,,,,,1028.0
5599,1024,39,1020.0,26.0,,,1032,28,1036.0,18.0,,,1028.0
5600,1023,27,1022.0,26.0,,,1033,40,1034.0,18.0,,,1028.0
5601,1021,30,,,,,1033,35,,,,,1027.0
5602,1025,40,1023.0,27.0,1019.0,6.0,1037,30,1039.0,24.0,1043.0,16.0,1031.0
5604,1025,35,1024.0,23.0,,,1035,40,1036.0,18.0,,,1030.0
5605,1029,30,1026.0,11.0,,,1043,21,1046.0,10.0,,,1036.0
5606,1033,31,1030.0,22.0,,,1040,37,1043.0,28.0,,,1036.5
5607,1025,28,1022.0,26.0,,,1038,27,1041.0,24.0,,,1031.5
5608,1031,27,,,,,1042,34,,,,,1036.5
5609,1038,16,1036.0,21.0,,,1048,30,1050.0,19.0,,,1043.0
5610,1026,28,1024.0,24.0,,,1046,17,1048.0,23.0,,,1036.0
5611,1029,15,1025.0,10.0,,,1039,24,1043.0,12.0,,,1034.0
5612,1023,37,1019.0,20.0,,,1028,32,1032.0,30.0,,,1025.5
5613,1021,32,1017.0,22.0,,,1028,20,1032.0,15.0,,,1024.5
5614,1010,22,1007.0,27.0,,,1021,33,1024.0,21.0,,,1015.5
5615,1014,20,1010.0,29.0,,,1024,19,1028.0,23.0,,,1019.0
5616,1013,35,1010.0,25.0,,,1025,19,1028.0,18.0,,,1019.0
5617,1009,39,1006.0,25.0,,,1020,25,1023.0,27.0,,,1014.5
5618,1018,30,1016.0,22.0,,,1027,38,1029.0,13.0,,,1022.5
5619,1012,19,1007.0,23.0,,,1033,32,1038.0,20.0,,,1022.5
5620,1010,25,1007.0,21.0,,,1025,17,1028.0,10.0,,,1017.5
5621,1020,27,1017.0,23.0,,,1032,28,1035.0,14.0,,,1026.0
5622,1021,40,1017.0,16.0,,,1029,22,1033.0,23.0,,,1025.0
5623,1021,17,1018.0,21.0,,,1031,30,1034.0,19.0,,,1026.0
5624,1022,17,1018.0,11.0,,,1034,28,1038.0,21.0,,,1028.0
5625,1016,31,1015.0,17.0,,,1030,39,1031.0,14.0,,,1023.0
5626,1017,37,,,,,1032,23,,,,,1024.5
5627,1015,19,1011.0,19.0,,,1028,28,1032.0,25.0,,,1021.5
5628,1013,39,1010.0,19.0,,,1029,30,1032.0,10.0,,,1021.0
5629,1021,20,1017.0,27.0,,,1035,34,1039.0,16.0,,,1028.0
5630,1024,19,1021.0,24.0,,,1036,40,1039.0,14.0,,,1030.0
5631,1033,17,1029.0,29.0,,,1044,29,1048.0,28.0,,,1038.5
5632,1030,35,1027.0,26.0,,,1044,27,1047.0,26.0,,,1037.0
5634,1031,15,1028.0,18.0,,,1038,18,1041.0,29.0,,,1034.5
5633,1031,32,1028.0,24.0,,,1044,27,1047.0,16.0,,,1037.5
5635,1030,22,1028.0,16.0,,,1046,36,1048.0,28.0,,,1038.0
5636,1032,31,1029.0,24.0,,,1046,28,1049.0,21.0,,,1039.0
5637,1032,18,1030.0,15.0,,,1043,29,1045.0,30.0,,,1037.5
5638,1027,28,1024.0,21.0,,,1042,21,1045.0,22.0,,,1034.5
5639,1039,20,1036.0,29.0,,,1046,33,1049.0,29.0,,,1042.5
5640,1034,37,,,,,1047,36,,,,,1040.5
5641,1036,29,1032.0,15.0,,,1050,23,1054.0,25.0,,,1043.0
5642,1039,15,1036.0,22.0,,,1047,36,1050.0,16.0,,,1043.0
5643,1039,27,1036.0,14.0,,,1047,28,1050.0,30.0,,,1043.0
5644,1040,16,1035.0,13.0,,,1052,18,1057.0,17.0,,,1046.0
5645,1047,22,1043.0,28.0,,,1058,27,1062.0,27.0,,,1052.5
5646,1040,38,1037.0,19.0,,,1053,15,1056.0,25.0,,,1046.5
5647,1034,20,1030.0,29.0,,,1050,26,1054.0,16.0,,,1042.0
5648,1038,34,1035.0,19.0,,,1050,16,1053.0,13.0,,,1044.0
5649,1029,30,1024.0,17.0,,,1044,17,1049.0,10.0,,,1036.5
5650,1035,21,1032.0,17.0,,,1048,39,1051.0,16.0,,,1041.5
5651,1041,30,1040.0,21.0,,,1050,29,1051.0,20.0,,,1045.5
5653,1042,37,1040.0,17.0,,,1051,30,1053.0,28.0,,,1046.5
5654,1041,15,,,,,1057,36,,,,,1049.0
5655,1041,15,1040.0,28.0,,,1057,32,1058.0,16.0,,,1049.0
5656,1040,38,1038.0,19.0,,,1052,37,1054.0,10.0,,,1046.0
5657,1054,17,1051.0,23.0,,,1069,34,1072.0,20.0,,,1061.5
5658,1054,32,1051.0,27.0,,,1069,23,1072.0,12.0,,,1061.5
5659,1047,20,1044.0,12.0,,,1060,32,1063.0,13.0,,,1053.5
5660,1063,22,1059.0,24.0,,,1080,17,1084.0,27.0,,,1071.5
5661,1064,22,1061.0,16.0,,,1076,37,1079.0,13.0,,,1070.0
5662,1062,31,1059.0,14.0,,,1072,15,1075.0,21.0,,,1067.0
5663,1056,38,1053.0,15.0,,,1067,23,1070.0,20.0,,,1061.5
5664,1056,39,1054.0,11.0,,,1067,33,1069.0,26.0,,,1061.5
5665,1051,15,1047.0,25.0,,,1068,39,1072.0,16.0,,,1059.5
5666,1051,16,1050.0,10.0,,,1064,40,1065.0,14.0,,,1057.5
5667,1047,16,,,,,1058,22,,,,,1052.5
5668,1044,18,1040.0,21.0,,,1050,21,1054.0,14.0,,,1047.0
5669,1039,39,1036.0,26.0,1033.0,5.0,1051,33,1054.0,13.0,1057.0,19.0,1045.0
5670,1044,37,1042.0,11.0,,,1053,17,1055.0,28.0,,,1048.5
5671,1038,30,1036.0,28.0,,,1049,21,1051.0,15.0,,,1043.5
5672,1043,16,1040.0,17.0,,,1052,38,1055.0,30.0,,,1047.5
5673,1048,35,1045.0,22.0,,,1056,35,1059.0,20.0,,,1052.0
5674,1041,17,1037.0,25.0,,,1054,22,1058.0,24.0,,,1047.5
5675,1039,18,1037.0,21.0,,,1057,15,1059.0,24.0,,,1048.0
5680,1046,38,1045.0,23.0,,,1067,16,1068.0,16.0,,,1056.5
5677,1049,22,1045.0,17.0,,,1062,26,1066.0,12.0,,,1055.5
5678,1053,40,1050.0,10.0,,,1067,18,1070.0,29.0,,,1060.0
5679,1045,30,1042.0,16.0,,,1062,22,1065.0,28.0,,,1053.5
5676,1042,29,1039.0,24.0,1036.0,8.0,1057,37,1060.0,13.0,1063.0,5.0,1049.5
5681,1047,36,1044.0,22.0,,,1057,19,1060.0,18.0,,,1052.0
5685,1046,32,1043.0,14.0,,,1051,26,1054.0,20.0,,,1048.5
5683,1035,39,1031.0,10.0,,,1048,20,1052.0,17.0,,,1041.5
5687,1045,34,1042.0,24.0,1040.0,17.0,1053,17,1056.0,19.0,1058.0,15.0,1049.0
5682,1045,26,1043.0,16.0,,,1058,17,1060.0,22.0,,,1051.5
5686,1047,36,1042.0,18.0,1038.0,12.0,1054,28,1059.0,20.0,1063.0,18.0,1050.5
5684,1033,23,1031.0,24.0,,,1047,35,1049.0,29.0,,,1040.0
5688,1046,22,1043.0,12.0,,,1060,23,1063.0,26.0,,,1053.0
5689,1047,20,1044.0,25.0,,,1061,37,1064.0,14.0,,,1054.0
5690,1049,25,1045.0,29.0,,,1060,23,1064.0,23.0,,,1054.5
5691,1047,37,1043.0,14.0,,,1062,36,1066.0,21.0,,,1054.5
5692,1053,21,1051.0,30.0,,,1061,20,1063.0,18.0,,,1057.0
5693,1047,35,1044.0,12.0,,,1055,16,1058.0,26.0,,,1051.0
5694,1045,36,1041.0,29.0,1038.0,15.0,1056,40,1060.0,14.0,1063.0,13.0,1050.5
5695,1044,37,1042.0,16.0,,,1055,18,1057.0,13.0,,,1049.5
5696,1044,30,1041.0,27.0,,,1054,27,1057.0,15.0,,,1049.0
5697,1045,39,1041.0,16.0,,,1059,24,1063.0,15.0,,,1052.0
5698,1046,17,1043.0,15.0,,,1057,40,1060.0,13.0,,,1051.5
5699,1050,31,1048.0,23.0,,,1063,17,1065.0,24.0,,,1056.5
5700,1049,35,1047.0,21.0,,,1060,16,1062.0,10.0,,,1054.5
5701,1046,19,1043.0,23.0,,,1054,33,1057.0,19.0,,,1050.0
5702,1037,19,,,,,1054,30,,,,,1045.5
5703,1034,39,1030.0,16.0,,,1044,29,1048.0,18.0,,,1039.0
5704,1028,35,1025.0,15.0,,,1043,17,1046.0,24.0,,,1035.5
5705,1023,21,,,,,1036,38,,,,,1029.5
5706,1024,38,1021.0,21.0,,,1035,15,1038.0,15.0,,,1029.5
5707,1023,27,1019.0,22.0,,,1033,40,1037.0,24.0,,,1028.0
5708,1020,19,1017.0,28.0,,,1030,36,1033.0,18.0,,,1025.0
5709,1015,39,1011.0,13.0,,,1026,38,1030.0,26.0,,,1020.5
5710,1012,20,1008.0,29.0,,,1024,22,1028.0,13.0,,,1018.0
5711,1013,17,1009.0,15.0,,,1027,20,1031.0,12.0,,,1020.0
5712,1018,26,1016.0,20.0,,,1026,16,1028.0,17.0,,,1022.0
5713,1016,28,1012.0,18.0,,,1032,25,1036.0,19.0,,,1024.0
5714,1023,32,1018.0,13.0,,,1034,40,1039.0,19.0,,,1028.5
5715,1033,29,1030.0,16.0,,,1044,24,1047.0,21.0,,,1038.5
5716,1044,16,1040.0,24.0,,,1058,15,1062.0,28.0,,,1051.0
5717,1049,38,1047.0,11.0,,,1057,18,1059.0,10.0,,,1053.0
5718,1048,22,1046.0,27.0,,,1054,30,1056.0,25.0,,,1051.0
5720,1049,28,1046.0,11.0,,,1062,26,1065.0,19.0,,,1055.5
5721,1055,35,1053.0,11.0,,,1063,34,1065.0,17.0,,,1059.0
5722,1060,20,1056.0,20.0,,,1069,25,1073.0,16.0,,,1064.5
5723,1061,31,1058.0,23.0,,,1073,37,1076.0,21.0,,,1067.0
5724,1057,17,,,,,1064,17,,,,,1060.5
5725,1057,40,1054.0,22.0,,,1071,29,1074.0,28.0,,,1064.0
5726,1056,39,1052.0,15.0,,,1068,39,1072.0,22.0,,,1062.0
5727,1054,34,1053.0,10.0,,,1072,15,1073.0,17.0,,,1063.0
5728,1059,20,1056.0,19.0,1054.0,18.0,1075,26,1078.0,21.0,1080.0,10.0,1067.0
5729,1060,40,1058.0,27.0,,,1069,16,1071.0,21.0,,,1064.5
5730,1059,19,1055.0,22.0,,,1075,36,1079.0,16.0,,,1067.0
5731,1057,25,1052.0,17.0,,,1070,18,1075.0,26.0,,,1063.5
5732,1057,24,1053.0,12.0,,,1071,30,1075.0,27.0,,,1064.0
5733,1056,20,1052.0,19.0,,,1067,39,1071.0,15.0,,,1061.5
5734,1056,20,1054.0,30.0,,,1064,25,1066.0,25.0,,,1060.0
5735,1052,28,1047.0,19.0,,,1061,19,1066.0,27.0,,,1056.5
5736,1050,17,1045.0,30.0,,,1059,33,1064.0,13.0,,,1054.5
5737,1046,37,1043.0,25.0,,,1056,24,1059.0,18.0,,,1051.0
5738,1045,29,1041.0,30.0,,,1057,20,1061.0,22.0,,,1051.0
5739,1057,40,1054.0,25.0,,,1062,24,1065.0,19.0,,,1059.5
5740,1056,34,1053.0,14.0,,,1067,31,1070.0,11.0,,,1061.5
5741,1060,32,1057.0,22.0,,,1068,37,1071.0,23.0,,,1064.0
5742,1057,17,1054.0,16.0,,,1065,15,1068.0,16.0,,,1061.0
5743,1056,20,1053.0,26.0,,,1070,32,1073.0,27.0,,,1063.0
5744,1055,33,1052.0,29.0,,,1065,38,1068.0,11.0,,,1060.0
5745,1052,23,1051.0,25.0,,,1062,16,1063.0,23.0,,,1057.0
5746,1054,33,,,,,1063,26,,,,,1058.5
5747,1051,19,1046.0,22.0,,,1065,15,1070.0,17.0,,,1058.0
5748,1052,29,1050.0,18.0,,,1067,23,1069.0,14.0,,,1059.5
5749,1056,19,1054.0,24.0,,,1070,39,1072.0,28.0,,,1063.0
5750,1060,20,1054.0,15.0,,,1073,40,1079.0,14.0,,,1066.5
5751,1062,28,1058.0,15.0,,,1074,33,1078.0,26.0,,,1068.0
5752,1064,25,1060.0,18.0,,,1080,32,1084.0,14.0,,,1072.0
5753,1074,20,1071.0,13.0,,,1082,39,1085.0,16.0,,,1078.0
5754,1073,27,1071.0,23.0,,,1084,30,1086.0,19.0,,,1078.5
5755,1079,34,1074.0,18.0,,,1092,40,1097.0,16.0,,,1085.5
5756,1077,23,1074.0,16.0,,,1091,25,1094.0,16.0,,,1084.0
5757,1080,33,1077.0,28.0,,,1089,32,1092.0,20.0,,,1084.5
5758,1080,28,1076.0,20.0,,,1087,17,1091.0,23.0,,,1083.5
5759,1082,17,1079.0,29.0,,,1095,39,1098.0,24.0,,,1088.5
5760,1085,21,1082.0,11.0,,,1096,29,1099.0,25.0,,,1090.5
5761,1093,25,1091.0,16.0,,,1102,22,1104.0,23.0,,,1097.5
5762,1090,30,1087.0,12.0,,,1103,33,1106.0,16.0,,,1096.5
5763,1088,40,1086.0,22.0,,,1104,16,1106.0,29.0,,,1096.0
5764,1096,38,1092.0,26.0,,,1106,19,1110.0,19.0,,,1101.0
5765,1091,26,1088.0,16.0,,,1105,33,1108.0,10.0,,,1098.0
5766,1087,36,1083.0,17.0,,,1103,24,1107.0,25.0,,,1095.0
5767,1089,18,,,,,1100,33,,,,,1094.5
5768,1094,25,1091.0,26.0,,,1103,40,1106.0,14.0,,,1098.5
5769,1094,28,1092.0,16.0,,,1103,37,1105.0,30.0,,,1098.5
5770,1102,25,1099.0,11.0,,,1116,36,1119.0,15.0,,,1109.0
5771,1101,35,1097.0,15.0,,,1115,34,1119.0,19.0,,,1108.0
5772,1101,36,1099.0,13.0,,,1113,31,1115.0,22.0,,,1107.0
5773,1095,40,1094.0,28.0,,,1110,28,1111.0,18.0,,,1102.5
5778,1112,33,1109.0,22.0,1107.0,9.0,1125,38,1128.0,11.0,1130.0,12.0,1118.5
5775,1106,26,1102.0,27.0,,,1111,20,1115.0,11.0,,,1108.5
5776,1110,33,1108.0,12.0,,,1116,30,1118.0,21.0,,,1113.0
5777,1104,38,1101.0,15.0,,,1115,26,1118.0,12.0,,,1109.5
5774,1098,28,1094.0,24.0,,,1110,34,1114.0,11.0,,,1104.0
5779,1107,19,,,,,1121,20,,,,,1114.0
5780,1104,23,1103.0,21.0,,,1119,26,1120.0,23.0,,,1111.5
5781,1098,31,1093.0,15.0,,,1110,36,1115.0,18.0,,,1104.0
5782,1107,16,1103.0,23.0,,,1114,23,1118.0,24.0,,,1110.5
5783,1103,23,,,,,1116,36,,,,,1109.5
5784,1104,22,1100.0,22.0,,,1118,15,1122.0,29.0,,,1111.0
5785,1110,37,1105.0,30.0,,,1120,40,1125.0,14.0,,,1115.0
5786,1106,38,1103.0,22.0,1100.0,5.0,1114,20,1117.0,11.0,1120.0,20.0,1110.0
5788,1110,26,1106.0,19.0,,,1121,38,1125.0,26.0,,,1115.5
5787,1106,33,1103.0,18.0,1099.0,16.0,1121,30,1124.0,25.0,1128.0,17.0,1113.5
5789,1101,35,1097.0,23.0,,,1114,17,1118.0,16.0,,,1107.5
5790,1099,38,1096.0,19.0,,,1108,30,1111.0,22.0,,,1103.5
5791,1094,19,1089.0,23.0,,,1109,25,1114.0,22.0,,,1101.5
5794,1092,33,1087.0,19.0,,,1104,38,1109.0,26.0,,,1098.0
5793,1095,31,1090.0,25.0,,,1103,34,1108.0,23.0,,,1099.0
5798,1103,38,,,,,1114,30,,,,,1108.5
5795,1091,34,1087.0,18.0,,,1107,40,1111.0,30.0,,,1099.0
5796,1096,34,1093.0,25.0,1090.0,12.0,1105,38,1108.0,10.0,1111.0,18.0,1100.5
5797,1094,25,1092.0,17.0,,,1108,19,1110.0,28.0,,,1101.0
5792,1090,24,1088.0,18.0,1084.0,11.0,1106,39,1108.0,22.0,1112.0,9.0,1098.0
5799,1102,20,1100.0,23.0,,,1110,28,1112.0,26.0,,,1106.0
5800,1103,33,1099.0,28.0,,,1112,28,1116.0,24.0,,,1107.5
5801,1097,30,1093.0,25.0,,,1112,31,1116.0,28.0,,,1104.5
5802,1104,16,1101.0,15.0,,,1116,21,1119.0,11.0,,,1110.0
5803,1104,27,1100.0,25.0,,,1118,35,1122.0,13.0,,,1111.0
5804,1105,22,1101.0,26.0,1098.0,15.0,1119,18,1123.0,10.0,1126.0,7.0,1112.0
5805,1107,33,1104.0,19.0,,,1120,40,1123.0,26.0,,,1113.5
5806,1108,20,1107.0,15.0,,,1120,26,1121.0,10.0,,,1114.0
5807,1113,38,1109.0,14.0,,,1125,34,1129.0,29.0,,,1119.0
5808,1111,30,1107.0,13.0,,,1125,35,1129.0,29.0,,,1118.0
5809,1120,34,1118.0,21.0,,,1131,25,1133.0,28.0,,,1125.5
5810,1118,39,1116.0,22.0,,,1131,23,1133.0,17.0,,,1124.5
5811,1109,22,1105.0,16.0,,,1120,27,1124.0,18.0,,,1114.5
5812,1108,15,,,,,1120,15,,,,,1114.0
5813,1112,32,1110.0,29.0,,,1128,19,1130.0,15.0,,,1120.0
5814,1122,24,1119.0,29.0,,,1131,24,1134.0,16.0,,,1126.5
5815,1121,39,1119.0,18.0,,,1134,37,1136.0,19.0,,,1127.5
5816,1113,27,1111.0,27.0,,,1124,23,1126.0,13.0,,,1118.5
5817,1110,25,1108.0,15.0,,,1126,40,1128.0,22.0,,,1118.0
5818,1111,24,1108.0,18.0,,,1127,28,1130.0,21.0,,,1119.0
5819,1109,40,1105.0,11.0,,,1116,25,1120.0,20.0,,,1112.5
5820,1105,22,1101.0,25.0,,,1114,26,1118.0,10.0,,,1109.5
5821,1098,23,1096.0,18.0,,,1114,23,1116.0,22.0,,,1106.0
5822,1098,35,1095.0,29.0,,,1105,28,1108.0,19.0,,,1101.5
5823,1089,36,1085.0,10.0,,,1102,16,1106.0,19.0,,,1095.5
5824,1087,24,1084.0,16.0,,,1101,33,1104.0,30.0,,,1094.0
5825,1084,34,1080.0,29.0,,,1090,29,1094.0,22.0,,,1087.0
5826,1082,35,1078.0,14.0,,,1096,25,1100.0,25.0,,,1089.0
5827,1084,26,1081.0,20.0,,,1091,36,1094.0,15.0,,,1087.5
5828,1079,37,1076.0,15.0,,,1092,29,1095.0,10.0,,,1085.5
5829,1078,34,1075.0,30.0,,,1089,36,1092.0,29.0,,,1083.5
5830,1072,29,1070.0,29.0,,,1083,35,1085.0,16.0,,,1077.5
5831,1075,31,1072.0,23.0,,,1086,27,1089.0,13.0,,,1080.5
5832,1075,24,1072.0,11.0,1067.0,12.0,1089,36,1092.0,11.0,1097.0,20.0,1082.0
5833,1064,29,,,,,1076,21,,,,,1070.0
5834,1063,34,1061.0,17.0,,,1075,30,1077.0,30.0,,,1069.0
5835,1067,36,1063.0,29.0,,,1082,38,1086.0,22.0,,,1074.5
5836,1072,35,1068.0,13.0,,,1083,17,1087.0,27.0,,,1077.5
5837,1083,19,1080.0,10.0,1078.0,6.0,1091,17,1094.0,29.0,1096.0,19.0,1087.0
5838,1087,22,1083.0,17.0,,,1097,39,1101.0,30.0,,,1092.0
5839,1087,36,1084.0,18.0,,,1099,16,1102.0,12.0,,,1093.0
5840,1092,20,1090.0,12.0,,,1099,33,1101.0,27.0,,,1095.5
5841,1088,27,1083.0,15.0,,,1101,40,1106.0,11.0,,,1094.5
5842,1090,39,1087.0,14.0,,,1099,27,1102.0,18.0,,,1094.5
5843,1082,40,1080.0,13.0,,,1094,28,1096.0,13.0,,,1088.0
5844,1087,27,1084.0,23.0,,,1102,38,1105.0,11.0,,,1094.5
5845,1085,15,1082.0,26.0,1077.0,11.0,1099,16,1102.0,19.0,1107.0,11.0,1092.0
5846,1087,29,1084.0,11.0,,,1098,30,1101.0,23.0,,,1092.5
5847,1083,22,1079.0,25.0,,,1094,39,1098.0,10.0,,,1088.5
5848,1082,23,1080.0,21.0,,,1093,37,1095.0,24.0,,,1087.5
5849,1085,37,1084.0,18.0,,,1101,23,1102.0,19.0,,,1093.0
5850,1084,23,1081.0,27.0,,,1093,25,1096.0,30.0,,,1088.5
5851,1080,35,1078.0,14.0,,,1095,23,1097.0,24.0,,,1087.5
5852,1085,35,1083.0,27.0,,,1093,19,1095.0,15.0,,,1089.0
5853,1088,35,1084.0,27.0,,,1099,39,1103.0,26.0,,,1093.5
5854,1085,15,1082.0,15.0,,,1100,22,1103.0,11.0,,,1092.5
5855,1090,19,1086.0,22.0,,,1098,26,1102.0,23.0,,,1094.0
5856,1085,27,1082.0,27.0,,,1097,17,1100.0,20.0,,,1091.0
5857,1079,21,1076.0,18.0,,,1095,40,1098.0,18.0,,,1087.0
5858,1076,39,1074.0,16.0,,,1093,17,1095.0,23.0,,,1084.5
5859,1078,25,1077.0,21.0,,,1086,23,1087.0,12.0,,,1082.0
5860,1083,18,1080.0,18.0,,,1091,37,1094.0,18.0,,,1087.0
5861,1084,39,,,,,1092,15,,,,,1088.0
5862,1082,32,1079.0,18.0,,,1090,29,1093.0,18.0,,,1086.0
5863,1080,19,1077.0,19.0,,,1088,33,1091.0,28.0,,,1084.0
5864,1081,34,1077.0,18.0,1074.0,15.0,1094,21,1098.0,18.0,1101.0,16.0,1087.5
5865,1082,37,1080.0,10.0,,,1094,37,1096.0,14.0,,,1088.0
5866,1083,27,1078.0,12.0,1074.0,14.0,1097,28,1102.0,14.0,1106.0,13.0,1090.0
5867,1088,30,1084.0,10.0,,,1099,18,1103.0,20.0,,,1093.5
5868,1089,20,1088.0,10.0,,,1103,36,1104.0,25.0,,,1096.0
5869,1094,39,1090.0,25.0,,,1108,17,1112.0,12.0,,,1101.0
5870,1089,22,1086.0,13.0,,,1102,29,1105.0,28.0,,,1095.5
5871,1092,32,1089.0,22.0,,,1103,26,1106.0,20.0,,,1097.5
5872,1103,30,1101.0,24.0,,,1105,16,1107.0,29.0,,,1104.0
5873,1102,37,1098.0,17.0,,,1121,32,1125.0,14.0,,,1111.5
5874,1115,20,1113.0,24.0,,,1131,26,1133.0,10.0,,,1123.0
5875,1111,30,,,,,1124,19,,,,,1117.5
5876,1115,23,1112.0,22.0,,,1126,36,1129.0,10.0,,,1120.5
5877,1114,21,1110.0,22.0,,,1123,33,1127.0,12.0,,,1118.5
5879,1111,24,1110.0,27.0,,,1121,30,1122.0,26.0,,,1116.0
5880,1112,21,1110.0,26.0,,,1124,38,1126.0,16.0,,,1118.0
5881,1112,36,1110.0,25.0,,,1129,20,1131.0,19.0,,,1120.5
5882,1117,20,1114.0,25.0,,,1126,40,1129.0,14.0,,,1121.5
5883,1107,19,,,,,1119,37,,,,,1113.0
5884,1107,34,1105.0,19.0,1103.0,17.0,1117,39,1119.0,23.0,1121.0,13.0,1112.0
5885,1113,31,1110.0,23.0,,,1124,30,1127.0,24.0,,,1118.5
5886,1120,34,1117.0,10.0,,,1129,31,1132.0,11.0,,,1124.5
5887,1124,23,1118.0,20.0,,,1135,37,1141.0,21.0,,,1129.5
5888,1121,22,1119.0,27.0,,,1135,26,1137.0,10.0,,,1128.0
5889,1120,38,1117.0,30.0,,,1130,29,1133.0,17.0,,,1125.0
5890,1111,17,1110.0,15.0,1107.0,9.0,1125,25,1126.0,14.0,1129.0,12.0,1118.0
5891,1119,26,1114.0,26.0,,,1129,31,1134.0,16.0,,,1124.0
5892,1120,18,1116.0,28.0,,,1131,27,1135.0,25.0,,,1125.5
5893,1125,20,1122.0,24.0,,,1139,40,1142.0,22.0,,,1132.0
5894,1117,32,1114.0,16.0,,,1131,33,1134.0,27.0,,,1124.0
5895,1124,25,1121.0,18.0,,,1129,36,1132.0,14.0,,,1126.5
5896,1117,24,1113.0,25.0,,,1130,34,1134.0,22.0,,,1123.5
5897,1124,35,1120.0,23.0,,,1128,33,1132.0,30.0,,,1126.0
5898,1111,30,1108.0,13.0,1106.0,19.0,1121,21,1124.0,22.0,1126.0,14.0,1116.0
5899,1102,19,1099.0,19.0,,,1118,19,1121.0,21.0,,,1110.0
5900,1116,28,1111.0,25.0,,,1127,36,1132.0,23.0,,,1121.5
5901,1108,21,1105.0,17.0,,,1122,38,1125.0,10.0,,,1115.0
5902,1107,17,1102.0,22.0,,,1120,18,1125.0,13.0,,,1113.5
5903,1116,23,1115.0,21.0,,,1123,22,1124.0,17.0,,,1119.5
5904,1115,29,1111.0,26.0,,,1127,27,1131.0,27.0,,,1121.0
5905,1114,34,1112.0,11.0,,,1133,36,1135.0,21.0,,,1123.5
5906,1115,24,1112.0,24.0,,,1131,36,1134.0,25.0,,,1123.0
5907,1119,20,1113.0,15.0,1109.0,15.0,1133,23,1139.0,17.0,1143.0,9.0,1126.0
5908,1117,18,1114.0,21.0,,,1131,32,1134.0,14.0,,,1124.0
5909,1118,15,1114.0,16.0,,,1130,27,1134.0,13.0,,,1124.0
5910,1118,16,1116.0,16.0,,,1132,16,1134.0,23.0,,,1125.0
5911,1121,31,1119.0,11.0,,,1129,17,1131.0,28.0,,,1125.0
5912,1121,37,1120.0,19.0,,,1136,40,1137.0,18.0,,,1128.5
5913,1130,16,1127.0,22.0,,,1137,35,1140.0,24.0,,,1133.5
5914,1134,30,1131.0,16.0,1129.0,13.0,1149,30,1152.0,22.0,1154.0,13.0,1141.5
5915,1137,24,1134.0,24.0,,,1145,20,1148.0,22.0,,,1141.0
5916,1138,28,1136.0,22.0,,,1150,29,1152.0,14.0,,,1144.0
5917,1141,24,1138.0,23.0,,,1154,25,1157.0,28.0,,,1147.5
5918,1140,40,1137.0,14.0,,,1152,37,1155.0,14.0,,,1146.0
5919,1136,24,1132.0,13.0,,,1150,26,1154.0,18.0,,,1143.0
5920,1137,30,1133.0,18.0,,,1144,18,1148.0,14.0,,,1140.5
5921,1137,22,1135.0,23.0,,,1150,24,1152.0,13.0,,,1143.5
5922,1132,36,1129.0,29.0,,,1144,22,1147.0,23.0,,,1138.0
5924,1131,37,1127.0,17.0,,,1144,33,1148.0,10.0,,,1137.5
5928,1106,36,1103.0,13.0,,,1115,39,1118.0,14.0,,,1110.5
5926,1112,36,1108.0,25.0,1104.0,10.0,1125,17,1129.0,27.0,1133.0,12.0,1118.5
5927,1115,29,1111.0,14.0,,,1124,37,1128.0,28.0,,,1119.5
5925,1130,24,1125.0,13.0,,,1140,35,1145.0,15.0,,,1135.0
5929,1111,26,1109.0,28.0,,,1122,23,1124.0,22.0,,,1116.5
5931,1107,23,1106.0,30.0,,,1121,25,1122.0,19.0,,,1114.0
5932,1112,29,1110.0,21.0,,,1125,19,1127.0,14.0,,,1118.5
5933,1110,16,1107.0,18.0,1104.0,7.0,1119,33,1122.0,24.0,1125.0,9.0,1114.5
5934,1110,34,1109.0,16.0,,,1120,23,1121.0,30.0,,,1115.0
5935,1106,18,1103.0,25.0,,,1119,15,1122.0,16.0,,,1112.5
5936,1100,17,1097.0,20.0,,,1110,17,1113.0,23.0,,,1105.0
5937,1100,23,1097.0,21.0,,,1107,38,1110.0,18.0,,,1103.5
5938,1096,22,1093.0,18.0,,,1107,17,1110.0,19.0,,,1101.5
5939,1096,17,1093.0,25.0,,,1109,23,1112.0,23.0,,,1102.5
5940,1097,37,1095.0,21.0,,,1109,38,1111.0,20.0,,,1103.0
5941,1087,23,1082.0,13.0,,,1103,37,1108.0,26.0,,,1095.0
5942,1088,15,1086.0,11.0,,,1099,32,1101.0,30.0,,,1093.5
5943,1095,38,1091.0,15.0,,,1105,21,1109.0,26.0,,,1100.0
5945,1111,39,1107.0,27.0,,,1120,37,1124.0,23.0,,,1115.5
5946,1105,17,1102.0,15.0,,,1116,30,1119.0,14.0,,,1110.5
5947,1105,19,1102.0,20.0,,,1117,20,1120.0,17.0,,,1111.0
5948,1094,34,1092.0,20.0,,,1109,36,1111.0,13.0,,,1101.5
5949,1096,23,1092.0,26.0,1089.0,6.0,1108,36,1112.0,11.0,1115.0,10.0,1102.0
5950,1098,30,1095.0,19.0,,,1105,33,1108.0,10.0,,,1101.5
5951,1101,29,1099.0,29.0,,,1112,25,1114.0,26.0,,,1106.5
5952,1102,17,1100.0,22.0,,,1114,30,1116.0,19.0,,,1108.0
5953,1106,33,1103.0,29.0,,,1119,30,1122.0,15.0,,,1112.5
5954,1102,34,1099.0,26.0,,,1114,38,1117.0,19.0,,,1108.0
5955,1098,18,1096.0,12.0,,,1106,32,1108.0,13.0,,,1102.0
5956,1104,17,1100.0,18.0,,,1117,32,1121.0,29.0,,,1110.5
5957,1102,40,1099.0,26.0,,,1111,19,1114.0,16.0,,,1106.5
5958,1096,38,1092.0,19.0,,,1104,24,1108.0,20.0,,,1100.0
5959,1087,22,1084.0,15.0,,,1101,19,1104.0,30.0,,,1094.0
5960,1086,15,1082.0,15.0,,,1102,34,1106.0,22.0,,,1094.0
5961,1086,16,1083.0,24.0,,,1103,39,1106.0,18.0,,,1094.5
5962,1087,23,1085.0,15.0,,,1095,38,1097.0,20.0,,,1091.0
5963,1078,31,1075.0,10.0,,,1094,37,1097.0,14.0,,,1086.0
5964,1073,36,1070.0,16.0,,,1086,28,1089.0,14.0,,,1079.5
5965,1073,17,1068.0,27.0,,,1088,31,1093.0,12.0,,,1080.5
5966,1068,33,1064.0,16.0,1062.0,13.0,1082,19,1086.0,21.0,1088.0,19.0,1075.0
5967,1062,35,1060.0,21.0,,,1074,16,1076.0,12.0,,,1068.0
5968,1070,19,1067.0,16.0,,,1080,33,1083.0,19.0,,,1075.0
5969,1077,30,1074.0,13.0,,,1085,36,1088.0,26.0,,,1081.0
5970,1083,20,1080.0,15.0,1076.0,18.0,1092,30,1095.0,21.0,1099.0,9.0,1087.5
5971,1083,33,1079.0,13.0,,,1096,35,1100.0,13.0,,,1089.5
5972,1076,38,1073.0,13.0,,,1092,16,1095.0,14.0,,,1084.0
5973,1071,20,1068.0,15.0,1065.0,17.0,1085,22,1088.0,22.0,1091.0,16.0,1078.0
5974,1073,22,1069.0,19.0,,,1087,27,1091.0,30.0,,,1080.0
5975,1073,24,1071.0,28.0,,,1087,19,1089.0,21.0,,,1080.0
5976,1072,34,1071.0,26.0,,,1089,36,1090.0,17.0,,,1080.5
5977,1074,30,1070.0,11.0,,,1091,24,1095.0,10.0,,,1082.5
5978,1083,32,,,,,1091,40,,,,,1087.0
5979,1083,21,,,,,1093,29,,,,,1088.0
5980,1083,17,,,,,1093,38,,,,,1088.0
5981,1092,19,1088.0,27.0,,,1102,20,1106.0,26.0,,,1097.0
5982,1092,19,1090.0,15.0,1087.0,18.0,1105,30,1107.0,11.0,1110.0,11.0,1098.5
5983,1090,31,1087.0,14.0,,,1105,27,1108.0,13.0,,,1097.5
5984,1093,36,1090.0,10.0,,,1108,32,1111.0,17.0,,,1100.5
5985,1096,15,1091.0,10.0,1088.0,19.0,1108,24,1113.0,16.0,1116.0,10.0,1102.0
5986,1097,29,1096.0,23.0,,,1109,28,1110.0,23.0,,,1103.0
5988,1096,34,1092.0,27.0,1088.0,7.0,1114,28,1118.0,28.0,1122.0,14.0,1105.0
5989,1093,38,1089.0,23.0,,,1106,34,1110.0,21.0,,,1099.5
5992,1101,17,1098.0,24.0,,,1115,24,1118.0,13.0,,,1108.0
5990,1095,18,1092.0,14.0,,,1107,36,1110.0,18.0,,,1101.0
5991,1095,38,1091.0,23.0,,,1113,35,1117.0,28.0,,,1104.0
5993,1108,20,1104.0,21.0,,,1121,17,1125.0,13.0,,,1114.5
5994,1108,16,1105.0,26.0,,,1117,34,1120.0,28.0,,,1112.5
5995,1110,34,1107.0,30.0,1104.0,7.0,1118,25,1121.0,10.0,1124.0,20.0,1114.0
5996,1107,34,1103.0,22.0,,,1118,17,1122.0,11.0,,,1112.5
5997,1108,40,1102.0,29.0,,,1116,15,1122.0,19.0,,,1112.0
5998,1104,33,1100.0,10.0,,,1114,40,1118.0,22.0,,,1109.0
5999,1100,37,1097.0,23.0,,,1110,32,1113.0,13.0,,,1105.0
6000,1106,36,1103.0,15.0,,,1114,30,1117.0,15.0,,,1110.0
6001,1108,19,1104.0,12.0,,,1118,15,1122.0,29.0,,,1113.0
6002,1108,27,1105.0,16.0,,,1120,21,1123.0,26.0,,,1114.0
6003,1109,34,1106.0,29.0,,,1126,17,1129.0,16.0,,,1117.5
6004,1105,40,1101.0,24.0,,,1120,34,1124.0,21.0,,,1112.5
6005,1109,17,1107.0,27.0,,,1123,37,1125.0,18.0,,,1116.0
6006,1105,20,1100.0,23.0,,,1122,19,1127.0,29.0,,,1113.5
6007,1108,21,1104.0,30.0,,,1117,40,1121.0,10.0,,,1112.5
6008,1104,25,1101.0,29.0,,,1117,33,1120.0,21.0,,,1110.5
6009,1108,27,1105.0,21.0,,,1121,35,1124.0,27.0,,,1114.5
6010,1105,17,1103.0,17.0,,,1118,26,1120.0,29.0,,,1111.5
6011,1111,35,1108.0,29.0,,,1120,23,1123.0,14.0,,,1115.5
6012,1108,27,1105.0,12.0,,,1124,26,1127.0,24.0,,,1116.0
6013,1108,19,1106.0,16.0,,,1124,29,1126.0,14.0,,,1116.0
6014,1110,28,1107.0,18.0,,,1127,16,1130.0,23.0,,,1118.5
6015,1115,31,1112.0,17.0,,,1123,23,1126.0,23.0,,,1119.0
6016,1108,38,1103.0,15.0,,,1121,27,1126.0,11.0,,,1114.5
6018,1112,34,1109.0,17.0,,,1124,24,1127.0,23.0,,,1118.0
6019,1106,15,1101.0,11.0,,,1119,22,1124.0,10.0,,,1112.5
6021,1105,34,1101.0,13.0,,,1119,37,1123.0,22.0,,,1112.0
6022,1106,23,1104.0,26.0,,,1117,27,1119.0,22.0,,,1111.5
6023,1107,36,1104.0,13.0,,,1120,32,1123.0,24.0,,,1113.5
6024,1111,29,1109.0,30.0,,,1123,29,1125.0,14.0,,,1117.0
6025,1108,15,1106.0,25.0,,,1122,17,1124.0,20.0,,,1115.0
6026,1111,32,1109.0,24.0,,,1123,15,1125.0,23.0,,,1117.0
6027,1118,30,1117.0,28.0,,,1132,20,1133.0,22.0,,,1125.0
6029,1116,31,1114.0,26.0,,,1130,21,1132.0,24.0,,,1123.0
6030,1117,32,,,,,1133,38,,,,,1125.0
6031,1122,27,1119.0,25.0,,,1136,23,1139.0,17.0,,,1129.0
6032,1128,30,1125.0,10.0,,,1140,25,1143.0,22.0,,,1134.0
6036,1121,36,1120.0,16.0,,,1141,26,1142.0,15.0,,,1131.0
6034,1128,17,1126.0,24.0,1122.0,7.0,1138,21,1140.0,18.0,1144.0,14.0,1133.0
6035,1123,34,1119.0,20.0,,,1140,38,1144.0,23.0,,,1131.5
6033,1127,20,1124.0,14.0,,,1140,21,1143.0,21.0,,,1133.5
6037,1122,16,1121.0,30.0,,,1129,26,1130.0,15.0,,,1125.5
6038,1123,38,1121.0,25.0,,,1134,30,1136.0,21.0,,,1128.5
6039,1122,36,1119.0,22.0,,,1134,39,1137.0,30.0,,,1128.0
6040,1126,16,1123.0,16.0,,,1138,23,1141.0,26.0,,,1132.0
6041,1125,24,1123.0,19.0,,,1137,24,1139.0,12.0,,,1131.0
6042,1121,27,1118.0,20.0,,,1133,25,1136.0,23.0,,,1127.0
6043,1119,31,1117.0,25.0,,,1129,38,1131.0,11.0,,,1124.0
6044,1114,22,1110.0,23.0,,,1129,25,1133.0,24.0,,,1121.5
6046,1118,23,,,,,1131,17,,,,,1124.5
6047,1117,32,1115.0,11.0,,,1128,18,1130.0,26.0,,,1122.5
6048,1115,39,1113.0,22.0,,,1127,33,1129.0,20.0,,,1121.0
6049,1116,15,1114.0,24.0,,,1132,25,1134.0,10.0,,,1124.0
6050,1116,29,1111.0,17.0,1110.0,14.0,1126,29,1131.0,19.0,1132.0,16.0,1121.0
6051,1112,16,1109.0,28.0,,,1125,15,1128.0,29.0,,,1118.5
6052,1111,38,1109.0,25.0,,,1123,30,1125.0,20.0,,,1117.0
6053,1114,15,1110.0,20.0,,,1125,17,1129.0,19.0,,,1119.5
6054,1116,21,1113.0,22.0,,,1128,28,1131.0,14.0,,,1122.0
6056,1107,27,1105.0,14.0,,,1117,31,1119.0,22.0,,,1112.0
6057,1101,16,1098.0,21.0,1094.0,10.0,1116,18,1119.0,26.0,1123.0,5.0,1108.5
6058,1099,33,1096.0,10.0,,,1111,26,1114.0,27.0,,,1105.0
6059,1101,32,,,,,1115,29,,,,,1108.0
6060,1104,33,1099.0,30.0,,,1115,25,1120.0,21.0,,,1109.5
6061,1110,35,1109.0,21.0,,,1114,27,1115.0,11.0,,,1112.0
6062,1107,26,1103.0,24.0,1102.0,7.0,1118,17,1122.0,29.0,1123.0,8.0,1112.5
6063,1104,37,1103.0,10.0,,,1113,37,1114.0,30.0,,,1108.5
6064,1095,32,1093.0,26.0,,,1110,27,1112.0,19.0,,,1102.5
6065,1101,20,1097.0,22.0,,,1112,16,1116.0,26.0,,,1106.5
6066,1104,21,1101.0,16.0,,,1117,36,1120.0,21.0,,,1110.5
6067,1099,19,,,,,1108,16,,,,,1103.5
6068,1092,31,1090.0,26.0,,,1108,35,1110.0,21.0,,,1100.0
6069,1095,22,1092.0,19.0,,,1110,15,1113.0,22.0,,,1102.5
6070,1098,31,1096.0,21.0,,,1111,23,1113.0,10.0,,,1104.5
6071,1100,30,1096.0,24.0,,,1110,39,1114.0,15.0,,,1105.0
6073,1091,17,1088.0,20.0,,,1103,33,1106.0,10.0,,,1097.0
6074,1089,22,1087.0,30.0,1085.0,15.0,1106,22,1108.0,27.0,1110.0,19.0,1097.5
6075,1091,34,1087.0,25.0,,,1108,19,1112.0,21.0,,,1099.5
6076,1094,25,1091.0,26.0,,,1105,16,1108.0,19.0,,,1099.5
6077,1092,33,1089.0,26.0,,,1099,38,1102.0,20.0,,,1095.5
6078,1088,35,1084.0,18.0,,,1105,38,1109.0,25.0,,,1096.5
6079,1089,25,1088.0,29.0,,,1101,35,1102.0,11.0,,,1095.0
6080,1091,27,1088.0,12.0,,,1106,17,1109.0,24.0,,,1098.5
6081,1095,18,1093.0,26.0,,,1106,26,1108.0,18.0,,,1100.5
6082,1095,25,1094.0,24.0,,,1107,31,1108.0,15.0,,,1101.0
6083,1099,29,1096.0,26.0,,,1113,39,1116.0,21.0,,,1106.0
6084,1092,40,1090.0,21.0,,,1107,27,1109.0,26.0,,,1099.5
6085,1092,31,1090.0,10.0,,,1102,39,1104.0,20.0,,,1097.0
6086,1096,31,1094.0,21.0,,,1112,33,1114.0,25.0,,,1104.0
6087,1097,34,1093.0,17.0,,,1105,35,1109.0,10.0,,,1101.0
6088,1093,33,1091.0,17.0,,,1103,34,1105.0,11.0,,,1098.0
6089,1094,30,1091.0,12.0,,,1100,27,1103.0,27.0,,,1097.0
6090,1095,28,1093.0,28.0,,,1103,19,1105.0,20.0,,,1099.0
6091,1095,17,1091.0,28.0,,,1103,18,1107.0,11.0,,,1099.0
6092,1095,22,1092.0,11.0,,,1105,34,1108.0,21.0,,,1100.0
6093,1099,23,1096.0,28.0,,,1111,21,1114.0,29.0,,,1105.0
6094,1094,35,1091.0,19.0,,,1111,20,1114.0,11.0,,,1102.5
6095,1093,23,1090.0,25.0,,,1104,31,1107.0,19.0,,,1098.5
6096,1086,36,1083.0,24.0,,,1096,28,1099.0,16.0,,,1091.0
6097,1086,35,1082.0,27.0,1080.0,14.0,1097,25,1101.0,29.0,1103.0,7.0,1091.5
6098,1085,28,1084.0,22.0,,,1100,23,1101.0,29.0,,,1092.5
6099,1080,40,1075.0,17.0,1072.0,8.0,1094,25,1099.0,20.0,1102.0,18.0,1087.0
6100,1078,27,1075.0,26.0,,,1094,31,1097.0,25.0,,,1086.0
6101,1082,28,1078.0,27.0,,,1090,17,1094.0,17.0,,,1086.0
6103,1082,37,1080.0,11.0,,,1094,38,1096.0,10.0,,,1088.0
6102,1081,22,1080.0,20.0,,,1093,16,1094.0,22.0,,,1087.0
6104,1079,27,1075.0,25.0,,,1090,20,1094.0,12.0,,,1084.5
6105,1075,34,1071.0,22.0,,,1083,21,1087.0,12.0,,,1079.0
6106,1072,24,1069.0,10.0,1067.0,6.0,1083,39,1086.0,13.0,1088.0,13.0,1077.5
6107,1066,24,1065.0,15.0,,,1078,33,1079.0,16.0,,,1072.0
6108,1062,26,1057.0,23.0,,,1074,37,1079.0,10.0,,,1068.0
6109,1070,35,1067.0,29.0,1065.0,20.0,1082,27,1085.0,25.0,1087.0,9.0,1076.0
6110,1075,31,1070.0,25.0,,,1086,24,1091.0,20.0,,,1080.5
6111,1076,39,1074.0,21.0,,,1089,36,1091.0,28.0,,,1082.5
6112,1079,31,1075.0,26.0,,,1091,30,1095.0,11.0,,,1085.0
6113,1084,39,1082.0,28.0,,,1091,17,1093.0,14.0,,,1087.5
6114,1082,27,1078.0,25.0,,,1095,25,1099.0,30.0,,,1088.5
6115,1085,25,1081.0,15.0,,,1092,30,1096.0,14.0,,,1088.5
6116,1085,32,1082.0,30.0,1080.0,14.0,1097,16,1100.0,15.0,1102.0,19.0,1091.0
6117,1084,23,1079.0,14.0,,,1101,26,1106.0,26.0,,,1092.5
6118,1076,32,1072.0,23.0,,,1091,28,1095.0,29.0,,,1083.5
6119,1076,26,1073.0,10.0,,,1089,22,1092.0,24.0,,,1082.5
6120,1069,17,1067.0,17.0,,,1080,19,1082.0,25.0,,,1074.5
6121,1061,24,1059.0,19.0,,,1076,22,1078.0,11.0,,,1068.5
6122,1067,40,1062.0,12.0,,,1082,31,1087.0,10.0,,,1074.5
6123,1070,35,1067.0,14.0,,,1084,31,1087.0,25.0,,,1077.0
6124,1071,38,1067.0,16.0,,,1084,21,1088.0,11.0,,,1077.5
6125,1077,32,1073.0,27.0,,,1087,26,1091.0,20.0,,,1082.0
6126,1078,31,1073.0,23.0,,,1086,36,1091.0,15.0,,,1082.0
6127,1077,20,1075.0,17.0,,,1085,27,1087.0,17.0,,,1081.0
6128,1068,20,1066.0,23.0,,,1085,28,1087.0,10.0,,,1076.5
6129,1071,34,1068.0,30.0,1065.0,7.0,1085,28,1088.0,13.0,1091.0,17.0,1078.0
6130,1070,21,,,,,1084,33,,,,,1077.0
6131,1068,20,1065.0,14.0,,,1078,26,1081.0,19.0,,,1073.0
6132,1066,29,1063.0,13.0,,,1079,17,1082.0,30.0,,,1072.5
6133,1071,30,1068.0,29.0,,,1083,26,1086.0,19.0,,,1077.0
6134,1066,36,1064.0,21.0,,,1081,32,1083.0,30.0,,,1073.5
6135,1063,40,1060.0,30.0,,,1076,34,1079.0,28.0,,,1069.5
6136,1062,36,1059.0,27.0,,,1075,30,1078.0,18.0,,,1068.5
6137,1058,22,1055.0,21.0,,,1069,19,1072.0,14.0,,,1063.5
6138,1062,36,1059.0,17.0,1056.0,12.0,1069,24,1072.0,18.0,1075.0,7.0,1065.5
6139,1058,35,1056.0,18.0,,,1074,19,1076.0,18.0,,,1066.0
6140,1054,20,1050.0,19.0,1048.0,18.0,1070,24,1074.0,21.0,1076.0,16.0,1062.0
6141,1062,22,1057.0,24.0,,,1072,23,1077.0,24.0,,,1067.0
6142,1061,34,1057.0,27.0,,,1075,37,1079.0,28.0,,,1068.0
6143,1056,38,1053.0,22.0,,,1068,21,1071.0,29.0,,,1062.0
6144,1055,28,1053.0,29.0,,,1069,40,1071.0,12.0,,,1062.0
6145,1052,34,1051.0,11.0,,,1064,28,1065.0,12.0,,,1058.0
6146,1050,38,1047.0,29.0,,,1066,36,1069.0,18.0,,,1058.0
6147,1050,40,1047.0,10.0,,,1065,29,1068.0,22.0,,,1057.5
6148,1057,23,1052.0,18.0,,,1069,23,1074.0,18.0,,,1063.0
6149,1052,25,1051.0,25.0,,,1068,35,1069.0,25.0,,,1060.0
6150,1053,26,1049.0,20.0,,,1065,28,1069.0,17.0,,,1059.0
6151,1052,25,1049.0,22.0,,,1065,33,1068.0,12.0,,,1058.5
6152,1055,38,,,,,1068,35,,,,,1061.5
6153,1054,26,1051.0,30.0,,,1070,36,1073.0,21.0,,,1062.0
6154,1056,19,1053.0,23.0,,,1066,21,1069.0,15.0,,,1061.0
6155,1050,33,1046.0,28.0,,,1062,35,1066.0,17.0,,,1056.0
6156,1049,15,1047.0,12.0,,,1059,34,1061.0,21.0,,,1054.0
6157,1044,30,1042.0,23.0,,,1056,30,1058.0,19.0,,,1050.0
6159,1035,30,1032.0,18.0,,,1049,37,1052.0,12.0,,,1042.0
6160,1033,27,1030.0,28.0,,,1044,32,1047.0,28.0,,,1038.5
6161,1028,16,1025.0,27.0,,,1043,25,1046.0,15.0,,,1035.5
6162,1029,33,1025.0,18.0,,,1039,24,1043.0,26.0,,,1034.0
6163,1034,26,,,,,1044,35,,,,,1039.0
6164,1035,26,1032.0,10.0,,,1045,20,1048.0,20.0,,,1040.0
6165,1040,26,1036.0,12.0,,,1053,31,1057.0,28.0,,,1046.5
6166,1040,22,1038.0,15.0,,,1050,33,1052.0,29.0,,,1045.0
6167,1035,36,1032.0,13.0,,,1047,36,1050.0,25.0,,,1041.0
6168,1037,19,1034.0,22.0,,,1050,28,1053.0,18.0,,,1043.5
6169,1037,18,1034.0,29.0,,,1051,31,1054.0,14.0,,,1044.0
6170,1038,16,,,,,1052,20,,,,,1045.0
6171,1042,21,1039.0,30.0,,,1057,31,1060.0,26.0,,,1049.5
6172,1039,19,1035.0,12.0,,,1049,28,1053.0,13.0,,,1044.0
6173,1038,17,,,,,1053,39,,,,,1045.5
6174,1047,31,1043.0,14.0,,,1056,38,1060.0,10.0,,,1051.5
6175,1046,30,1044.0,18.0,,,1055,23,1057.0,22.0,,,1050.5
6176,1046,23,1043.0,14.0,,,1058,35,1061.0,29.0,,,1052.0
6177,1044,36,1041.0,28.0,,,1056,35,1059.0,15.0,,,1050.0
6178,1044,38,1042.0,26.0,,,1056,23,1058.0,13.0,,,1050.0
6179,1043,16,1039.0,28.0,,,1057,39,1061.0,11.0,,,1050.0
6180,1050,38,1046.0,18.0,,,1066,21,1070.0,16.0,,,1058.0
6181,1059,27,1055.0,19.0,,,1072,36,1076.0,19.0,,,1065.5
6183,1056,36,1053.0,16.0,,,1073,17,1076.0,23.0,,,1064.5
6184,1055,39,1052.0,24.0,,,1064,24,1067.0,30.0,,,1059.5
6185,1049,26,1046.0,27.0,1044.0,20.0,1061,21,1064.0,24.0,1066.0,12.0,1055.0
6186,1047,38,1043.0,23.0,,,1058,29,1062.0,23.0,,,1052.5
6187,1049,35,1047.0,27.0,,,1065,37,1067.0,26.0,,,1057.0
6188,1050,39,1044.0,18.0,,,1068,25,1074.0,18.0,,,1059.0
6190,1047,39,1045.0,29.0,,,1056,28,1058.0,16.0,,,1051.5
6191,1044,28,1041.0,30.0,,,1057,28,1060.0,20.0,,,1050.5
6192,1042,28,1039.0,29.0,,,1052,21,1055.0,16.0,,,1047.0
6193,1042,24,1038.0,12.0,,,1054,15,1058.0,19.0,,,1048.0
6194,1044,37,1040.0,16.0,,,1055,40,1059.0,26.0,,,1049.5
6195,1043,32,1041.0,14.0,,,1053,33,1055.0,18.0,,,1048.0
6196,1049,26,1046.0,18.0,1042.0,16.0,1058,19,1061.0,16.0,1065.0,9.0,1053.5
6197,1050,27,1048.0,29.0,,,1059,25,1061.0,17.0,,,1054.5
6198,1042,18,1039.0,24.0,,,1058,32,1061.0,15.0,,,1050.0
6203,1035,33,1031.0,29.0,,,1048,15,1052.0,15.0,,,1041.5
6200,1034,22,1032.0,27.0,,,1051,17,1053.0,17.0,,,1042.5
6201,1040,40,1037.0,11.0,,,1051,38,1054.0,10.0,,,1045.5
6202,1039,17,1035.0,15.0,,,1053,21,1057.0,16.0,,,1046.0
6199,1038,38,1034.0,30.0,,,1049,37,1053.0,22.0,,,1043.5
6204,1025,21,1022.0,25.0,,,1043,27,1046.0,29.0,,,1034.0
6205,1028,31,1023.0,30.0,,,1041,28,1046.0,16.0,,,1034.5
6206,1032,29,1027.0,10.0,,,1045,29,1050.0,12.0,,,1038.5
6207,1031,24,1028.0,21.0,,,1042,40,1045.0,24.0,,,1036.5
6208,1028,38,1025.0,11.0,,,1045,39,1048.0,12.0,,,1036.5
6209,1029,33,1028.0,27.0,,,1043,31,1044.0,12.0,,,1036.0
6210,1031,20,1027.0,10.0,1023.0,15.0,1043,34,1047.0,27.0,1051.0,12.0,1037.0
6211,1029,27,,,,,1041,34,,,,,1035.0
6212,1031,32,1027.0,19.0,,,1044,23,1048.0,14.0,,,1037.5
6214,1032,20,,,,,1043,39,,,,,1037.5
6213,1033,18,1031.0,27.0,1028.0,13.0,1046,35,1048.0,25.0,1051.0,19.0,1039.5
6215,1037,28,1033.0,10.0,,,1044,26,1048.0,21.0,,,1040.5
6216,1032,32,1029.0,12.0,,,1045,17,1048.0,22.0,,,1038.5
6219,1033,16,1032.0,12.0,,,1045,38,1046.0,11.0,,,1039.0
6218,1033,38,1029.0,26.0,,,1048,38,1052.0,11.0,,,1040.5
6217,1035,33,1030.0,17.0,,,1045,31,1050.0,25.0,,,1040.0
6220,1033,33,1029.0,26.0,,,1043,31,1047.0,20.0,,,1038.0
6221,1031,27,1028.0,26.0,,,1043,40,1046.0,17.0,,,1037.0
6222,1033,31,1029.0,26.0,,,1043,32,1047.0,21.0,,,1038.0
6223,1033,22,1030.0,14.0,,,1050,33,1053.0,24.0,,,1041.5
6224,1035,30,1030.0,24.0,,,1052,20,1057.0,18.0,,,1043.5
6225,1036,37,1034.0,14.0,,,1046,36,1048.0,26.0,,,1041.0
6226,1034,39,1032.0,20.0,,,1045,23,1047.0,14.0,,,1039.5
6227,1028,19,1025.0,17.0,,,1042,32,1045.0,22.0,,,1035.0
6228,1017,29,1015.0,26.0,,,1032,26,1034.0,20.0,,,1024.5
6229,1014,35,1010.0,28.0,,,1028,39,1032.0,22.0,,,1021.0
6230,1017,16,1014.0,28.0,1010.0,20.0,1030,25,1033.0,22.0,1037.0,8.0,1023.5
6231,1022,20,1017.0,18.0,1015.0,8.0,1034,22,1039.0,17.0,1041.0,20.0,1028.0
6232,1025,38,1021.0,22.0,,,1039,39,1043.0,21.0,,,1032.0
6233,1026,31,1024.0,17.0,,,1037,23,1039.0,18.0,,,1031.5
6234,1024,34,1020.0,10.0,,,1029,35,1033.0,29.0,,,1026.5
6236,1018,35,1016.0,18.0,,,1033,19,1035.0,14.0,,,1025.5
6237,1023,37,1022.0,21.0,,,1034,34,1035.0,11.0,,,1028.5
6238,1021,27,1017.0,19.0,,,1032,29,1036.0,29.0,,,1026.5
6239,1018,18,1015.0,17.0,,,1024,15,1027.0,28.0,,,1021.0
6240,1015,30,1014.0,15.0,,,1021,33,1022.0,13.0,,,1018.0
6241,1015,22,1014.0,15.0,,,1028,37,1029.0,19.0,,,1021.5
6242,1015,40,1011.0,10.0,1006.0,8.0,1027,15,1031.0,12.0,1036.0,15.0,1021.0
6243,1013,23,1011.0,16.0,,,1023,25,1025.0,24.0,,,1018.0
6244,1006,27,,,,,1021,39,,,,,1013.5
6245,1003,19,999.0,25.0,,,1020,32,1024.0,15.0,,,1011.5
6246,1008,16,1005.0,17.0,,,1019,24,1022.0,18.0,,,1013.5
6247,1010,23,1007.0,18.0,,,1023,31,1026.0,24.0,,,1016.5
6248,1016,17,1014.0,19.0,,,1027,23,1029.0,10.0,,,1021.5
6249,1013,29,1008.0,29.0,,,1023,33,1028.0,27.0,,,1018.0
6250,1010,29,1007.0,13.0,,,1024,25,1027.0,29.0,,,1017.0
6251,1012,31,1009.0,10.0,,,1022,18,1025.0,20.0,,,1017.0
6252,1016,31,1013.0,17.0,,,1026,36,1029.0,28.0,,,1021.0
6253,1011,16,1008.0,21.0,,,1019,19,1022.0,18.0,,,1015.0
6254,1011,27,1009.0,17.0,,,1019,38,1021.0,18.0,,,1015.0
6255,1013,29,1009.0,18.0,,,1025,16,1029.0,22.0,,,1019.0
6256,1014,21,1010.0,24.0,,,1024,25,1028.0,28.0,,,1019.0
6257,1010,22,1006.0,14.0,,,1025,28,1029.0,30.0,,,1017.5
6258,1010,33,1008.0,23.0,,,1024,39,1026.0,19.0,,,1017.0
6259,1008,28,1005.0,26.0,,,1022,39,1025.0,30.0,,,1015.0
6260,1009,28,1005.0,21.0,,,1022,17,1026.0,24.0,,,1015.5
6261,1007,27,1002.0,21.0,,,1018,27,1023.0,28.0,,,1012.5
6262,1009,31,1006.0,17.0,,,1022,21,1025.0,13.0,,,1015.5
6263,1004,33,1001.0,21.0,,,1018,28,1021.0,28.0,,,1011.0
6264,1011,33,1007.0,23.0,,,1021,23,1025.0,14.0,,,1016.0
6265,1011,36,1007.0,14.0,,,1021,32,1025.0,13.0,,,1016.0
6269,1005,17,1003.0,14.0,,,1018,33,1020.0,26.0,,,1011.5
6267,1010,24,1005.0,12.0,,,1019,16,1024.0,13.0,,,1014.5
6268,1003,23,1001.0,24.0,,,1018,35,1020.0,12.0,,,1010.5
6266,1010,15,1006.0,16.0,,,1021,17,1025.0,22.0,,,1015.5
6270,1006,32,1004.0,11.0,1001.0,10.0,1018,25,1020.0,25.0,1023.0,6.0,1012.0
6271,1013,36,1009.0,13.0,,,1025,15,1029.0,17.0,,,1019.0
6272,1013,28,1011.0,29.0,,,1025,28,1027.0,14.0,,,1019.0
6273,1014,17,1010.0,22.0,,,1023,34,1027.0,13.0,,,1018.5
6274,1014,28,1011.0,26.0,,,1027,28,1030.0,10.0,,,1020.5
6275,1019,24,1017.0,24.0,,,1030,38,1032.0,22.0,,,1024.5
6276,1018,16,1013.0,30.0,,,1030,37,1035.0,19.0,,,1024.0
6277,1018,18,1013.0,19.0,,,1028,22,1033.0,15.0,,,1023.0
6278,1024,18,1022.0,18.0,,,1035,22,1037.0,18.0,,,1029.5
6279,1020,17,1017.0,29.0,,,1034,18,1037.0,21.0,,,1027.0
6280,1019,38,1018.0,14.0,,,1034,25,1035.0,25.0,,,1026.5
6281,1026,17,1024.0,24.0,,,1037,19,1039.0,20.0,,,1031.5
6282,1023,33,1021.0,14.0,,,1036,36,1038.0,25.0,,,1029.5
6283,1023,18,1021.0,29.0,,,1034,38,1036.0,28.0,,,1028.5
6284,1020,28,1018.0,27.0,,,1037,22,1039.0,21.0,,,1028.5
6285,1027,36,1024.0,29.0,,,1036,40,1039.0,15.0,,,1031.5
6286,1028,18,1025.0,23.0,1021.0,20.0,1035,29,1038.0,22.0,1042.0,14.0,1031.5
6287,1023,15,1020.0,12.0,,,1033,33,1036.0,12.0,,,1028.0
6290,1012,36,1008.0,29.0,,,1030,16,1034.0,17.0,,,1021.0
6289,1013,18,1009.0,22.0,,,1024,30,1028.0,15.0,,,1018.5
6288,1016,20,1013.0,24.0,,,1027,35,1030.0,10.0,,,1021.5
6291,1013,39,1010.0,30.0,,,1025,25,1028.0,21.0,,,1019.0
6292,1012,30,1009.0,22.0,,,1028,18,1031.0,15.0,,,1020.0
6293,1016,30,,,,,1027,22,,,,,1021.5
6294,1013,34,1011.0,23.0,,,1027,29,1029.0,11.0,,,1020.0
6295,1012,39,1010.0,13.0,,,1020,27,1022.0,24.0,,,1016.0
6296,1012,21,1009.0,16.0,,,1023,24,1026.0,21.0,,,1017.5
6297,1008,25,1006.0,29.0,1005.0,17.0,1016,24,1018.0,11.0,1019.0,8.0,1012.0
6298,1002,22,998.0,22.0,,,1018,32,1022.0,21.0,,,1010.0
6299,997,28,994.0,16.0,,,1009,34,1012.0,17.0,,,1003.0
6300,995,40,991.0,30.0,,,1010,15,1014.0,23.0,,,1002.5
6301,998,21,,,,,1006,28,,,,,1002.0
6302,996,27,,,,,1010,33,,,,,1003.0
6303,993,36,989.0,24.0,,,1008,34,1012.0,26.0,,,1000.5
6304,996,40,992.0,24.0,,,1006,36,1010.0,25.0,,,1001.0
6305,995,28,993.0,17.0,,,1008,27,1010.0,15.0,,,1001.5
6306,997,19,996.0,21.0,,,1013,38,1014.0,14.0,,,1005.0
6307,996,35,994.0,22.0,,,1004,22,1006.0,20.0,,,1000.0
6308,993,37,,,,,1010,27,,,,,1001.5
6313,993,36,990.0,10.0,,,1006,26,1009.0,14.0,,,999.5
6310,997,22,995.0,26.0,,,1003,18,1005.0,19.0,,,1000.0
6311,1001,23,1000.0,24.0,,,1007,19,1008.0,30.0,,,1004.0
6312,1001,33,999.0,10.0,,,1005,16,1007.0,29.0,,,1003.0
6309,996,23,992.0,19.0,,,1008,29,1012.0,25.0,,,1002.0
6314,995,23,994.0,15.0,,,1008,24,1009.0,20.0,,,1001.5
6315,988,39,985.0,19.0,,,1005,23,1008.0,29.0,,,996.5
6318,970,38,968.0,14.0,,,982,31,984.0,17.0,,,976.0
6317,979,33,976.0,13.0,,,991,22,994.0,22.0,,,985.0
6316,987,34,985.0,15.0,,,993,17,995.0,11.0,,,990.0
6319,969,17,965.0,28.0,,,975,27,979.0,19.0,,,972.0
6320,972,19,969.0,21.0,,,986,30,989.0,25.0,,,979.0
6321,977,34,973.0,23.0,,,987,33,991.0,15.0,,,982.0
6322,973,19,970.0,28.0,,,983,29,986.0,12.0,,,978.0
6323,967,37,964.0,14.0,,,984,23,987.0,25.0,,,975.5
6324,970,36,968.0,29.0,,,984,25,986.0,21.0,,,977.0
6325,973,20,971.0,26.0,,,984,31,986.0,30.0,,,978.5
6326,969,38,,,,,986,36,,,,,977.5
6327,971,27,970.0,23.0,,,987,19,988.0,26.0,,,979.0
6328,971,37,968.0,13.0,,,989,38,992.0,20.0,,,980.0
6329,971,20,967.0,13.0,,,982,28,986.0,19.0,,,976.5
6334,963,19,961.0,19.0,,,971,34,973.0,19.0,,,967.0
6331,966,27,962.0,16.0,,,981,40,985.0,25.0,,,973.5
6332,962,35,959.0,22.0,956.0,19.0,971,23,974.0,18.0,977.0,12.0,966.5
6333,962,15,958.0,21.0,957.0,11.0,978,32,982.0,19.0,983.0,11.0,970.0
6330,971,15,966.0,18.0,,,981,34,986.0,19.0,,,976.0
6335,959,33,957.0,24.0,,,974,25,976.0,11.0,,,966.5
6336,955,28,951.0,13.0,,,964,37,968.0,17.0,,,959.5
6337,952,18,949.0,30.0,946.0,14.0,964,37,967.0,13.0,970.0,16.0,958.0
6338,947,24,943.0,13.0,,,959,21,963.0,26.0,,,953.0
6339,939,26,937.0,16.0,933.0,18.0,952,27,954.0,25.0,958.0,7.0,945.5
6340,938,31,937.0,27.0,,,953,24,954.0,29.0,,,945.5
6341,932,29,928.0,13.0,,,945,18,949.0,29.0,,,938.5
6342,935,40,930.0,28.0,,,948,18,953.0,25.0,,,941.5
6343,930,16,925.0,22.0,,,940,38,945.0,20.0,,,935.0
6344,929,32,927.0,28.0,,,941,20,943.0,26.0,,,935.0
6345,931,40,927.0,25.0,,,945,27,949.0,23.0,,,938.0
6346,939,31,,,,,949,33,,,,,944.0
6347,933,40,931.0,29.0,,,948,36,950.0,25.0,,,940.5
6348,934,24,932.0,17.0,,,944,36,946.0,17.0,,,939.0
6349,939,39,936.0,30.0,,,949,17,952.0,11.0,,,944.0
6350,937,20,,,,,948,30,,,,,942.5
6351,945,29,943.0,12.0,,,951,34,953.0,10.0,,,948.0
6352,941,34,937.0,17.0,935.0,19.0,954,25,958.0,19.0,960.0,15.0,947.5
6353,936,31,933.0,13.0,,,952,15,955.0,28.0,,,944.0
6354,937,28,933.0,30.0,,,951,40,955.0,13.0,,,944.0
6355,940,37,938.0,23.0,,,948,38,950.0,15.0,,,944.0
6356,940,27,936.0,26.0,,,953,19,957.0,26.0,,,946.5
6357,938,24,934.0,11.0,,,950,38,954.0,15.0,,,944.0
6358,934,17,931.0,20.0,,,947,38,950.0,11.0,,,940.5
6359,934,22,932.0,12.0,,,946,21,948.0,13.0,,,940.0
6360,938,30,935.0,23.0,,,954,22,957.0,14.0,,,946.0
6361,933,37,932.0,15.0,,,950,31,951.0,18.0,,,941.5
6362,935,28,931.0,12.0,,,945,17,949.0,28.0,,,940.0
6363,933,38,,,,,945,36,,,,,939.0
6364,931,31,928.0,28.0,,,946,40,949.0,27.0,,,938.5
6365,930,24,927.0,14.0,,,944,36,947.0,25.0,,,937.0
6366,923,22,921.0,29.0,,,943,28,945.0,11.0,,,933.0
6367,923,34,921.0,21.0,,,936,25,938.0,17.0,,,929.5
6368,921,40,919.0,21.0,,,933,37,935.0,27.0,,,927.0
6369,918,20,915.0,29.0,,,932,18,935.0,26.0,,,925.0
6370,918,18,914.0,29.0,,,929,26,933.0,17.0,,,923.5
6371,924,32,921.0,27.0,,,936,29,939.0,17.0,,,930.0
6372,919,27,915.0,28.0,,,928,22,932.0,16.0,,,923.5
6373,916,30,913.0,13.0,,,935,33,938.0,26.0,,,925.5
6374,919,23,916.0,11.0,,,932,32,935.0,18.0,,,925.5
6375,915,24,913.0,24.0,,,929,16,931.0,27.0,,,922.0
6376,919,16,916.0,29.0,,,932,37,935.0,10.0,,,925.5
6377,914,17,,,,,929,19,,,,,921.5
6378,915,20,910.0,14.0,,,924,33,929.0,15.0,,,919.5
6379,907,40,905.0,15.0,,,922,37,924.0,29.0,,,914.5
6380,907,29,903.0,27.0,,,924,28,928.0,13.0,,,915.5
6381,911,18,909.0,14.0,,,924,35,926.0,25.0,,,917.5
6382,909,29,904.0,18.0,,,923,40,928.0,15.0,,,916.0
6383,911,17,908.0,18.0,,,925,32,928.0,28.0,,,918.0
6384,912,16,909.0,14.0,,,933,29,936.0,14.0,,,922.5
6385,916,34,912.0,12.0,,,924,16,928.0,11.0,,,920.0
6386,908,18,903.0,20.0,,,926,23,931.0,11.0,,,917.0
6388,918,24,916.0,17.0,,,929,37,931.0,23.0,,,923.5
6389,914,36,909.0,12.0,,,923,31,928.0,24.0,,,918.5
6390,917,17,912.0,21.0,,,927,32,932.0,15.0,,,922.0
6391,914,24,,,,,926,23,,,,,920.0
6392,907,26,903.0,10.0,,,922,31,926.0,27.0,,,914.5
6393,913,19,911.0,25.0,,,923,16,925.0,17.0,,,918.0
6394,919,37,917.0,18.0,913.0,14.0,928,18,930.0,23.0,934.0,17.0,923.5
6395,913,33,911.0,24.0,,,926,17,928.0,10.0,,,919.5
6396,916,21,913.0,12.0,,,926,18,929.0,20.0,,,921.0
6397,912,29,908.0,24.0,,,924,17,928.0,13.0,,,918.0
6398,915,32,912.0,27.0,,,927,39,930.0,20.0,,,921.0
6399,910,27,909.0,14.0,,,929,17,930.0,25.0,,,919.5
6400,912,21,908.0,21.0,,,926,22,930.0,14.0,,,919.0
6401,910,23,906.0,30.0,,,919,28,923.0,22.0,,,914.5
6402,908,36,904.0,21.0,,,923,40,927.0,26.0,,,915.5
6403,909,22,906.0,18.0,,,925,28,928.0,18.0,,,917.0
6404,914,38,912.0,21.0,910.0,15.0,920,28,922.0,26.0,924.0,16.0,917.0
6405,911,28,909.0,13.0,,,923,39,925.0,20.0,,,917.0
6406,900,27,897.0,11.0,,,912,32,915.0,19.0,,,906.0
6407,903,34,901.0,13.0,,,912,34,914.0,29.0,,,907.5
6408,904,37,901.0,25.0,,,915,26,918.0,26.0,,,909.5
6409,904,33,901.0,12.0,898.0,18.0,915,31,918.0,30.0,921.0,19.0,909.5
6410,904,16,900.0,23.0,,,918,21,922.0,19.0,,,911.0
6411,901,16,899.0,10.0,,,912,31,914.0,15.0,,,906.5
6412,902,30,898.0,17.0,,,916,27,920.0,15.0,,,909.0
6413,900,16,896.0,17.0,,,911,19,915.0,29.0,,,905.5
6414,900,18,896.0,30.0,,,911,15,915.0,30.0,,,905.5
6415,893,25,890.0,13.0,,,906,29,909.0,17.0,,,899.5
6416,892,37,890.0,12.0,,,903,24,905.0,12.0,,,897.5
6417,897,25,893.0,12.0,,,907,36,911.0,15.0,,,902.0
6418,901,26,900.0,16.0,,,910,21,911.0,14.0,,,905.5
6419,904,35,900.0,14.0,897.0,12.0,912,26,916.0,13.0,919.0,20.0,908.0
6420,906,29,904.0,26.0,,,918,29,920.0,15.0,,,912.0
6421,909,37,907.0,12.0,,,917,29,919.0,22.0,,,913.0
6422,910,35,907.0,27.0,,,921,30,924.0,23.0,,,915.5
6423,910,23,905.0,30.0,,,922,36,927.0,15.0,,,916.0
6424,915,17,913.0,21.0,,,927,34,929.0,21.0,,,921.0
6425,918,35,,,,,930,29,,,,,924.0
6426,923,34,918.0,19.0,,,936,21,941.0,15.0,,,929.5
6427,924,25,920.0,21.0,,,933,23,937.0,15.0,,,928.5
6429,924,39,921.0,26.0,,,933,30,936.0,21.0,,,928.5
6430,926,29,923.0,29.0,,,939,38,942.0,17.0,,,932.5
6431,929,15,927.0,14.0,,,940,36,942.0,11.0,,,934.5
6432,929,25,927.0,18.0,,,947,40,949.0,23.0,,,938.0
6433,926,20,923.0,29.0,919.0,7.0,938,21,941.0,24.0,945.0,6.0,932.0
6434,926,34,923.0,12.0,,,930,27,933.0,19.0,,,928.0
6435,924,18,921.0,11.0,,,933,17,936.0,16.0,,,928.5
6436,920,39,916.0,13.0,912.0,7.0,935,33,939.0,15.0,943.0,8.0,927.5
6437,919,20,917.0,22.0,,,932,15,934.0,21.0,,,925.5
6438,917,24,915.0,20.0,,,930,38,932.0,30.0,,,923.5
6439,924,15,921.0,25.0,,,936,29,939.0,21.0,,,930.0
6440,923,39,921.0,26.0,,,940,31,942.0,14.0,,,931.5
6441,928,39,,,,,945,16,,,,,936.5
6442,928,33,926.0,11.0,,,946,38,948.0,11.0,,,937.0
6443,933,15,929.0,29.0,926.0,13.0,944,38,948.0,22.0,951.0,10.0,938.5
6444,932,29,928.0,12.0,,,949,38,953.0,14.0,,,940.5
6445,938,38,937.0,21.0,,,948,38,949.0,25.0,,,943.0
6446,928,36,925.0,24.0,,,942,24,945.0,20.0,,,935.0
6447,925,26,921.0,30.0,,,943,20,947.0,28.0,,,934.0
6448,929,30,927.0,10.0,,,939,36,941.0,29.0,,,934.0
6449,931,27,928.0,14.0,,,942,25,945.0,26.0,,,936.5
6450,925,27,,,,,941,39,,,,,933.0
6451,930,19,926.0,27.0,,,943,26,947.0,13.0,,,936.5
6452,933,24,929.0,20.0,,,946,19,950.0,23.0,,,939.5
6453,935,20,,,,,944,35,,,,,939.5
6454,938,34,936.0,25.0,,,951,27,953.0,14.0,,,944.5
6455,936,19,933.0,12.0,,,948,27,951.0,23.0,,,942.0
6456,935,17,933.0,30.0,,,943,21,945.0,21.0,,,939.0
6457,939,18,937.0,24.0,,,948,15,950.0,14.0,,,943.5
6458,939,37,934.0,20.0,,,952,23,957.0,23.0,,,945.5
6459,946,37,943.0,27.0,,,960,33,963.0,11.0,,,953.0
6460,951,21,950.0,26.0,,,965,33,966.0,28.0,,,958.0
6461,956,15,,,,,970,40,,,,,963.0
6462,962,18,959.0,28.0,,,977,19,980.0,14.0,,,969.5
6463,962,18,961.0,14.0,,,976,31,977.0,20.0,,,969.0
6464,962,29,960.0,29.0,,,975,36,977.0,15.0,,,968.5
6465,955,38,950.0,29.0,,,973,36,978.0,17.0,,,964.0
6466,961,19,958.0,25.0,,,975,38,978.0,16.0,,,968.0
6467,967,25,964.0,25.0,,,979,21,982.0,30.0,,,973.0
6468,971,30,969.0,29.0,,,978,30,980.0,24.0,,,974.5
6469,963,26,960.0,20.0,,,978,19,981.0,11.0,,,970.5
6470,964,23,963.0,23.0,,,974,21,975.0,22.0,,,969.0
6471,967,39,965.0,21.0,,,983,36,985.0,14.0,,,975.0
6472,966,39,965.0,21.0,,,981,25,982.0,30.0,,,973.5
6473,968,22,964.0,13.0,,,977,39,981.0,24.0,,,972.5
6474,964,37,961.0,29.0,,,981,18,984.0,14.0,,,972.5
6476,971,37,970.0,14.0,,,979,25,980.0,20.0,,,975.0
6477,970,34,966.0,12.0,,,980,34,984.0,14.0,,,975.0
6478,971,33,,,,,977,15,,,,,974.0
6479,962,31,959.0,21.0,956.0,10.0,981,40,984.0,24.0,987.0,11.0,971.5
6480,969,31,966.0,30.0,,,973,16,976.0,18.0,,,971.0
6481,969,39,966.0,27.0,,,981,16,984.0,19.0,,,975.0
6482,970,20,966.0,12.0,965.0,16.0,987,38,991.0,10.0,992.0,10.0,978.5
6483,971,21,,,,,984,36,,,,,977.5
6484,977,34,976.0,28.0,,,987,19,988.0,23.0,,,982.0
6485,981,39,979.0,29.0,,,995,29,997.0,13.0,,,988.0
6486,981,29,979.0,16.0,,,996,15,998.0,24.0,,,988.5
6487,983,17,,,,,991,15,,,,,987.0
6488,976,29,975.0,21.0,,,989,17,990.0,24.0,,,982.5
6489,985,40,982.0,15.0,,,989,18,992.0,25.0,,,987.0
6490,984,15,981.0,19.0,,,997,18,1000.0,14.0,,,990.5
6491,985,35,982.0,16.0,,,996,28,999.0,26.0,,,990.5
6492,977,21,974.0,16.0,,,988,24,991.0,24.0,,,982.5
6493,974,39,972.0,21.0,,,984,33,986.0,23.0,,,979.0
6494,973,33,970.0,24.0,,,984,32,987.0,14.0,,,978.5
6495,966,19,963.0,24.0,,,975,33,978.0,29.0,,,970.5
6496,968,30,966.0,29.0,,,982,30,984.0,24.0,,,975.0
6497,967,24,965.0,10.0,,,980,34,982.0,30.0,,,973.5
6500,960,19,957.0,16.0,955.0,14.0,979,17,982.0,12.0,984.0,5.0,969.5
6499,963,31,960.0,24.0,,,977,38,980.0,10.0,,,970.0
6498,969,36,967.0,10.0,,,977,15,979.0,21.0,,,973.0
6501,957,29,955.0,25.0,,,976,28,978.0,21.0,,,966.5
6502,954,37,950.0,12.0,947.0,5.0,968,33,972.0,29.0,975.0,7.0,961.0
6503,950,34,948.0,14.0,,,963,16,965.0,24.0,,,956.5
6504,950,38,947.0,25.0,,,967,30,970.0,10.0,,,958.5
6505,952,40,951.0,26.0,,,970,16,971.0,28.0,,,961.0
6506,955,29,,,,,967,26,,,,,961.0
6507,958,40,956.0,10.0,,,970,18,972.0,15.0,,,964.0
6508,964,31,960.0,19.0,,,974,16,978.0,10.0,,,969.0
6509,957,35,953.0,24.0,951.0,16.0,967,36,971.0,18.0,973.0,19.0,962.0
6510,957,27,953.0,22.0,950.0,6.0,966,37,970.0,15.0,973.0,12.0,961.5
6511,944,22,941.0,21.0,,,959,28,962.0,13.0,,,951.5
6512,949,26,947.0,11.0,,,958,32,960.0,10.0,,,953.5
6513,937,19,934.0,23.0,,,953,34,956.0,28.0,,,945.0
6514,937,23,933.0,13.0,,,948,37,952.0,18.0,,,942.5
6515,932,26,931.0,19.0,,,949,32,950.0,26.0,,,940.5
6516,930,20,927.0,29.0,,,937,16,940.0,20.0,,,933.5
6517,925,24,922.0,28.0,,,939,39,942.0,18.0,,,932.0
6518,925,34,923.0,26.0,,,940,24,942.0,22.0,,,932.5
6519,928,39,925.0,25.0,,,938,16,941.0,10.0,,,933.0
6520,929,33,,,,,944,30,,,,,936.5
6521,933,22,929.0,25.0,,,945,16,949.0,10.0,,,939.0
6522,937,28,935.0,20.0,,,952,28,954.0,21.0,,,944.5
6523,931,16,928.0,13.0,,,939,39,942.0,26.0,,,935.0
6524,926,21,924.0,16.0,,,935,36,937.0,22.0,,,930.5
6525,922,33,918.0,26.0,,,931,38,935.0,28.0,,,926.5
6526,916,37,914.0,10.0,,,926,22,928.0,12.0,,,921.0
6527,911,15,909.0,11.0,,,927,30,929.0,14.0,,,919.0
6528,908,17,,,,,922,24,,,,,915.0
6529,904,24,902.0,23.0,,,918,28,920.0,10.0,,,911.0
6530,899,17,896.0,14.0,,,909,40,912.0,18.0,,,904.0
6531,898,18,894.0,18.0,,,913,27,917.0,18.0,,,905.5
6532,907,36,905.0,16.0,,,914,30,916.0,18.0,,,910.5
6533,901,35,899.0,15.0,,,913,29,915.0,15.0,,,907.0
6534,902,27,899.0,15.0,,,910,23,913.0,18.0,,,906.0
6535,892,17,887.0,27.0,,,907,19,912.0,17.0,,,899.5
6536,891,32,888.0,23.0,,,902,24,905.0,14.0,,,896.5
6537,894,38,891.0,23.0,,,906,39,909.0,10.0,,,900.0
6538,885,30,883.0,29.0,,,901,33,903.0,21.0,,,893.0
6539,895,33,893.0,29.0,890.0,16.0,899,25,901.0,24.0,904.0,16.0,897.0
6540,891,39,889.0,13.0,,,897,32,899.0,14.0,,,894.0
6541,881,21,879.0,28.0,,,892,20,894.0,16.0,,,886.5
6542,880,28,876.0,11.0,,,891,28,895.0,29.0,,,885.5
6543,883,15,,,,,896,28,,,,,889.5
6544,889,26,886.0,16.0,,,900,19,903.0,10.0,,,894.5
6548,879,17,876.0,30.0,,,888,39,891.0,17.0,,,883.5
6546,883,25,881.0,24.0,,,897,18,899.0,12.0,,,890.0
6547,882,22,878.0,15.0,,,889,32,893.0,19.0,,,885.5
6545,887,40,883.0,22.0,,,898,33,902.0,19.0,,,892.5
6549,871,19,868.0,23.0,866.0,8.0,885,22,888.0,11.0,890.0,9.0,878.0
6550,872,17,868.0,28.0,,,885,15,889.0,18.0,,,878.5
6551,864,26,861.0,20.0,,,880,31,883.0,28.0,,,872.0
6552,870,24,868.0,21.0,,,882,40,884.0,12.0,,,876.0
6554,871,33,867.0,28.0,,,885,33,889.0,14.0,,,878.0
6553,870,35,866.0,27.0,,,880,15,884.0,16.0,,,875.0
6555,873,29,870.0,21.0,,,882,27,885.0,17.0,,,877.5
6556,870,34,,,,,881,18,,,,,875.5
6557,866,25,863.0,14.0,,,881,28,884.0,29.0,,,873.5
6558,864,40,,,,,874,27,,,,,869.0
6559,860,18,857.0,28.0,,,874,18,877.0,17.0,,,867.0
6560,861,21,858.0,20.0,,,871,38,874.0,16.0,,,866.0
6561,860,32,,,,,872,31,,,,,866.0
6562,860,17,857.0,18.0,,,877,25,880.0,17.0,,,868.5
6563,861,24,857.0,15.0,854.0,13.0,871,37,875.0,23.0,878.0,12.0,866.0
6564,861,26,859.0,22.0,,,875,37,877.0,22.0,,,868.0
6565,867,27,864.0,21.0,,,878,28,881.0,15.0,,,872.5
6566,864,24,860.0,19.0,,,879,28,883.0,16.0,,,871.5
6567,861,18,856.0,13.0,,,878,40,883.0,29.0,,,869.5
6568,862,16,857.0,13.0,,,878,27,883.0,29.0,,,870.0
6569,868,15,865.0,11.0,,,883,38,886.0,21.0,,,875.5
6570,869,30,,,,,882,38,,,,,875.5
6571,862,28,858.0,29.0,,,873,17,877.0,27.0,,,867.5
6572,859,24,857.0,23.0,,,874,29,876.0,16.0,,,866.5
6573,867,19,863.0,23.0,,,880,24,884.0,24.0,,,873.5
6574,866,17,862.0,11.0,860.0,18.0,877,34,881.0,19.0,883.0,12.0,871.5
6575,868,29,864.0,24.0,,,876,27,880.0,29.0,,,872.0
6576,868,15,865.0,24.0,,,879,20,882.0,23.0,,,873.5
6577,873,19,870.0,29.0,,,885,28,888.0,26.0,,,879.0
6578,874,20,870.0,16.0,,,893,23,897.0,18.0,,,883.5
6582,885,34,880.0,27.0,875.0,17.0,898,26,903.0,29.0,908.0,15.0,891.5
6580,880,20,876.0,30.0,,,890,19,894.0,23.0,,,885.0
6581,879,32,875.0,14.0,,,889,27,893.0,16.0,,,884.0
6579,883,23,880.0,15.0,,,894,21,897.0,18.0,,,888.5
6583,887,37,885.0,12.0,,,896,38,898.0,17.0,,,891.5
6584,884,21,883.0,15.0,,,901,15,902.0,13.0,,,892.5
6585,882,21,879.0,11.0,,,896,19,899.0,11.0,,,889.0
6586,880,20,877.0,11.0,,,893,18,896.0,11.0,,,886.5
6587,879,37,877.0,22.0,875.0,5.0,892,36,894.0,13.0,896.0,5.0,885.5
6588,876,15,874.0,26.0,,,890,40,892.0,28.0,,,883.0
6589,878,19,874.0,17.0,,,886,38,890.0,26.0,,,882.0
6590,877,37,875.0,16.0,,,889,29,891.0,28.0,,,883.0
6591,879,19,876.0,16.0,,,889,29,892.0,16.0,,,884.0
6592,871,26,868.0,22.0,,,884,21,887.0,15.0,,,877.5
6593,871,28,868.0,16.0,865.0,8.0,884,19,887.0,10.0,890.0,18.0,877.5
6594,871,33,869.0,12.0,,,879,30,881.0,21.0,,,875.0
6595,865,21,863.0,18.0,,,878,23,880.0,18.0,,,871.5
6596,868,30,866.0,13.0,,,882,23,884.0,27.0,,,875.0
6597,873,34,870.0,17.0,,,882,26,885.0,30.0,,,877.5
6598,875,23,872.0,21.0,,,886,38,889.0,11.0,,,880.5
6599,871,21,868.0,15.0,,,884,38,887.0,12.0,,,877.5
6600,876,17,873.0,12.0,,,885,15,888.0,14.0,,,880.5
6601,874,20,871.0,23.0,868.0,12.0,889,20,892.0,22.0,895.0,9.0,881.5
6602,873,21,869.0,30.0,,,886,29,890.0,15.0,,,879.5
6604,863,34,860.0,20.0,,,876,30,879.0,17.0,,,869.5
6605,867,32,865.0,29.0,,,884,37,886.0,20.0,,,875.5
6606,868,23,864.0,16.0,,,879,35,883.0,19.0,,,873.5
6607,868,32,865.0,21.0,,,886,30,889.0,19.0,,,877.0
6608,873,28,868.0,20.0,,,882,30,887.0,27.0,,,877.5
6609,882,38,879.0,23.0,,,893,21,896.0,26.0,,,887.5
6610,879,19,876.0,26.0,871.0,18.0,896,24,899.0,13.0,904.0,10.0,887.5
6611,886,29,885.0,29.0,,,902,36,903.0,11.0,,,894.0
6612,881,32,877.0,20.0,,,899,19,903.0,10.0,,,890.0
6613,880,18,877.0,28.0,,,891,27,894.0,12.0,,,885.5
6614,879,24,876.0,27.0,,,894,33,897.0,30.0,,,886.5
6615,883,16,879.0,18.0,,,895,40,899.0,30.0,,,889.0
6616,889,21,885.0,11.0,,,903,32,907.0,11.0,,,896.0
6617,892,17,890.0,30.0,,,905,28,907.0,30.0,,,898.5
6618,887,20,884.0,10.0,,,900,35,903.0,25.0,,,893.5
6619,894,36,891.0,10.0,,,905,33,908.0,16.0,,,899.5
6620,888,23,886.0,10.0,,,900,31,902.0,26.0,,,894.0
6622,871,21,869.0,16.0,,,884,26,886.0,11.0,,,877.5
6623,868,34,864.0,24.0,,,881,35,885.0,10.0,,,874.5
6624,865,18,860.0,28.0,857.0,9.0,875,40,880.0,10.0,883.0,7.0,870.0
6626,862,31,857.0,16.0,,,879,19,884.0,14.0,,,870.5
6627,867,17,865.0,23.0,,,879,31,881.0,17.0,,,873.0
6628,872,21,870.0,10.0,,,886,26,888.0,12.0,,,879.0
6629,874,33,871.0,11.0,,,881,30,884.0,19.0,,,877.5
6630,870,19,866.0,19.0,,,883,26,887.0,22.0,,,876.5
6631,867,32,864.0,19.0,861.0,6.0,875,39,878.0,17.0,881.0,8.0,871.0
6632,861,15,858.0,18.0,,,876,26,879.0,12.0,,,868.5
6633,865,23,864.0,27.0,,,883,38,884.0,24.0,,,874.0
6634,866,20,,,,,881,31,,,,,873.5
6635,871,15,867.0,19.0,,,880,15,884.0,10.0,,,875.5
6636,878,15,876.0,15.0,,,886,40,888.0,21.0,,,882.0
6637,880,35,877.0,27.0,,,894,28,897.0,23.0,,,887.0
6638,875,26,873.0,25.0,,,891,27,893.0,19.0,,,883.0
6639,879,23,876.0,19.0,,,885,15,888.0,12.0,,,882.0
6640,879,38,874.0,29.0,,,888,31,893.0,16.0,,,883.5
6641,874,37,871.0,22.0,,,883,22,886.0,30.0,,,878.5
6642,865,22,863.0,20.0,,,877,35,879.0,12.0,,,871.0
6643,864,37,860.0,28.0,,,877,39,881.0,12.0,,,870.5
6644,872,38,870.0,21.0,,,883,21,885.0,13.0,,,877.5
6645,869,17,867.0,23.0,,,887,24,889.0,15.0,,,878.0
6646,879,25,876.0,25.0,,,892,35,895.0,30.0,,,885.5
6647,878,26,877.0,10.0,,,890,35,891.0,21.0,,,884.0
6648,872,36,869.0,24.0,,,883,30,886.0,16.0,,,877.5
6649,876,27,873.0,17.0,,,889,23,892.0,26.0,,,882.5
6650,873,16,869.0,15.0,,,886,19,890.0,16.0,,,879.5
6651,875,40,,,,,891,29,,,,,883.0
6652,874,29,871.0,19.0,869.0,9.0,890,21,893.0,16.0,895.0,7.0,882.0
6653,871,24,868.0,14.0,,,890,38,893.0,13.0,,,880.5
6655,880,15,878.0,23.0,,,888,23,890.0,30.0,,,884.0
6656,874,31,872.0,20.0,,,883,31,885.0,18.0,,,878.5
6657,877,33,875.0,23.0,,,890,26,892.0,13.0,,,883.5
6658,878,30,877.0,20.0,,,890,22,891.0,19.0,,,884.0
6659,884,33,881.0,28.0,,,893,40,896.0,27.0,,,888.5
6660,881,22,879.0,29.0,,,891,38,893.0,24.0,,,886.0
6661,886,35,883.0,26.0,,,897,26,900.0,12.0,,,891.5
6663,889,37,886.0,13.0,,,901,30,904.0,21.0,,,895.0
6664,890,34,889.0,23.0,,,906,20,907.0,11.0,,,898.0
6665,893,37,889.0,28.0,,,908,39,912.0,16.0,,,900.5
6666,890,18,887.0,28.0,,,899,38,902.0,12.0,,,894.5
6667,892,19,888.0,19.0,,,903,21,907.0,16.0,,,897.5
6668,890,22,887.0,11.0,,,899,31,902.0,15.0,,,894.5
6669,891,20,888.0,24.0,885.0,9.0,902,36,905.0,24.0,908.0,10.0,896.5
6670,888,26,886.0,20.0,,,904,39,906.0,21.0,,,896.0
6671,883,31,,,,,897,15,,,,,890.0
6672,874,25,871.0,28.0,869.0,15.0,885,39,888.0,16.0,890.0,18.0,879.5
6673,876,19,872.0,16.0,870.0,9.0,885,37,889.0,25.0,891.0,6.0,880.5
6674,866,39,864.0,24.0,,,882,26,884.0,29.0,,,874.0
6675,868,29,,,,,882,35,,,,,875.0
6676,867,23,863.0,26.0,,,878,27,882.0,26.0,,,872.5
6677,874,31,871.0,17.0,,,879,27,882.0,15.0,,,876.5
6678,875,23,870.0,26.0,,,889,31,894.0,17.0,,,882.0
6679,874,28,870.0,18.0,869.0,10.0,891,24,895.0,19.0,896.0,11.0,882.5
6680,882,18,880.0,20.0,876.0,16.0,893,25,895.0,26.0,899.0,7.0,887.5
6681,889,16,885.0,26.0,,,896,31,900.0,21.0,,,892.5
6682,888,30,885.0,12.0,883.0,7.0,904,19,907.0,19.0,909.0,11.0,896.0
6683,893,17,888.0,15.0,884.0,13.0,907,32,912.0,12.0,916.0,17.0,900.0
6684,888,24,884.0,28.0,,,905,37,909.0,30.0,,,896.5
6685,895,29,890.0,15.0,,,908,22,913.0,19.0,,,901.5
6686,888,32,885.0,10.0,,,901,16,904.0,16.0,,,894.5
6687,890,28,,,,,899,34,,,,,894.5
6688,880,25,876.0,21.0,,,897,17,901.0,24.0,,,888.5
6689,875,17,873.0,30.0,,,891,16,893.0,28.0,,,883.0
6690,880,19,876.0,15.0,,,888,36,892.0,13.0,,,884.0
6691,874,36,871.0,25.0,,,889,20,892.0,17.0,,,881.5
6692,878,27,876.0,27.0,,,890,25,892.0,24.0,,,884.0
6697,872,37,868.0,10.0,,,882,16,886.0,26.0,,,877.0
6695,870,25,868.0,22.0,,,881,26,883.0,16.0,,,875.5
6696,867,29,863.0,25.0,,,880,35,884.0,16.0,,,873.5
6693,877,22,876.0,17.0,,,889,34,890.0,14.0,,,883.0
6698,875,37,871.0,23.0,,,886,28,890.0,13.0,,,880.5
6699,869,22,866.0,14.0,,,881,40,884.0,18.0,,,875.0
6701,878,27,875.0,30.0,,,885,25,888.0,18.0,,,881.5
6702,872,35,868.0,23.0,,,892,31,896.0,22.0,,,882.0
6703,888,22,886.0,30.0,,,900,29,902.0,28.0,,,894.0
6704,877,27,876.0,14.0,873.0,13.0,883,20,884.0,11.0,887.0,13.0,880.0
6705,879,16,875.0,18.0,,,887,18,891.0,30.0,,,883.0
6706,879,16,877.0,27.0,,,896,18,898.0,23.0,,,887.5
6707,882,36,881.0,16.0,,,899,23,900.0,26.0,,,890.5
6708,880,29,,,,,893,38,,,,,886.5
6709,888,39,886.0,22.0,,,897,38,899.0,28.0,,,892.5
6710,882,27,879.0,18.0,,,899,28,902.0,13.0,,,890.5
6711,887,36,885.0,23.0,,,897,24,899.0,16.0,,,892.0
6712,885,21,882.0,30.0,,,899,35,902.0,11.0,,,892.0
6713,890,16,888.0,16.0,,,902,17,904.0,16.0,,,896.0
6714,887,23,886.0,26.0,881.0,9.0,898,25,899.0,25.0,904.0,9.0,892.5
6715,886,15,883.0,13.0,,,898,23,901.0,29.0,,,892.0
6718,898,30,895.0,21.0,,,904,27,907.0,18.0,,,901.0
6717,895,19,893.0,13.0,,,906,31,908.0,24.0,,,900.5
6716,897,24,894.0,25.0,,,903,29,906.0,20.0,,,900.0
6719,894,17,891.0,16.0,,,905,38,908.0,11.0,,,899.5
6720,899,33,,,,,916,24,,,,,907.5
6721,897,40,894.0,22.0,,,913,18,916.0,23.0,,,905.0
6722,902,15,900.0,12.0,,,915,38,917.0,18.0,,,908.5
6723,910,16,908.0,29.0,,,924,36,926.0,26.0,,,917.0
6724,909,36,908.0,27.0,906.0,15.0,924,15,925.0,12.0,927.0,16.0,916.5
6725,912,30,910.0,26.0,,,923,37,925.0,25.0,,,917.5
6726,911,20,909.0,21.0,,,925,16,927.0,29.0,,,918.0
6727,915,33,912.0,20.0,,,923,20,926.0,13.0,,,919.0
6728,919,37,916.0,18.0,,,928,30,931.0,13.0,,,923.5
6729,921,17,917.0,15.0,,,932,18,936.0,15.0,,,926.5
6730,914,25,912.0,12.0,,,932,28,934.0,28.0,,,923.0
6731,917,18,913.0,22.0,,,926,39,930.0,20.0,,,921.5
6732,919,23,916.0,22.0,,,924,25,927.0,28.0,,,921.5
6733,914,31,913.0,24.0,,,927,26,928.0,26.0,,,920.5
6734,917,16,914.0,27.0,910.0,9.0,933,28,936.0,20.0,940.0,12.0,925.0
6735,923,16,919.0,21.0,,,932,17,936.0,29.0,,,927.5
6736,921,37,918.0,14.0,,,932,36,935.0,24.0,,,926.5
6737,924,37,922.0,26.0,,,934,25,936.0,10.0,,,929.0
6738,932,40,927.0,27.0,,,944,31,949.0,12.0,,,938.0
6739,928,40,927.0,17.0,,,939,34,940.0,29.0,,,933.5
6740,925,22,,,,,933,33,,,,,929.0
6741,917,15,913.0,28.0,,,928,27,932.0,10.0,,,922.5
6742,921,17,919.0,21.0,,,934,27,936.0,17.0,,,927.5
6743,922,29,919.0,11.0,,,937,26,940.0,18.0,,,929.5
6744,923,23,921.0,11.0,,,940,19,942.0,14.0,,,931.5
6745,928,24,927.0,21.0,924.0,20.0,943,19,944.0,12.0,947.0,13.0,935.5
6746,931,36,929.0,20.0,,,941,32,943.0,19.0,,,936.0
6747,932,25,931.0,14.0,,,946,32,947.0,25.0,,,939.0
6748,942,39,938.0,19.0,,,952,29,956.0,29.0,,,947.0
6749,942,21,940.0,18.0,936.0,17.0,958,34,960.0,25.0,964.0,15.0,950.0
6750,948,26,944.0,21.0,,,957,25,961.0,20.0,,,952.5
6751,951,27,948.0,12.0,,,964,39,967.0,14.0,,,957.5
6752,947,31,945.0,28.0,941.0,5.0,957,25,959.0,13.0,963.0,10.0,952.0
6753,948,22,943.0,30.0,,,960,29,965.0,15.0,,,954.0
6754,946,22,944.0,22.0,,,955,29,957.0,27.0,,,950.5
6755,947,38,945.0,14.0,,,956,33,958.0,18.0,,,951.5
6756,950,23,947.0,27.0,,,960,36,963.0,29.0,,,955.0
6757,947,27,946.0,15.0,,,958,33,959.0,13.0,,,952.5
6760,956,17,953.0,24.0,952.0,7.0,971,15,974.0,15.0,975.0,10.0,963.5
6759,952,17,950.0,18.0,,,967,36,969.0,23.0,,,959.5
6758,951,21,949.0,30.0,,,964,36,966.0,13.0,,,957.5
6761,952,25,949.0,10.0,,,965,38,968.0,20.0,,,958.5
6762,950,31,,,,,958,20,,,,,954.0
6763,944,20,941.0,14.0,,,960,24,963.0,30.0,,,952.0
6764,944,21,940.0,27.0,,,955,29,959.0,20.0,,,949.5
6765,936,19,934.0,24.0,,,950,29,952.0,27.0,,,943.0
6766,938,15,934.0,24.0,931.0,5.0,951,39,955.0,24.0,958.0,17.0,944.5
6767,936,15,934.0,25.0,,,943,39,945.0,10.0,,,939.5
6768,936,30,932.0,14.0,930.0,14.0,948,16,952.0,14.0,954.0,16.0,942.0
6769,935,24,932.0,17.0,,,948,33,951.0,14.0,,,941.5
6770,939,39,934.0,25.0,,,949,20,954.0,25.0,,,944.0
6771,935,31,934.0,14.0,,,948,20,949.0,10.0,,,941.5
6772,939,15,935.0,17.0,,,952,26,956.0,12.0,,,945.5
6773,935,30,932.0,22.0,,,947,19,950.0,19.0,,,941.0
6774,936,30,934.0,22.0,,,939,35,941.0,18.0,,,937.5
6775,939,26,934.0,23.0,,,948,25,953.0,12.0,,,943.5
6776,941,20,,,,,952,15,,,,,946.5
6777,939,33,935.0,15.0,,,955,39,959.0,20.0,,,947.0
6778,948,23,947.0,22.0,,,957,25,958.0,25.0,,,952.5
6779,946,22,942.0,12.0,,,958,17,962.0,15.0,,,952.0
6780,944,33,941.0,25.0,,,956,38,959.0,22.0,,,950.0
6781,942,30,938.0,14.0,935.0,17.0,960,21,964.0,29.0,967.0,10.0,951.0
6782,942,36,939.0,25.0,,,961,37,964.0,30.0,,,951.5
6783,939,35,936.0,11.0,,,956,27,959.0,23.0,,,947.5
6784,943,16,941.0,25.0,,,958,32,960.0,10.0,,,950.5
6785,941,15,940.0,18.0,,,954,15,955.0,23.0,,,947.5
6786,953,20,948.0,14.0,,,960,19,965.0,19.0,,,956.5
6787,945,25,942.0,15.0,,,960,38,963.0,24.0,,,952.5
6788,945,32,943.0,11.0,942.0,5.0,959,39,961.0,29.0,962.0,19.0,952.0
6789,938,18,935.0,10.0,932.0,5.0,950,37,953.0,10.0,956.0,20.0,944.0
6790,935,27,931.0,20.0,929.0,6.0,949,20,953.0,25.0,955.0,20.0,942.0
6791,938,25,936.0,12.0,932.0,5.0,950,17,952.0,24.0,956.0,19.0,944.0
6792,936,18,934.0,20.0,,,947,23,949.0,26.0,,,941.5
6793,934,39,932.0,26.0,,,945,24,947.0,24.0,,,939.5
6794,937,38,934.0,30.0,,,949,28,952.0,23.0,,,943.0
6795,933,28,930.0,28.0,,,951,37,954.0,29.0,,,942.0
6796,942,31,940.0,16.0,,,953,32,955.0,28.0,,,947.5
6797,938,34,935.0,22.0,,,951,28,954.0,10.0,,,944.5
6798,938,24,935.0,22.0,,,951,15,954.0,24.0,,,944.5
6802,939,28,937.0,18.0,,,954,33,956.0,27.0,,,946.5
6800,943,34,941.0,10.0,,,952,26,954.0,26.0,,,947.5
6801,942,26,938.0,27.0,,,954,17,958.0,14.0,,,948.0
6803,940,30,937.0,11.0,,,954,36,957.0,29.0,,,947.0
6799,938,36,935.0,26.0,,,951,25,954.0,13.0,,,944.5
6804,943,39,939.0,10.0,,,956,19,960.0,14.0,,,949.5
6805,954,18,951.0,11.0,,,968,38,971.0,13.0,,,961.0
6806,954,21,950.0,21.0,,,965,32,969.0,27.0,,,959.5
6807,957,26,955.0,22.0,,,968,25,970.0,23.0,,,962.5
6808,962,35,960.0,17.0,,,975,35,977.0,30.0,,,968.5
6809,960,16,957.0,12.0,,,969,20,972.0,13.0,,,964.5
6810,959,35,956.0,18.0,,,973,35,976.0,27.0,,,966.0
6811,962,28,958.0,11.0,,,972,36,976.0,22.0,,,967.0
6812,956,37,952.0,28.0,,,963,35,967.0,17.0,,,959.5
6813,953,17,951.0,14.0,,,966,38,968.0,12.0,,,959.5
6814,956,35,955.0,28.0,,,967,16,968.0,11.0,,,961.5
6815,955,22,952.0,23.0,947.0,7.0,970,37,973.0,20.0,978.0,11.0,962.5
6816,950,16,947.0,10.0,,,959,29,962.0,15.0,,,954.5
6817,945,24,941.0,16.0,,,956,24,960.0,22.0,,,950.5
6818,945,40,942.0,12.0,,,958,35,961.0,18.0,,,951.5
6819,944,15,939.0,11.0,,,952,33,957.0,26.0,,,948.0
6820,947,26,942.0,30.0,,,952,33,957.0,22.0,,,949.5
6821,943,37,939.0,12.0,,,954,38,958.0,12.0,,,948.5
6822,944,36,941.0,22.0,,,954,21,957.0,20.0,,,949.0
6823,945,40,943.0,12.0,,,961,19,963.0,25.0,,,953.0
6824,946,20,943.0,15.0,,,954,24,957.0,20.0,,,950.0
6825,950,32,943.0,28.0,940.0,20.0,961,34,968.0,30.0,971.0,20.0,955.5
6826,956,29,953.0,16.0,951.0,7.0,967,24,970.0,30.0,972.0,16.0,961.5
6827,953,26,950.0,18.0,,,971,24,974.0,13.0,,,962.0
6828,961,32,957.0,21.0,,,978,23,982.0,16.0,,,969.5
6829,959,28,955.0,18.0,,,967,24,971.0,16.0,,,963.0
6830,959,18,956.0,24.0,952.0,15.0,971,21,974.0,21.0,978.0,17.0,965.0
6831,956,34,953.0,30.0,950.0,13.0,967,21,970.0,16.0,973.0,14.0,961.5
6833,960,32,957.0,20.0,954.0,9.0,972,26,975.0,26.0,978.0,12.0,966.0
6834,964,21,961.0,10.0,,,971,25,974.0,21.0,,,967.5
6835,965,38,962.0,17.0,,,984,25,987.0,25.0,,,974.5
6836,970,40,966.0,11.0,,,982,18,986.0,23.0,,,976.0
6837,969,21,966.0,16.0,,,980,23,983.0,21.0,,,974.5
6838,963,27,960.0,14.0,,,977,24,980.0,10.0,,,970.0
6839,963,15,,,,,976,15,,,,,969.5
6840,969,35,966.0,10.0,963.0,12.0,982,24,985.0,30.0,988.0,16.0,975.5
6841,974,16,972.0,21.0,,,983,37,985.0,30.0,,,978.5
6842,966,28,964.0,21.0,960.0,10.0,975,18,977.0,29.0,981.0,7.0,970.5
6843,966,34,961.0,19.0,956.0,8.0,978,23,983.0,19.0,988.0,11.0,972.0
6845,958,29,953.0,25.0,,,972,35,977.0,10.0,,,965.0
6846,962,22,958.0,22.0,,,977,24,981.0,14.0,,,969.5
6847,951,18,947.0,18.0,,,967,29,971.0,19.0,,,959.0
6848,956,38,953.0,16.0,,,968,36,971.0,13.0,,,962.0
6849,961,37,,,,,975,32,,,,,968.0
6850,964,15,960.0,28.0,,,977,16,981.0,17.0,,,970.5
6851,963,29,959.0,22.0,956.0,20.0,977,31,981.0,17.0,984.0,20.0,970.0
6852,960,19,959.0,10.0,,,975,39,976.0,10.0,,,967.5
6853,957,34,954.0,19.0,951.0,9.0,973,20,976.0,10.0,979.0,13.0,965.0
6856,942,36,941.0,26.0,,,954,32,955.0,19.0,,,948.0
6855,939,31,936.0,17.0,,,953,37,956.0,22.0,,,946.0
6854,951,21,948.0,25.0,945.0,19.0,963,19,966.0,13.0,969.0,9.0,957.0
6857,944,18,940.0,25.0,,,955,37,959.0,26.0,,,949.5
6858,944,38,942.0,25.0,,,956,35,958.0,16.0,,,950.0
6859,948,25,944.0,24.0,,,961,28,965.0,30.0,,,954.5
6860,944,34,940.0,30.0,,,955,21,959.0,11.0,,,949.5
6861,947,32,944.0,15.0,,,957,33,960.0,12.0,,,952.0
6862,940,21,939.0,29.0,,,950,15,951.0,11.0,,,945.0
6863,946,30,944.0,21.0,,,956,25,958.0,23.0,,,951.0
6864,942,29,940.0,20.0,,,949,25,951.0,13.0,,,945.5
6865,942,16,939.0,30.0,,,949,40,952.0,15.0,,,945.5
6866,934,33,932.0,12.0,928.0,14.0,942,31,944.0,28.0,948.0,8.0,938.0
6867,938,19,933.0,19.0,,,951,25,956.0,18.0,,,944.5
6868,942,17,,,,,954,23,,,,,948.0
6869,945,25,941.0,18.0,,,955,23,959.0,13.0,,,950.0
6870,947,23,941.0,18.0,939.0,16.0,955,35,961.0,26.0,963.0,7.0,951.0
6871,942,34,940.0,21.0,,,953,30,955.0,22.0,,,947.5
6872,944,20,941.0,16.0,,,955,37,958.0,15.0,,,949.5
6873,945,31,941.0,15.0,,,952,22,956.0,18.0,,,948.5
6874,940,39,938.0,28.0,,,953,36,955.0,27.0,,,946.5
6875,938,26,936.0,16.0,,,954,30,956.0,13.0,,,946.0
6876,942,20,939.0,12.0,,,950,21,953.0,23.0,,,946.0
6877,935,15,931.0,15.0,,,951,23,955.0,10.0,,,943.0
6878,934,19,930.0,22.0,,,948,24,952.0,21.0,,,941.0
6879,941,40,938.0,10.0,,,950,16,953.0,21.0,,,945.5
6880,929,20,926.0,12.0,,,938,36,941.0,16.0,,,933.5
6881,916,37,913.0,20.0,,,924,27,927.0,25.0,,,920.0
6882,918,36,,,,,927,27,,,,,922.5
6883,924,39,921.0,17.0,,,933,20,936.0,16.0,,,928.5
6884,919,32,917.0,14.0,,,933,38,935.0,10.0,,,926.0
6886,922,35,920.0,13.0,,,932,15,934.0,12.0,,,927.0
6887,924,17,921.0,18.0,,,931,31,934.0,22.0,,,927.5
6888,930,28,928.0,15.0,925.0,11.0,942,21,944.0,11.0,947.0,9.0,936.0
6889,927,26,923.0,29.0,,,944,37,948.0,10.0,,,935.5
6890,921,40,917.0,14.0,,,934,15,938.0,24.0,,,927.5
6891,908,16,905.0,18.0,,,925,16,928.0,12.0,,,916.5
6892,915,15,913.0,18.0,,,927,26,929.0,18.0,,,921.0
6893,920,27,915.0,14.0,,,930,24,935.0,15.0,,,925.0
6894,914,28,911.0,25.0,,,927,20,930.0,15.0,,,920.5
6895,910,20,,,,,922,33,,,,,916.0
6896,920,37,918.0,23.0,,,932,30,934.0,20.0,,,926.0
6897,922,20,921.0,28.0,,,936,16,937.0,11.0,,,929.0
6898,922,31,919.0,24.0,,,936,16,939.0,21.0,,,929.0
6899,926,36,922.0,14.0,920.0,9.0,938,21,942.0,27.0,944.0,11.0,932.0
6900,921,34,918.0,19.0,914.0,9.0,933,28,936.0,24.0,940.0,16.0,927.0
6901,919,22,918.0,22.0,,,932,16,933.0,18.0,,,925.5
6902,920,30,917.0,12.0,,,935,36,938.0,22.0,,,927.5
6904,914,37,911.0,29.0,,,928,39,931.0,27.0,,,921.0
6903,918,37,915.0,19.0,,,924,26,927.0,24.0,,,921.0
6905,916,40,914.0,23.0,,,930,15,932.0,28.0,,,923.0
6906,920,18,915.0,12.0,,,934,37,939.0,17.0,,,927.0
6907,920,33,916.0,19.0,,,935,31,939.0,27.0,,,927.5
6908,918,32,916.0,14.0,,,929,22,931.0,22.0,,,923.5
6909,916,31,914.0,23.0,,,927,19,929.0,13.0,,,921.5
6910,924,22,920.0,21.0,,,938,24,942.0,15.0,,,931.0
6911,924,30,921.0,17.0,919.0,5.0,937,27,940.0,19.0,942.0,20.0,930.5
6912,927,18,924.0,20.0,,,938,27,941.0,25.0,,,932.5
6913,924,16,921.0,22.0,,,931,35,934.0,22.0,,,927.5
6914,923,38,919.0,17.0,,,942,20,946.0,16.0,,,932.5
6915,929,31,925.0,30.0,,,944,28,948.0,30.0,,,936.5
6916,932,36,929.0,10.0,,,942,40,945.0,17.0,,,937.0
6917,921,34,918.0,20.0,,,931,18,934.0,24.0,,,926.0
6918,917,33,914.0,21.0,,,930,32,933.0,17.0,,,923.5
6919,913,25,909.0,19.0,,,927,19,931.0,27.0,,,920.0
6920,914,35,913.0,26.0,,,930,21,931.0,17.0,,,922.0
6921,915,18,912.0,29.0,,,927,33,930.0,17.0,,,921.0
6922,920,36,919.0,19.0,,,932,30,933.0,10.0,,,926.0
6923,923,26,920.0,12.0,,,929,39,932.0,19.0,,,926.0
6924,915,23,911.0,10.0,,,927,40,931.0,11.0,,,921.0
6925,907,21,905.0,11.0,,,920,18,922.0,15.0,,,913.5
6926,901,28,898.0,18.0,,,916,25,919.0,20.0,,,908.5
6927,896,36,892.0,24.0,,,909,38,913.0,24.0,,,902.5
6928,890,26,888.0,12.0,,,904,36,906.0,10.0,,,897.0
6929,893,18,891.0,24.0,,,901,17,903.0,19.0,,,897.0
6930,888,19,,,,,896,24,,,,,892.0
6931,887,30,885.0,13.0,,,900,20,902.0,12.0,,,893.5
6932,886,19,885.0,25.0,883.0,11.0,901,28,902.0,11.0,904.0,8.0,893.5
6933,882,17,878.0,27.0,,,892,25,896.0,11.0,,,887.0
6934,876,24,874.0,16.0,,,891,29,893.0,25.0,,,883.5
6935,872,24,868.0,26.0,,,886,27,890.0,29.0,,,879.0
6936,866,17,864.0,23.0,,,885,38,887.0,29.0,,,875.5
6937,873,17,871.0,25.0,,,883,16,885.0,14.0,,,878.0
6938,870,32,866.0,27.0,863.0,5.0,883,24,887.0,17.0,890.0,17.0,876.5
6939,864,22,861.0,30.0,859.0,5.0,876,32,879.0,29.0,881.0,18.0,870.0
6940,867,40,864.0,29.0,,,877,40,880.0,14.0,,,872.0
6941,864,34,861.0,12.0,,,875,39,878.0,15.0,,,869.5
6942,862,31,,,,,875,15,,,,,868.5
6943,872,38,869.0,23.0,867.0,19.0,882,39,885.0,25.0,887.0,11.0,877.0
6944,871,29,867.0,10.0,,,885,23,889.0,19.0,,,878.0
6945,877,26,873.0,20.0,,,888,38,892.0,18.0,,,882.5
6946,886,26,882.0,16.0,,,893,24,897.0,11.0,,,889.5
6947,884,39,881.0,28.0,,,894,32,897.0,22.0,,,889.0
6948,881,21,879.0,23.0,,,895,39,897.0,20.0,,,888.0
6949,880,35,878.0,26.0,,,889,22,891.0,22.0,,,884.5
6950,879,23,876.0,14.0,,,891,28,894.0,18.0,,,885.0
6951,879,35,877.0,16.0,,,891,36,893.0,10.0,,,885.0
6952,879,39,876.0,11.0,,,888,25,891.0,10.0,,,883.5
6953,879,24,874.0,12.0,,,893,27,898.0,29.0,,,886.0
6954,877,22,874.0,18.0,,,891,15,894.0,21.0,,,884.0
6955,878,21,875.0,30.0,,,888,15,891.0,30.0,,,883.0
6956,888,34,885.0,24.0,,,896,22,899.0,13.0,,,892.0
6957,886,26,884.0,21.0,882.0,13.0,896,17,898.0,26.0,900.0,13.0,891.0
6958,887,31,,,,,899,38,,,,,893.0
6959,882,22,877.0,10.0,873.0,12.0,894,17,899.0,18.0,903.0,16.0,888.0
6960,869,16,865.0,11.0,,,888,16,892.0,18.0,,,878.5
6961,879,37,875.0,16.0,,,889,28,893.0,28.0,,,884.0
6962,878,34,875.0,27.0,873.0,7.0,891,22,894.0,20.0,896.0,7.0,884.5
6963,881,26,878.0,20.0,876.0,18.0,893,28,896.0,13.0,898.0,20.0,887.0
6964,888,40,884.0,27.0,,,900,15,904.0,12.0,,,894.0
6965,881,24,878.0,11.0,,,897,29,900.0,20.0,,,889.0
6966,889,24,,,,,899,22,,,,,894.0
6967,890,28,885.0,19.0,,,901,26,906.0,25.0,,,895.5
6968,895,18,892.0,25.0,,,903,16,906.0,24.0,,,899.0
6969,892,20,889.0,17.0,,,903,16,906.0,18.0,,,897.5
6970,889,15,887.0,28.0,,,901,36,903.0,22.0,,,895.0
6971,893,37,889.0,16.0,,,908,19,912.0,23.0,,,900.5
6972,888,29,885.0,18.0,,,899,19,902.0,25.0,,,893.5
6973,884,39,880.0,25.0,,,899,17,903.0,18.0,,,891.5
6974,882,26,879.0,27.0,,,888,38,891.0,12.0,,,885.0
6975,872,23,869.0,10.0,867.0,14.0,888,24,891.0,21.0,893.0,8.0,880.0
6976,875,27,872.0,23.0,,,885,29,888.0,26.0,,,880.0
6977,872,28,869.0,23.0,,,883,34,886.0,16.0,,,877.5
6978,875,15,871.0,15.0,868.0,10.0,883,30,887.0,14.0,890.0,13.0,879.0
6979,871,33,868.0,11.0,,,883,39,886.0,30.0,,,877.0
6980,866,30,862.0,16.0,860.0,14.0,880,20,884.0,10.0,886.0,12.0,873.0
6981,868,21,865.0,25.0,,,879,15,882.0,24.0,,,873.5
6982,869,20,867.0,11.0,,,885,37,887.0,22.0,,,877.0
6983,865,37,862.0,20.0,,,881,15,884.0,27.0,,,873.0
6984,869,38,865.0,14.0,,,877,22,881.0,28.0,,,873.0
6985,863,15,860.0,18.0,,,883,18,886.0,22.0,,,873.0
6986,871,33,870.0,11.0,867.0,17.0,881,21,882.0,16.0,885.0,8.0,876.0
6987,864,27,859.0,26.0,,,875,36,880.0,24.0,,,869.5
6988,859,35,856.0,25.0,,,877,16,880.0,13.0,,,868.0
6989,864,33,860.0,12.0,,,877,24,881.0,25.0,,,870.5
6990,867,26,,,,,877,34,,,,,872.0
6991,869,26,866.0,10.0,,,882,34,885.0,11.0,,,875.5
6992,876,19,872.0,18.0,,,889,21,893.0,14.0,,,882.5
6993,874,21,872.0,30.0,,,887,26,889.0,30.0,,,880.5
6994,880,32,878.0,17.0,,,890,38,892.0,19.0,,,885.0
6995,868,28,865.0,27.0,,,879,25,882.0,22.0,,,873.5
6996,860,23,856.0,22.0,,,875,24,879.0,17.0,,,867.5
6997,857,33,853.0,30.0,,,873,15,877.0,17.0,,,865.0
6998,856,33,854.0,11.0,852.0,13.0,868,24,870.0,18.0,872.0,9.0,862.0
6999,860,15,858.0,30.0,,,877,18,879.0,17.0,,,868.5
7000,859,28,856.0,16.0,,,870,32,873.0,16.0,,,864.5
7001,859,30,857.0,18.0,,,868,36,870.0,12.0,,,863.5
7002,856,24,853.0,15.0,851.0,10.0,868,37,871.0,29.0,873.0,20.0,862.0
7003,858,30,855.0,23.0,,,871,32,874.0,12.0,,,864.5
7004,854,19,851.0,24.0,,,865,20,868.0,18.0,,,859.5
7005,856,35,853.0,10.0,,,866,36,869.0,18.0,,,861.0
7006,856,38,854.0,13.0,,,866,15,868.0,23.0,,,861.0
7007,856,21,854.0,26.0,,,867,18,869.0,22.0,,,861.5
7008,859,23,856.0,14.0,,,866,38,869.0,27.0,,,862.5
7009,862,31,859.0,18.0,,,867,25,870.0,20.0,,,864.5
7010,854,36,851.0,29.0,,,873,38,876.0,22.0,,,863.5
7011,861,32,859.0,14.0,,,871,20,873.0,22.0,,,866.0
7012,863,36,858.0,14.0,,,877,36,882.0,21.0,,,870.0
7013,862,37,858.0,11.0,,,875,16,879.0,12.0,,,868.5
7014,863,33,860.0,13.0,,,875,16,878.0,20.0,,,869.0
7015,867,17,,,,,876,22,,,,,871.5
7016,865,26,861.0,18.0,,,877,40,881.0,23.0,,,871.0
7017,866,29,,,,,879,25,,,,,872.5
7018,865,21,863.0,24.0,858.0,13.0,876,33,878.0,21.0,883.0,5.0,870.5
7019,866,24,863.0,29.0,859.0,17.0,872,39,875.0,25.0,879.0,11.0,869.0
7021,861,23,857.0,17.0,,,876,30,880.0,10.0,,,868.5
7022,860,21,857.0,12.0,,,871,40,874.0,18.0,,,865.5
7023,863,15,859.0,29.0,,,870,40,874.0,19.0,,,866.5
7024,860,19,858.0,18.0,,,874,36,876.0,15.0,,,867.0
7025,863,32,859.0,29.0,,,873,20,877.0,24.0,,,868.0
7026,857,29,854.0,26.0,,,875,30,878.0,16.0,,,866.0
7027,864,40,861.0,18.0,,,876,24,879.0,17.0,,,870.0
7028,863,40,,,,,875,22,,,,,869.0
7029,868,17,864.0,21.0,,,879,18,883.0,17.0,,,873.5
7030,871,30,,,,,882,26,,,,,876.5
7031,871,22,868.0,12.0,,,878,34,881.0,24.0,,,874.5
7032,866,31,862.0,13.0,,,878,38,882.0,26.0,,,872.0
7033,868,16,864.0,13.0,,,882,20,886.0,27.0,,,875.0
7034,868,33,864.0,28.0,,,882,38,886.0,25.0,,,875.0
7035,875,17,871.0,16.0,,,888,28,892.0,16.0,,,881.5
7036,878,34,876.0,26.0,,,888,37,890.0,20.0,,,883.0
7037,881,37,879.0,13.0,,,892,31,894.0,18.0,,,886.5
7038,883,40,880.0,28.0,,,894,17,897.0,22.0,,,888.5
7039,887,17,883.0,25.0,,,893,24,897.0,29.0,,,890.0
7040,883,25,879.0,20.0,,,898,28,902.0,16.0,,,890.5
7041,888,39,886.0,25.0,,,898,24,900.0,19.0,,,893.0
7042,886,20,883.0,23.0,,,900,22,903.0,11.0,,,893.0
7043,883,21,879.0,17.0,,,892,39,896.0,16.0,,,887.5
7044,882,29,,,,,892,31,,,,,887.0
7045,884,15,881.0,15.0,,,893,16,896.0,12.0,,,888.5
7046,880,25,879.0,11.0,,,894,40,895.0,27.0,,,887.0
7047,878,38,877.0,28.0,,,890,18,891.0,29.0,,,884.0
7048,878,35,873.0,12.0,,,894,30,899.0,16.0,,,886.0
7049,883,32,880.0,14.0,877.0,7.0,893,30,896.0,29.0,899.0,20.0,888.0
7050,883,35,880.0,26.0,,,894,30,897.0,18.0,,,888.5
7051,881,36,879.0,29.0,877.0,14.0,894,36,896.0,11.0,898.0,12.0,887.5
7052,880,35,878.0,24.0,,,895,19,897.0,19.0,,,887.5
7053,880,34,879.0,17.0,,,893,29,894.0,18.0,,,886.5
7054,882,22,879.0,21.0,,,891,19,894.0,15.0,,,886.5
7055,875,26,872.0,14.0,,,893,40,896.0,13.0,,,884.0
7056,879,31,876.0,11.0,,,889,22,892.0,21.0,,,884.0
7057,877,29,875.0,25.0,,,887,23,889.0,24.0,,,882.0
7058,875,15,873.0,27.0,,,888,31,890.0,22.0,,,881.5
7059,876,19,872.0,13.0,,,888,17,892.0,25.0,,,882.0
7060,874,34,871.0,29.0,,,887,19,890.0,18.0,,,880.5
7061,873,22,872.0,25.0,,,882,16,883.0,22.0,,,877.5
7062,869,17,867.0,15.0,,,882,15,884.0,10.0,,,875.5
7063,872,26,870.0,11.0,,,888,33,890.0,15.0,,,880.0
7064,873,25,870.0,27.0,,,885,33,888.0,24.0,,,879.0
7065,874,15,872.0,13.0,,,885,34,887.0,10.0,,,879.5
7066,874,16,870.0,11.0,,,886,34,890.0,16.0,,,880.0
7067,873,21,869.0,24.0,,,886,20,890.0,10.0,,,879.5
7069,871,16,868.0,16.0,,,886,37,889.0,29.0,,,878.5
7070,872,25,870.0,13.0,,,881,39,883.0,11.0,,,876.5
7071,872,30,870.0,16.0,,,882,38,884.0,19.0,,,877.0
7072,870,29,867.0,23.0,,,882,39,885.0,28.0,,,876.0
7073,868,29,864.0,27.0,,,878,25,882.0,30.0,,,873.0
7074,863,35,861.0,26.0,,,873,34,875.0,16.0,,,868.0
7075,865,36,,,,,878,26,,,,,871.5
7076,868,29,866.0,22.0,,,880,18,882.0,22.0,,,874.0
7077,869,26,865.0,24.0,,,887,15,891.0,17.0,,,878.0
7078,872,19,869.0,11.0,,,886,36,889.0,13.0,,,879.0
7079,877,17,876.0,19.0,,,885,29,886.0,29.0,,,881.0
7080,873,39,872.0,27.0,867.0,6.0,887,17,888.0,22.0,893.0,8.0,880.0
7082,873,17,871.0,28.0,868.0,11.0,887,36,889.0,23.0,892.0,16.0,880.0
7083,874,19,871.0,16.0,,,887,28,890.0,21.0,,,880.5
7084,874,29,870.0,13.0,,,884,23,888.0,20.0,,,879.0
7085,873,17,868.0,18.0,864.0,13.0,887,15,892.0,12.0,896.0,5.0,880.0
7086,873,30,,,,,889,30,,,,,881.0
7087,872,24,867.0,10.0,,,888,31,893.0,19.0,,,880.0
7088,870,39,866.0,29.0,,,881,40,885.0,10.0,,,875.5
7089,872,27,868.0,19.0,,,881,20,885.0,11.0,,,876.5
7090,868,22,865.0,30.0,,,877,31,880.0,26.0,,,872.5
7091,866,24,864.0,25.0,,,880,30,882.0,21.0,,,873.0
7092,871,18,868.0,17.0,,,876,31,879.0,20.0,,,873.5
7093,865,25,862.0,20.0,,,876,34,879.0,20.0,,,870.5
7094,864,39,862.0,12.0,859.0,17.0,878,40,880.0,19.0,883.0,7.0,871.0
7095,865,40,863.0,29.0,,,876,40,878.0,11.0,,,870.5
7096,860,23,856.0,26.0,,,877,32,881.0,13.0,,,868.5
7097,866,26,863.0,16.0,,,875,26,878.0,18.0,,,870.5
7098,865,23,862.0,17.0,,,877,32,880.0,29.0,,,871.0
7099,867,40,862.0,15.0,,,874,27,879.0,12.0,,,870.5
7100,868,33,865.0,25.0,,,877,40,880.0,19.0,,,872.5
7101,863,38,859.0,22.0,,,883,38,887.0,22.0,,,873.0
7102,865,15,863.0,16.0,,,878,23,880.0,15.0,,,871.5
7103,869,18,865.0,13.0,,,874,21,878.0,19.0,,,871.5
7104,860,18,858.0,30.0,,,877,35,879.0,24.0,,,868.5
7105,864,25,861.0,27.0,858.0,6.0,878,31,881.0,23.0,884.0,18.0,871.0
7106,865,21,861.0,29.0,,,877,33,881.0,29.0,,,871.0
7107,866,26,865.0,28.0,,,879,22,880.0,26.0,,,872.5
7108,871,21,867.0,22.0,,,882,18,886.0,17.0,,,876.5
7109,872,19,870.0,20.0,,,888,33,890.0,20.0,,,880.0
7110,873,31,869.0,11.0,,,882,25,886.0,25.0,,,877.5
7111,872,22,870.0,10.0,,,885,35,887.0,30.0,,,878.5
7112,873,23,870.0,13.0,,,884,40,887.0,17.0,,,878.5
7113,874,33,872.0,16.0,,,885,30,887.0,13.0,,,879.5
7114,872,37,869.0,13.0,,,881,36,884.0,24.0,,,876.5
7115,876,18,874.0,23.0,,,887,29,889.0,26.0,,,881.5
7116,878,24,875.0,20.0,,,887,20,890.0,25.0,,,882.5
7117,880,39,877.0,27.0,,,890,16,893.0,18.0,,,885.0
7118,880,37,877.0,21.0,,,889,31,892.0,27.0,,,884.5
7119,879,20,877.0,30.0,,,891,40,893.0,16.0,,,885.0
7120,876,23,872.0,23.0,,,894,27,898.0,27.0,,,885.0
7121,882,17,878.0,14.0,,,894,28,898.0,26.0,,,888.0
7122,882,22,878.0,21.0,,,895,26,899.0,26.0,,,888.5
7123,887,17,884.0,18.0,,,897,29,900.0,30.0,,,892.0
7124,884,33,882.0,16.0,,,896,37,898.0,19.0,,,890.0
7125,882,23,879.0,24.0,,,890,17,893.0,28.0,,,886.0
7126,882,25,880.0,22.0,,,891,34,893.0,28.0,,,886.5
7127,880,22,876.0,12.0,873.0,15.0,891,15,895.0,17.0,898.0,10.0,885.5
7128,881,17,878.0,18.0,,,892,35,895.0,21.0,,,886.5
7129,879,16,874.0,30.0,,,891,17,896.0,11.0,,,885.0
7130,880,17,877.0,28.0,,,893,15,896.0,22.0,,,886.5
7131,876,17,,,,,890,28,,,,,883.0
7132,882,22,878.0,15.0,,,890,18,894.0,27.0,,,886.0
7133,880,35,875.0,20.0,,,887,27,892.0,21.0,,,883.5
7134,878,17,874.0,10.0,,,890,32,894.0,22.0,,,884.0
7135,878,15,,,,,895,24,,,,,886.5
7136,881,20,878.0,26.0,,,892,36,895.0,16.0,,,886.5
7137,879,26,876.0,27.0,,,896,24,899.0,25.0,,,887.5
7138,880,40,877.0,23.0,874.0,9.0,892,34,895.0,27.0,898.0,19.0,886.0
7139,875,19,872.0,17.0,,,895,28,898.0,14.0,,,885.0
7140,879,20,875.0,28.0,,,893,18,897.0,20.0,,,886.0
7141,882,36,878.0,15.0,,,896,36,900.0,18.0,,,889.0
7142,887,38,884.0,28.0,,,894,29,897.0,28.0,,,890.5
7143,883,39,881.0,12.0,,,897,20,899.0,14.0,,,890.0
7144,887,34,883.0,23.0,,,902,20,906.0,28.0,,,894.5
7145,887,40,883.0,29.0,,,902,24,906.0,29.0,,,894.5
7146,889,33,887.0,18.0,,,899,33,901.0,18.0,,,894.0
7147,888,37,886.0,11.0,,,896,38,898.0,16.0,,,892.0
7148,883,35,879.0,16.0,,,900,23,904.0,21.0,,,891.5
7149,885,35,881.0,12.0,,,902,34,906.0,24.0,,,893.5
7150,889,37,886.0,23.0,,,901,26,904.0,11.0,,,895.0
7151,889,15,886.0,30.0,,,903,38,906.0,20.0,,,896.0
7152,891,36,,,,,903,21,,,,,897.0
7153,893,35,889.0,11.0,,,905,29,909.0,24.0,,,899.0
7154,893,16,890.0,15.0,,,907,34,910.0,29.0,,,900.0
7155,891,38,,,,,902,38,,,,,896.5
7156,891,24,890.0,27.0,,,903,37,904.0,12.0,,,897.0
7157,892,15,889.0,21.0,,,903,33,906.0,13.0,,,897.5
7158,894,33,892.0,15.0,,,906,39,908.0,11.0,,,900.0
7160,893,17,890.0,15.0,,,902,33,905.0,28.0,,,897.5
7161,891,16,888.0,18.0,,,902,19,905.0,24.0,,,896.5
7162,890,30,887.0,30.0,,,904,36,907.0,27.0,,,897.0
7163,891,24,888.0,22.0,,,897,30,900.0,25.0,,,894.0
7164,888,16,885.0,23.0,,,897,15,900.0,12.0,,,892.5
7165,885,34,883.0,28.0,,,894,38,896.0,19.0,,,889.5
7166,882,38,878.0,18.0,,,897,22,901.0,10.0,,,889.5
7167,884,18,879.0,21.0,,,895,16,900.0,23.0,,,889.5
7168,881,36,877.0,12.0,,,892,18,896.0,12.0,,,886.5
7169,879,34,878.0,17.0,,,888,28,889.0,29.0,,,883.5
7170,874,26,872.0,28.0,,,889,32,891.0,19.0,,,881.5
7171,875,29,872.0,25.0,,,888,30,891.0,14.0,,,881.5
7172,879,28,875.0,23.0,,,886,36,890.0,17.0,,,882.5
7174,874,19,870.0,12.0,,,885,39,889.0,16.0,,,879.5
7173,874,30,873.0,19.0,,,887,15,888.0,28.0,,,880.5
7175,876,15,874.0,16.0,,,884,30,886.0,22.0,,,880.0
7176,876,22,872.0,23.0,,,887,22,891.0,11.0,,,881.5
7177,876,18,874.0,28.0,,,890,36,892.0,12.0,,,883.0
7178,882,29,879.0,17.0,,,891,39,894.0,13.0,,,886.5
7179,879,30,874.0,16.0,,,889,33,894.0,22.0,,,884.0
7180,878,31,874.0,27.0,,,888,22,892.0,21.0,,,883.0
7181,875,34,872.0,14.0,,,887,15,890.0,16.0,,,881.0
7183,870,29,865.0,18.0,,,886,16,891.0,30.0,,,878.0
7186,872,21,868.0,15.0,,,884,15,888.0,13.0,,,878.0
7184,873,33,871.0,15.0,,,882,16,884.0,11.0,,,877.5
7185,872,27,871.0,15.0,868.0,8.0,883,18,884.0,21.0,887.0,12.0,877.5
7182,878,38,873.0,18.0,,,885,32,890.0,10.0,,,881.5
7187,871,32,868.0,24.0,,,883,18,886.0,13.0,,,877.0
7188,874,34,870.0,18.0,,,881,29,885.0,30.0,,,877.5
7189,873,16,868.0,17.0,,,882,23,887.0,14.0,,,877.5
7190,863,38,861.0,25.0,,,877,25,879.0,30.0,,,870.0
7191,861,40,859.0,18.0,856.0,11.0,874,35,876.0,15.0,879.0,13.0,867.5
7192,858,33,855.0,20.0,,,875,16,878.0,25.0,,,866.5
7193,861,38,859.0,29.0,,,877,37,879.0,17.0,,,869.0
7194,864,39,863.0,24.0,,,874,19,875.0,26.0,,,869.0
7195,860,34,857.0,13.0,,,875,21,878.0,15.0,,,867.5
7196,861,25,858.0,25.0,,,875,19,878.0,10.0,,,868.0
7197,861,38,860.0,27.0,,,879,17,880.0,20.0,,,870.0
7198,865,38,862.0,28.0,,,875,37,878.0,24.0,,,870.0
7199,866,24,863.0,11.0,,,880,34,883.0,13.0,,,873.0
7200,870,36,867.0,20.0,864.0,8.0,879,23,882.0,19.0,885.0,16.0,874.5
7201,871,20,867.0,26.0,,,881,29,885.0,12.0,,,876.0
7202,875,35,872.0,13.0,,,883,35,886.0,30.0,,,879.0
7203,874,28,870.0,25.0,,,886,34,890.0,14.0,,,880.0
7204,871,40,869.0,28.0,,,887,15,889.0,12.0,,,879.0
7205,869,26,868.0,24.0,,,884,28,885.0,19.0,,,876.5
7206,867,21,864.0,12.0,,,880,22,883.0,27.0,,,873.5
7207,866,21,861.0,15.0,,,872,29,877.0,14.0,,,869.0
7210,864,16,862.0,14.0,858.0,13.0,879,30,881.0,21.0,885.0,6.0,871.5
7209,860,27,857.0,18.0,856.0,17.0,878,16,881.0,14.0,882.0,7.0,869.0
7208,861,21,858.0,29.0,,,877,26,880.0,28.0,,,869.0
7211,864,24,861.0,21.0,,,877,18,880.0,22.0,,,870.5
7212,859,35,856.0,17.0,,,874,25,877.0,15.0,,,866.5
7213,867,21,864.0,17.0,861.0,12.0,877,16,880.0,20.0,883.0,11.0,872.0
7214,862,32,860.0,29.0,,,873,38,875.0,10.0,,,867.5
7215,859,33,857.0,21.0,,,872,39,874.0,28.0,,,865.5
7216,858,18,854.0,26.0,,,871,19,875.0,20.0,,,864.5
7217,864,16,862.0,28.0,,,870,35,872.0,20.0,,,867.0
7218,857,21,,,,,869,21,,,,,863.0
7219,857,18,854.0,29.0,,,868,21,871.0,26.0,,,862.5
7221,854,22,850.0,10.0,,,870,24,874.0,20.0,,,862.0
7220,859,34,855.0,11.0,850.0,18.0,869,23,873.0,17.0,878.0,17.0,864.0
7222,854,29,851.0,16.0,,,864,20,867.0,30.0,,,859.0
7223,852,25,847.0,30.0,,,867,24,872.0,19.0,,,859.5
7224,851,29,846.0,29.0,,,868,18,873.0,24.0,,,859.5
7225,858,36,856.0,27.0,,,868,34,870.0,23.0,,,863.0
7226,862,35,858.0,13.0,855.0,16.0,875,36,879.0,16.0,882.0,5.0,868.5
7227,862,36,858.0,11.0,,,875,36,879.0,26.0,,,868.5
7228,863,38,860.0,29.0,,,871,34,874.0,30.0,,,867.0
7229,861,30,858.0,24.0,857.0,7.0,872,40,875.0,24.0,876.0,18.0,866.5
7230,861,17,858.0,20.0,,,875,30,878.0,17.0,,,868.0
7231,858,18,,,,,874,19,,,,,866.0
7232,857,40,855.0,28.0,,,873,24,875.0,14.0,,,865.0
7233,856,15,852.0,15.0,,,872,19,876.0,15.0,,,864.0
7234,857,23,855.0,23.0,,,871,34,873.0,29.0,,,864.0
7235,859,29,,,,,867,32,,,,,863.0
7236,852,40,848.0,20.0,844.0,13.0,871,35,875.0,30.0,879.0,14.0,861.5
7237,855,22,,,,,873,34,,,,,864.0
7238,861,33,859.0,19.0,,,869,22,871.0,21.0,,,865.0
7239,865,25,863.0,21.0,,,873,31,875.0,17.0,,,869.0
7240,865,28,862.0,27.0,,,877,36,880.0,14.0,,,871.0
7241,869,24,867.0,20.0,,,878,18,880.0,14.0,,,873.5
7242,870,33,868.0,27.0,,,878,20,880.0,20.0,,,874.0
7243,866,29,864.0,12.0,,,880,40,882.0,26.0,,,873.0
7244,864,36,863.0,16.0,,,880,38,881.0,23.0,,,872.0
7245,865,19,860.0,24.0,,,878,36,883.0,17.0,,,871.5
7246,867,22,865.0,16.0,,,876,28,878.0,18.0,,,871.5
7247,864,37,,,,,877,40,,,,,870.5
7248,862,32,859.0,17.0,,,879,36,882.0,22.0,,,870.5
7249,866,34,863.0,14.0,,,883,35,886.0,10.0,,,874.5
7250,869,28,866.0,26.0,,,877,18,880.0,11.0,,,873.0
7251,870,20,866.0,21.0,,,877,26,881.0,23.0,,,873.5
7252,865,24,862.0,20.0,,,883,21,886.0,26.0,,,874.0
7253,872,32,868.0,11.0,,,879,23,883.0,18.0,,,875.5
7254,870,15,867.0,24.0,,,881,24,884.0,28.0,,,875.5
7255,872,30,870.0,27.0,,,886,31,888.0,21.0,,,879.0
7256,873,16,869.0,28.0,,,887,26,891.0,12.0,,,880.0
7257,877,24,874.0,12.0,,,888,15,891.0,15.0,,,882.5
7260,880,38,878.0,12.0,,,891,23,893.0,19.0,,,885.5
7259,881,38,876.0,28.0,,,890,27,895.0,12.0,,,885.5
7258,880,22,877.0,23.0,,,891,21,894.0,25.0,,,885.5
7261,879,36,876.0,20.0,,,891,15,894.0,10.0,,,885.0
7262,875,26,872.0,19.0,,,894,21,897.0,24.0,,,884.5
7263,878,24,874.0,16.0,,,886,32,890.0,30.0,,,882.0
7264,877,19,875.0,28.0,,,888,39,890.0,28.0,,,882.5
7265,873,23,869.0,26.0,,,890,37,894.0,23.0,,,881.5
7266,877,29,875.0,19.0,,,887,27,889.0,24.0,,,882.0
7267,873,25,868.0,10.0,,,887,17,892.0,26.0,,,880.0
7268,874,28,,,,,883,35,,,,,878.5
7269,877,30,872.0,16.0,,,885,37,890.0,29.0,,,881.0
7270,874,16,870.0,29.0,,,885,20,889.0,26.0,,,879.5
7271,874,33,871.0,26.0,,,884,35,887.0,29.0,,,879.0
7272,873,23,870.0,22.0,,,885,15,888.0,22.0,,,879.0
7273,876,20,873.0,13.0,,,886,20,889.0,29.0,,,881.0
7274,873,18,870.0,30.0,,,886,15,889.0,30.0,,,879.5
7275,873,16,871.0,12.0,,,884,28,886.0,24.0,,,878.5
7276,871,33,869.0,18.0,,,879,24,881.0,26.0,,,875.0
7277,872,33,,,,,881,34,,,,,876.5
7278,866,35,863.0,13.0,,,882,30,885.0,28.0,,,874.0
7279,865,25,862.0,17.0,,,876,40,879.0,20.0,,,870.5
7280,866,40,863.0,26.0,,,878,37,881.0,28.0,,,872.0
7282,864,35,860.0,30.0,,,875,21,879.0,28.0,,,869.5
7283,862,34,860.0,12.0,,,877,36,879.0,16.0,,,869.5
7284,862,29,860.0,28.0,,,871,30,873.0,19.0,,,866.5
7285,860,20,858.0,24.0,,,864,17,866.0,18.0,,,862.0
7286,856,17,853.0,13.0,,,870,20,873.0,15.0,,,863.0
7287,853,21,850.0,29.0,,,866,18,869.0,19.0,,,859.5
7288,854,35,851.0,14.0,,,866,31,869.0,22.0,,,860.0
7289,855,24,853.0,10.0,,,868,31,870.0,14.0,,,861.5
7290,859,36,858.0,14.0,,,866,39,867.0,28.0,,,862.5
7291,855,39,851.0,26.0,,,864,19,868.0,26.0,,,859.5
7292,853,23,849.0,30.0,,,864,36,868.0,23.0,,,858.5
7293,852,19,849.0,25.0,,,862,15,865.0,26.0,,,857.0
7294,856,21,854.0,15.0,,,862,27,864.0,12.0,,,859.0
7295,854,19,850.0,10.0,,,866,24,870.0,21.0,,,860.0
7296,857,26,852.0,18.0,,,864,22,869.0,10.0,,,860.5
7297,857,34,854.0,18.0,,,867,34,870.0,20.0,,,862.0
7298,859,19,855.0,21.0,,,869,29,873.0,20.0,,,864.0
7299,858,38,854.0,13.0,,,871,26,875.0,16.0,,,864.5
7300,856,30,,,,,872,33,,,,,864.0
7301,853,33,848.0,18.0,,,870,26,875.0,11.0,,,861.5
7302,859,28,855.0,15.0,,,865,28,869.0,10.0,,,862.0
7303,859,34,857.0,30.0,,,870,20,872.0,12.0,,,864.5
7304,852,33,848.0,19.0,,,869,33,873.0,13.0,,,860.5
7305,855,30,851.0,24.0,,,867,29,871.0,25.0,,,861.0
7306,848,22,845.0,19.0,,,863,39,866.0,17.0,,,855.5
7307,845,34,843.0,16.0,,,860,30,862.0,20.0,,,852.5
7312,856,22,853.0,28.0,,,867,21,870.0,29.0,,,861.5
7309,850,28,846.0,29.0,,,860,38,864.0,23.0,,,855.0
7310,848,22,845.0,22.0,,,862,37,865.0,22.0,,,855.0
7311,854,24,851.0,19.0,,,869,37,872.0,22.0,,,861.5
7308,845,37,842.0,24.0,,,860,20,863.0,26.0,,,852.5
7313,852,27,,,,,869,24,,,,,860.5
7314,854,33,852.0,28.0,850.0,20.0,869,20,871.0,25.0,873.0,6.0,861.5
7315,861,36,859.0,17.0,,,876,18,878.0,21.0,,,868.5
7316,862,29,858.0,19.0,,,876,25,880.0,18.0,,,869.0
7317,860,23,857.0,21.0,,,872,38,875.0,22.0,,,866.0
7318,860,18,856.0,14.0,,,872,24,876.0,16.0,,,866.0
7319,863,35,861.0,20.0,,,871,28,873.0,16.0,,,867.0
7320,865,24,860.0,30.0,,,874,18,879.0,18.0,,,869.5
7321,859,18,855.0,27.0,,,872,20,876.0,21.0,,,865.5
7322,854,20,849.0,23.0,,,870,21,875.0,27.0,,,862.0
7323,858,17,855.0,25.0,,,869,15,872.0,30.0,,,863.5
7324,857,33,855.0,25.0,,,872,37,874.0,29.0,,,864.5
7325,854,15,,,,,870,23,,,,,862.0
7330,863,34,859.0,10.0,854.0,16.0,877,38,881.0,26.0,886.0,9.0,870.0
7327,861,38,858.0,25.0,,,869,22,872.0,27.0,,,865.0
7328,860,29,858.0,16.0,,,871,19,873.0,12.0,,,865.5
7329,857,28,854.0,14.0,,,874,32,877.0,10.0,,,865.5
7326,861,24,858.0,15.0,,,868,37,871.0,21.0,,,864.5
7331,859,32,856.0,29.0,,,876,30,879.0,13.0,,,867.5
7332,864,40,860.0,11.0,,,878,30,882.0,14.0,,,871.0
7333,867,19,863.0,21.0,,,881,30,885.0,30.0,,,874.0
7334,869,30,865.0,21.0,,,884,18,888.0,13.0,,,876.5
7335,867,22,864.0,12.0,,,880,33,883.0,29.0,,,873.5
7336,869,35,864.0,22.0,861.0,13.0,880,22,885.0,17.0,888.0,7.0,874.5
7337,869,29,864.0,10.0,,,879,22,884.0,10.0,,,874.0
7338,868,31,,,,,883,26,,,,,875.5
7339,870,17,868.0,19.0,,,882,23,884.0,28.0,,,876.0
7340,871,16,867.0,12.0,,,882,35,886.0,22.0,,,876.5
7341,871,32,868.0,30.0,,,880,35,883.0,29.0,,,875.5
7342,868,16,,,,,884,24,,,,,876.0
7343,866,40,864.0,25.0,,,885,32,887.0,26.0,,,875.5
7344,865,37,861.0,24.0,,,879,17,883.0,13.0,,,872.0
7345,864,27,861.0,25.0,,,880,40,883.0,22.0,,,872.0
7346,869,18,866.0,17.0,,,881,28,884.0,20.0,,,875.0
7347,868,15,,,,,879,35,,,,,873.5
7348,867,28,863.0,23.0,,,878,22,882.0,14.0,,,872.5
7349,871,30,870.0,21.0,,,879,19,880.0,24.0,,,875.0
7350,865,37,861.0,22.0,,,874,15,878.0,10.0,,,869.5
7351,864,21,860.0,11.0,,,876,39,880.0,26.0,,,870.0
7352,867,24,864.0,19.0,,,881,17,884.0,15.0,,,874.0
7353,870,34,865.0,19.0,,,881,30,886.0,10.0,,,875.5
7354,868,29,865.0,14.0,862.0,17.0,881,22,884.0,25.0,887.0,12.0,874.5
7355,871,27,869.0,25.0,,,878,22,880.0,23.0,,,874.5
7356,863,30,861.0,15.0,,,880,29,882.0,19.0,,,871.5
7357,867,32,864.0,26.0,,,876,38,879.0,27.0,,,871.5
7358,866,40,,,,,874,16,,,,,870.0
7359,865,37,861.0,15.0,,,869,21,873.0,10.0,,,867.0
7360,863,16,859.0,12.0,,,873,39,877.0,26.0,,,868.0
7361,860,25,858.0,14.0,,,871,17,873.0,24.0,,,865.5
7362,861,32,857.0,24.0,,,872,30,876.0,16.0,,,866.5
7363,862,34,858.0,28.0,,,875,21,879.0,28.0,,,868.5
7364,862,30,859.0,30.0,,,877,31,880.0,10.0,,,869.5
7365,862,19,857.0,29.0,855.0,6.0,873,33,878.0,16.0,880.0,12.0,867.5
7366,864,18,861.0,14.0,,,875,39,878.0,25.0,,,869.5
7367,859,20,855.0,23.0,,,876,27,880.0,10.0,,,867.5
7371,859,21,857.0,29.0,,,879,23,881.0,11.0,,,869.0
7369,862,18,858.0,21.0,,,879,19,883.0,27.0,,,870.5
7370,862,17,858.0,24.0,,,874,22,878.0,28.0,,,868.0
7368,863,30,860.0,25.0,,,872,38,875.0,10.0,,,867.5
7372,857,27,854.0,11.0,,,872,25,875.0,22.0,,,864.5
7373,860,21,858.0,17.0,,,874,18,876.0,14.0,,,867.0
7374,860,23,857.0,26.0,,,872,34,875.0,18.0,,,866.0
7375,859,39,856.0,19.0,,,874,37,877.0,24.0,,,866.5
7376,862,20,861.0,10.0,,,876,34,877.0,21.0,,,869.0
7377,865,15,862.0,13.0,,,880,26,883.0,23.0,,,872.5
7378,862,34,859.0,11.0,857.0,14.0,878,34,881.0,30.0,883.0,5.0,870.0
7379,867,36,864.0,28.0,,,876,32,879.0,17.0,,,871.5
7380,866,28,864.0,30.0,,,877,15,879.0,18.0,,,871.5
7382,865,29,863.0,11.0,,,878,29,880.0,28.0,,,871.5
7383,872,26,868.0,27.0,,,879,28,883.0,25.0,,,875.5
7384,871,26,869.0,12.0,,,880,31,882.0,17.0,,,875.5
7385,866,36,862.0,18.0,858.0,6.0,883,37,887.0,18.0,891.0,13.0,874.5
7386,866,18,,,,,881,21,,,,,873.5
7387,866,31,863.0,26.0,,,882,28,885.0,16.0,,,874.0
7388,867,20,863.0,11.0,,,875,40,879.0,13.0,,,871.0
7389,863,32,,,,,876,22,,,,,869.5
7390,857,38,853.0,27.0,,,875,26,879.0,21.0,,,866.0
7391,860,31,,,,,874,23,,,,,867.0
7392,861,37,857.0,28.0,,,871,27,875.0,26.0,,,866.0
7393,861,37,858.0,25.0,,,872,30,875.0,18.0,,,866.5
7394,861,15,860.0,26.0,,,870,28,871.0,26.0,,,865.5
7395,857,40,855.0,19.0,,,867,34,869.0,17.0,,,862.0
7396,852,33,851.0,30.0,,,865,35,866.0,12.0,,,858.5
7397,850,34,847.0,24.0,,,866,29,869.0,29.0,,,858.0
7398,852,37,849.0,24.0,,,862,16,865.0,24.0,,,857.0
7399,854,25,851.0,23.0,,,862,37,865.0,10.0,,,858.0
7404,853,39,850.0,19.0,,,864,31,867.0,23.0,,,858.5
7401,856,20,853.0,17.0,,,868,36,871.0,10.0,,,862.0
7402,856,17,854.0,16.0,851.0,19.0,868,26,870.0,17.0,873.0,10.0,862.0
7400,856,29,854.0,12.0,,,864,26,866.0,27.0,,,860.0
7403,853,24,,,,,871,30,,,,,862.0
7405,848,38,845.0,11.0,,,862,34,865.0,10.0,,,855.0
7406,848,39,847.0,30.0,,,863,21,864.0,24.0,,,855.5
7407,852,35,,,,,865,25,,,,,858.5
7408,852,27,849.0,15.0,,,863,18,866.0,28.0,,,857.5
7410,856,33,853.0,19.0,,,866,37,869.0,15.0,,,861.0
7411,857,29,856.0,24.0,,,865,37,866.0,26.0,,,861.0
7412,855,19,853.0,20.0,,,868,39,870.0,27.0,,,861.5
7413,855,15,852.0,26.0,,,868,35,871.0,12.0,,,861.5
7414,855,16,852.0,30.0,,,866,18,869.0,24.0,,,860.5
7415,858,33,855.0,13.0,,,868,19,871.0,30.0,,,863.0
7416,860,38,857.0,30.0,,,868,23,871.0,22.0,,,864.0
7417,857,21,854.0,10.0,,,868,16,871.0,19.0,,,862.5
7418,860,19,857.0,30.0,854.0,18.0,870,18,873.0,27.0,876.0,18.0,865.0
7419,860,25,858.0,13.0,,,871,30,873.0,10.0,,,865.5
7420,864,28,863.0,17.0,,,873,24,874.0,28.0,,,868.5
7421,862,18,860.0,12.0,,,880,38,882.0,10.0,,,871.0
7422,864,17,861.0,11.0,,,882,32,885.0,16.0,,,873.0
7423,866,19,863.0,29.0,,,878,25,881.0,24.0,,,872.0
7424,865,28,861.0,10.0,,,876,39,880.0,20.0,,,870.5
7425,867,37,865.0,11.0,,,882,34,884.0,10.0,,,874.5
7426,864,17,861.0,15.0,,,879,34,882.0,28.0,,,871.5
7427,868,31,865.0,17.0,,,881,32,884.0,16.0,,,874.5
7428,874,38,870.0,20.0,,,881,32,885.0,20.0,,,877.5
7432,872,38,869.0,25.0,,,877,15,880.0,19.0,,,874.5
7430,869,19,867.0,19.0,,,884,15,886.0,20.0,,,876.5
7431,871,21,869.0,30.0,,,882,35,884.0,25.0,,,876.5
7429,871,25,,,,,884,38,,,,,877.5
7433,867,29,864.0,17.0,,,883,33,886.0,27.0,,,875.0
7434,863,26,861.0,20.0,858.0,6.0,882,25,884.0,17.0,887.0,13.0,872.5
7435,867,21,864.0,29.0,,,879,17,882.0,27.0,,,873.0
7436,863,30,861.0,29.0,,,877,27,879.0,13.0,,,870.0
7437,867,36,865.0,10.0,,,882,25,884.0,18.0,,,874.5
7438,865,18,863.0,12.0,,,875,32,877.0,15.0,,,870.0
7439,867,36,863.0,30.0,,,881,36,885.0,28.0,,,874.0
7440,868,15,866.0,14.0,863.0,18.0,879,26,881.0,16.0,884.0,8.0,873.5
7441,863,38,860.0,25.0,,,879,27,882.0,30.0,,,871.0
7442,867,32,863.0,26.0,,,876,19,880.0,23.0,,,871.5
7443,866,39,861.0,16.0,,,874,20,879.0,24.0,,,870.0
7446,857,23,852.0,27.0,,,872,34,877.0,12.0,,,864.5
7445,860,19,857.0,22.0,,,869,15,872.0,10.0,,,864.5
7444,857,25,852.0,18.0,,,875,27,880.0,17.0,,,866.0
7447,858,37,855.0,11.0,,,866,24,869.0,11.0,,,862.0
7448,857,35,854.0,13.0,,,866,39,869.0,30.0,,,861.5
7449,853,30,851.0,20.0,848.0,9.0,866,26,868.0,27.0,871.0,19.0,859.5
7450,854,23,851.0,29.0,,,869,18,872.0,27.0,,,861.5
7451,855,15,852.0,20.0,,,872,18,875.0,16.0,,,863.5
7452,854,17,850.0,24.0,,,867,15,871.0,15.0,,,860.5
7453,854,35,849.0,20.0,,,873,16,878.0,12.0,,,863.5
7454,855,37,853.0,15.0,,,868,37,870.0,17.0,,,861.5
7455,855,37,852.0,18.0,,,866,28,869.0,19.0,,,860.5
7456,854,32,851.0,28.0,,,864,29,867.0,13.0,,,859.0
7457,851,16,848.0,27.0,845.0,16.0,859,36,862.0,24.0,865.0,11.0,855.0
7458,851,34,,,,,863,23,,,,,857.0
7459,853,16,849.0,17.0,,,865,17,869.0,19.0,,,859.0
7462,851,37,847.0,15.0,,,860,30,864.0,23.0,,,855.5
7461,853,31,,,,,862,19,,,,,857.5
7460,852,24,848.0,11.0,,,862,20,866.0,29.0,,,857.0
7463,850,34,845.0,10.0,,,862,16,867.0,29.0,,,856.0
7464,850,39,846.0,19.0,,,864,31,868.0,11.0,,,857.0
7465,848,35,845.0,21.0,,,859,24,862.0,14.0,,,853.5
7466,846,23,842.0,17.0,,,859,24,863.0,22.0,,,852.5
7467,847,19,845.0,14.0,,,859,25,861.0,26.0,,,853.0
7468,847,16,845.0,26.0,,,859,25,861.0,14.0,,,853.0
7469,850,17,849.0,19.0,,,862,20,863.0,14.0,,,856.0
7470,847,23,844.0,12.0,,,861,21,864.0,25.0,,,854.0
7471,849,34,847.0,15.0,,,859,28,861.0,10.0,,,854.0
7472,844,36,840.0,23.0,,,861,40,865.0,15.0,,,852.5
7473,847,19,843.0,30.0,,,858,23,862.0,10.0,,,852.5
7478,847,22,842.0,26.0,,,857,22,862.0,21.0,,,852.0
7475,843,19,840.0,10.0,,,860,35,863.0,19.0,,,851.5
7476,849,39,846.0,12.0,,,860,34,863.0,14.0,,,854.5
7477,845,29,843.0,10.0,,,865,34,867.0,13.0,,,855.0
7474,847,38,843.0,17.0,,,860,34,864.0,15.0,,,853.5
7479,847,22,843.0,14.0,,,858,21,862.0,20.0,,,852.5
7480,843,29,840.0,19.0,836.0,10.0,857,23,860.0,10.0,864.0,20.0,850.0
7481,842,37,841.0,26.0,,,855,24,856.0,18.0,,,848.5
7482,841,20,839.0,12.0,,,856,29,858.0,18.0,,,848.5
7483,843,37,,,,,855,31,,,,,849.0
7484,846,28,843.0,12.0,,,858,25,861.0,30.0,,,852.0
7485,844,40,839.0,10.0,,,855,24,860.0,25.0,,,849.5
7486,845,24,841.0,20.0,,,853,21,857.0,11.0,,,849.0
7488,840,35,837.0,20.0,,,852,16,855.0,12.0,,,846.0
7489,844,30,842.0,15.0,,,852,39,854.0,19.0,,,848.0
7490,842,33,839.0,26.0,,,857,38,860.0,17.0,,,849.5
7491,840,18,837.0,21.0,,,854,17,857.0,30.0,,,847.0
7492,838,18,835.0,24.0,,,851,21,854.0,25.0,,,844.5
7493,838,21,836.0,10.0,,,849,20,851.0,21.0,,,843.5
7494,837,38,835.0,30.0,,,845,22,847.0,30.0,,,841.0
7495,839,24,835.0,20.0,,,848,35,852.0,13.0,,,843.5
7496,837,19,835.0,19.0,,,848,35,850.0,19.0,,,842.5
7497,836,37,831.0,15.0,,,848,40,853.0,13.0,,,842.0
7498,830,39,827.0,24.0,,,845,37,848.0,14.0,,,837.5
7499,832,33,829.0,27.0,,,850,23,853.0,26.0,,,841.0
7500,840,16,837.0,29.0,,,853,28,856.0,15.0,,,846.5
7501,839,21,,,,,852,36,,,,,845.5
7502,845,21,841.0,29.0,,,856,26,860.0,17.0,,,850.5
7503,847,16,843.0,15.0,,,858,38,862.0,25.0,,,852.5
7504,845,38,844.0,22.0,,,856,38,857.0,12.0,,,850.5
7505,842,28,838.0,17.0,,,860,26,864.0,20.0,,,851.0
7506,846,36,841.0,27.0,,,857,21,862.0,20.0,,,851.5
7507,849,32,846.0,20.0,,,858,38,861.0,18.0,,,853.5
7508,847,17,844.0,18.0,,,862,39,865.0,26.0,,,854.5
7509,850,35,845.0,23.0,,,861,36,866.0,20.0,,,855.5
7510,852,36,851.0,16.0,,,865,20,866.0,14.0,,,858.5
7511,852,21,849.0,16.0,,,863,31,866.0,21.0,,,857.5
7512,846,29,844.0,20.0,,,858,32,860.0,21.0,,,852.0
7513,842,35,839.0,30.0,,,854,22,857.0,26.0,,,848.0
7514,852,24,848.0,26.0,,,859,29,863.0,23.0,,,855.5
7515,851,20,849.0,29.0,,,862,30,864.0,22.0,,,856.5
7516,852,39,849.0,24.0,,,866,34,869.0,25.0,,,859.0
7517,860,26,856.0,25.0,,,868,33,872.0,10.0,,,864.0
7518,861,29,858.0,18.0,,,871,36,874.0,28.0,,,866.0
7519,858,17,857.0,28.0,,,869,31,870.0,18.0,,,863.5
7520,862,19,859.0,15.0,,,874,25,877.0,30.0,,,868.0
7521,864,20,861.0,20.0,,,877,19,880.0,10.0,,,870.5
7522,863,24,859.0,26.0,,,875,40,879.0,17.0,,,869.0
7523,865,36,862.0,21.0,,,878,18,881.0,17.0,,,871.5
7524,869,31,866.0,10.0,,,877,32,880.0,14.0,,,873.0
7525,869,16,867.0,14.0,,,886,38,888.0,20.0,,,877.5
7526,871,15,868.0,21.0,,,882,36,885.0,28.0,,,876.5
7527,874,23,869.0,11.0,,,890,37,895.0,14.0,,,882.0
7528,879,22,875.0,28.0,,,888,15,892.0,14.0,,,883.5
7529,868,36,867.0,23.0,,,880,20,881.0,15.0,,,874.0
7530,864,25,861.0,23.0,,,878,27,881.0,19.0,,,871.0
7531,864,31,861.0,21.0,,,876,15,879.0,21.0,,,870.0
7532,869,16,866.0,12.0,,,883,18,886.0,23.0,,,876.0
7533,878,26,875.0,30.0,,,889,24,892.0,29.0,,,883.5
7534,868,26,864.0,23.0,,,884,24,888.0,12.0,,,876.0
7535,875,20,873.0,22.0,,,885,36,887.0,23.0,,,880.0
7536,868,34,866.0,29.0,,,877,26,879.0,23.0,,,872.5
7537,872,26,869.0,15.0,,,886,25,889.0,22.0,,,879.0
7538,881,29,878.0,18.0,,,884,27,887.0,18.0,,,882.5
7539,869,29,866.0,20.0,,,882,38,885.0,28.0,,,875.5
7540,873,29,868.0,23.0,,,882,27,887.0,15.0,,,877.5
7541,869,25,866.0,29.0,,,881,32,884.0,10.0,,,875.0
7542,870,39,866.0,10.0,863.0,12.0,884,18,888.0,10.0,891.0,20.0,877.0
7543,876,30,871.0,15.0,,,885,19,890.0,27.0,,,880.5
7544,879,35,,,,,891,16,,,,,885.0
7545,878,30,874.0,24.0,872.0,5.0,888,30,892.0,24.0,894.0,15.0,883.0
7546,873,32,869.0,25.0,,,882,27,886.0,15.0,,,877.5
7547,868,23,866.0,11.0,,,881,33,883.0,30.0,,,874.5
7548,868,18,867.0,27.0,,,879,33,880.0,21.0,,,873.5
7549,873,25,870.0,24.0,,,881,33,884.0,24.0,,,877.0
7550,871,25,870.0,10.0,,,882,31,883.0,12.0,,,876.5
7551,871,15,866.0,28.0,,,881,33,886.0,22.0,,,876.0
7552,867,31,863.0,24.0,,,887,18,891.0,26.0,,,877.0
7553,874,27,871.0,27.0,,,885,39,888.0,21.0,,,879.5
7554,879,31,874.0,19.0,,,891,24,896.0,30.0,,,885.0
7555,885,18,882.0,19.0,,,896,26,899.0,27.0,,,890.5
7556,886,39,884.0,20.0,,,896,37,898.0,30.0,,,891.0
7557,889,24,885.0,21.0,,,894,23,898.0,25.0,,,891.5
7558,891,24,888.0,25.0,,,901,23,904.0,22.0,,,896.0
7559,883,39,879.0,26.0,,,901,32,905.0,18.0,,,892.0
7560,894,26,890.0,17.0,,,902,37,906.0,23.0,,,898.0
7561,891,36,887.0,19.0,,,903,25,907.0,27.0,,,897.0
7562,888,40,886.0,11.0,,,898,34,900.0,26.0,,,893.0
7563,879,32,876.0,30.0,,,892,20,895.0,24.0,,,885.5
7564,876,26,872.0,23.0,,,887,25,891.0,29.0,,,881.5
7565,875,29,871.0,17.0,,,888,31,892.0,25.0,,,881.5
7566,877,34,874.0,11.0,,,889,20,892.0,14.0,,,883.0
7567,876,23,873.0,28.0,,,889,32,892.0,22.0,,,882.5
7568,878,27,875.0,14.0,,,892,21,895.0,11.0,,,885.0
7570,889,39,886.0,19.0,,,897,16,900.0,11.0,,,893.0
7571,883,40,879.0,25.0,,,894,21,898.0,14.0,,,888.5
7572,878,38,874.0,23.0,,,893,17,897.0,21.0,,,885.5
7573,880,16,,,,,889,36,,,,,884.5
7574,878,20,,,,,892,32,,,,,885.0
7575,880,28,879.0,27.0,,,890,18,891.0,28.0,,,885.0
7576,877,27,875.0,15.0,,,888,22,890.0,22.0,,,882.5
7577,878,36,875.0,15.0,,,888,37,891.0,26.0,,,883.0
7578,882,36,879.0,25.0,,,894,17,897.0,30.0,,,888.0
7579,881,25,,,,,895,28,,,,,888.0
7580,878,16,876.0,27.0,,,891,29,893.0,12.0,,,884.5
7581,872,29,868.0,14.0,,,887,30,891.0,19.0,,,879.5
7582,872,18,868.0,17.0,,,885,19,889.0,14.0,,,878.5
7583,868,16,865.0,22.0,,,879,31,882.0,23.0,,,873.5
7584,869,34,,,,,879,37,,,,,874.0
7585,866,21,863.0,12.0,860.0,11.0,883,21,886.0,19.0,889.0,7.0,874.5
7586,868,39,866.0,22.0,,,879,23,881.0,20.0,,,873.5
7587,861,39,859.0,11.0,,,871,36,873.0,29.0,,,866.0
7588,854,18,852.0,16.0,,,867,28,869.0,25.0,,,860.5
7589,858,25,854.0,23.0,,,871,28,875.0,30.0,,,864.5
7590,860,26,857.0,25.0,,,869,37,872.0,13.0,,,864.5
7591,851,17,848.0,11.0,,,866,38,869.0,16.0,,,858.5
7592,847,32,845.0,22.0,,,860,25,862.0,17.0,,,853.5
7593,843,19,841.0,19.0,,,852,15,854.0,20.0,,,847.5
7594,843,23,,,,,853,15,,,,,848.0
7595,847,18,844.0,20.0,,,863,23,866.0,27.0,,,855.0
7596,847,27,844.0,25.0,,,862,22,865.0,17.0,,,854.5
7597,844,26,843.0,29.0,,,857,40,858.0,12.0,,,850.5
7598,846,15,842.0,21.0,,,859,20,863.0,10.0,,,852.5
7599,847,20,844.0,26.0,,,852,20,855.0,10.0,,,849.5
7600,841,40,838.0,21.0,,,851,25,854.0,20.0,,,846.0
7601,833,37,830.0,27.0,,,847,28,850.0,16.0,,,840.0
7602,832,35,829.0,15.0,828.0,10.0,840,17,843.0,10.0,844.0,8.0,836.0
7603,838,38,833.0,15.0,,,848,34,853.0,17.0,,,843.0
7604,835,34,833.0,14.0,,,842,26,844.0,26.0,,,838.5
7605,836,28,833.0,13.0,,,845,22,848.0,19.0,,,840.5
7606,836,27,833.0,10.0,830.0,7.0,853,35,856.0,30.0,859.0,10.0,844.5
7607,834,16,,,,,845,28,,,,,839.5
7608,830,35,827.0,11.0,,,845,18,848.0,21.0,,,837.5
7609,830,36,827.0,28.0,824.0,15.0,847,34,850.0,27.0,853.0,10.0,838.5
7610,830,34,,,,,842,31,,,,,836.0
7611,827,15,825.0,20.0,,,840,31,842.0,21.0,,,833.5
7612,827,17,826.0,18.0,,,841,30,842.0,14.0,,,834.0
7613,823,29,820.0,19.0,,,835,24,838.0,28.0,,,829.0
7614,828,28,826.0,15.0,,,834,40,836.0,29.0,,,831.0
7615,827,16,823.0,22.0,,,836,33,840.0,27.0,,,831.5
7616,825,19,822.0,13.0,,,830,30,833.0,28.0,,,827.5
7617,819,38,,,,,831,18,,,,,825.0
7618,821,15,817.0,29.0,,,833,26,837.0,16.0,,,827.0
7619,820,30,817.0,30.0,813.0,15.0,831,23,834.0,24.0,838.0,11.0,825.5
7620,816,17,811.0,25.0,,,828,35,833.0,18.0,,,822.0
7621,821,39,818.0,25.0,,,832,38,835.0,13.0,,,826.5
7622,816,36,814.0,10.0,,,829,19,831.0,21.0,,,822.5
7623,819,28,817.0,16.0,,,832,34,834.0,20.0,,,825.5
7624,810,34,808.0,16.0,,,825,22,827.0,30.0,,,817.5
7625,816,32,814.0,15.0,,,829,35,831.0,15.0,,,822.5
7626,814,34,811.0,10.0,,,823,32,826.0,20.0,,,818.5
7627,814,26,,,,,829,34,,,,,821.5
7628,808,25,805.0,20.0,,,822,35,825.0,27.0,,,815.0
7629,803,31,801.0,30.0,,,809,31,811.0,17.0,,,806.0
7630,800,21,797.0,11.0,,,813,33,816.0,12.0,,,806.5
7631,801,29,798.0,29.0,,,813,31,816.0,24.0,,,807.0
7632,808,25,803.0,25.0,,,817,16,822.0,23.0,,,812.5
7633,808,23,806.0,17.0,,,818,24,820.0,30.0,,,813.0
7634,806,35,804.0,22.0,,,821,28,823.0,17.0,,,813.5
7635,804,35,801.0,28.0,,,815,24,818.0,26.0,,,809.5
7636,807,17,804.0,14.0,802.0,13.0,820,39,823.0,26.0,825.0,14.0,813.5
7637,813,19,810.0,29.0,807.0,19.0,819,28,822.0,30.0,825.0,19.0,816.0
7638,804,16,801.0,28.0,,,819,37,822.0,17.0,,,811.5
7639,799,19,797.0,30.0,,,816,24,818.0,17.0,,,807.5
7640,811,18,807.0,20.0,,,817,37,821.0,14.0,,,814.0
7641,812,29,808.0,26.0,,,823,28,827.0,13.0,,,817.5
7642,808,40,804.0,23.0,,,826,31,830.0,30.0,,,817.0
7643,822,23,818.0,15.0,,,832,33,836.0,27.0,,,827.0
7644,825,38,821.0,20.0,,,839,34,843.0,29.0,,,832.0
7645,829,27,824.0,21.0,822.0,18.0,842,22,847.0,11.0,849.0,14.0,835.5
7646,831,33,829.0,20.0,,,843,35,845.0,14.0,,,837.0
7647,833,16,828.0,29.0,,,844,21,849.0,15.0,,,838.5
7648,833,36,830.0,30.0,,,846,22,849.0,29.0,,,839.5
7649,825,16,823.0,24.0,820.0,10.0,840,22,842.0,15.0,845.0,5.0,832.5
7650,821,33,818.0,10.0,,,832,39,835.0,20.0,,,826.5
7652,828,38,826.0,19.0,,,839,24,841.0,11.0,,,833.5
7653,829,36,827.0,11.0,,,847,26,849.0,26.0,,,838.0
7654,834,40,831.0,29.0,,,846,28,849.0,28.0,,,840.0
7655,837,39,,,,,848,29,,,,,842.5
7656,832,18,828.0,15.0,,,847,22,851.0,30.0,,,839.5
7657,835,36,833.0,28.0,,,849,15,851.0,23.0,,,842.0
7658,834,24,831.0,28.0,,,849,28,852.0,17.0,,,841.5
7659,837,38,833.0,15.0,,,850,40,854.0,26.0,,,843.5
7660,836,16,831.0,23.0,,,843,27,848.0,29.0,,,839.5
7662,831,20,827.0,12.0,,,844,19,848.0,25.0,,,837.5
7661,834,30,831.0,14.0,,,843,26,846.0,26.0,,,838.5
7663,832,26,829.0,17.0,,,845,20,848.0,17.0,,,838.5
7664,839,32,837.0,14.0,,,849,23,851.0,23.0,,,844.0
7665,844,35,841.0,13.0,,,862,26,865.0,25.0,,,853.0
7666,847,17,844.0,14.0,,,858,15,861.0,17.0,,,852.5
7667,844,28,843.0,28.0,,,857,24,858.0,29.0,,,850.5
7668,837,18,835.0,11.0,,,854,40,856.0,21.0,,,845.5
7669,838,27,834.0,16.0,,,851,38,855.0,16.0,,,844.5
7670,848,30,845.0,15.0,,,855,27,858.0,16.0,,,851.5
7672,857,21,,,,,867,32,,,,,862.0
7673,851,36,850.0,26.0,,,866,20,867.0,11.0,,,858.5
7674,862,35,860.0,21.0,,,871,29,873.0,10.0,,,866.5
7675,863,36,860.0,26.0,,,875,21,878.0,15.0,,,869.0
7676,861,15,857.0,21.0,,,872,40,876.0,23.0,,,866.5
7677,858,32,855.0,18.0,852.0,20.0,869,28,872.0,14.0,875.0,11.0,863.5
7678,860,17,856.0,22.0,,,876,40,880.0,16.0,,,868.0
7679,863,39,862.0,13.0,,,873,16,874.0,27.0,,,868.0
7680,864,34,,,,,874,31,,,,,869.0
7681,862,34,860.0,19.0,,,872,19,874.0,22.0,,,867.0
7682,858,31,855.0,23.0,,,866,40,869.0,19.0,,,862.0
7683,857,15,855.0,24.0,,,867,19,869.0,29.0,,,862.0
7684,857,29,853.0,10.0,,,868,40,872.0,17.0,,,862.5
7685,856,40,852.0,24.0,,,866,16,870.0,18.0,,,861.0
7686,852,31,851.0,23.0,,,861,27,862.0,16.0,,,856.5
7687,849,15,844.0,10.0,,,862,26,867.0,30.0,,,855.5
7688,846,30,844.0,22.0,840.0,6.0,860,36,862.0,26.0,866.0,5.0,853.0
7689,846,35,843.0,27.0,,,858,18,861.0,22.0,,,852.0
7690,840,36,837.0,14.0,,,853,29,856.0,13.0,,,846.5
7691,841,17,838.0,22.0,,,857,28,860.0,24.0,,,849.0
7692,834,19,831.0,29.0,,,848,31,851.0,15.0,,,841.0
7693,834,37,831.0,22.0,,,846,40,849.0,12.0,,,840.0
7694,830,28,826.0,20.0,,,841,34,845.0,15.0,,,835.5
7695,829,20,826.0,24.0,,,838,29,841.0,24.0,,,833.5
7696,813,17,810.0,29.0,,,832,20,835.0,14.0,,,822.5
7697,811,21,807.0,28.0,,,822,37,826.0,29.0,,,816.5
7698,804,39,801.0,24.0,,,815,19,818.0,10.0,,,809.5
7699,798,34,797.0,13.0,,,812,40,813.0,22.0,,,805.0
7700,797,19,794.0,15.0,,,814,33,817.0,23.0,,,805.5
7701,806,29,803.0,17.0,,,820,16,823.0,21.0,,,813.0
7702,812,38,809.0,24.0,,,823,24,826.0,14.0,,,817.5
7703,817,37,815.0,30.0,,,822,22,824.0,29.0,,,819.5
7704,806,28,802.0,30.0,,,828,33,832.0,13.0,,,817.0
7705,816,36,812.0,27.0,,,827,23,831.0,26.0,,,821.5
7706,814,38,811.0,21.0,,,826,25,829.0,20.0,,,820.0
7707,812,35,810.0,28.0,,,825,16,827.0,11.0,,,818.5
7708,810,38,806.0,19.0,,,821,32,825.0,29.0,,,815.5
7709,810,33,807.0,29.0,,,819,27,822.0,25.0,,,814.5
7710,809,29,804.0,15.0,,,819,16,824.0,22.0,,,814.0
7711,808,28,806.0,16.0,,,826,19,828.0,27.0,,,817.0
7712,815,29,813.0,17.0,812.0,8.0,826,22,828.0,26.0,829.0,7.0,820.5
7713,810,29,808.0,13.0,,,826,32,828.0,14.0,,,818.0
7714,805,24,802.0,11.0,,,813,37,816.0,18.0,,,809.0
7715,804,32,801.0,16.0,,,817,15,820.0,26.0,,,810.5
7716,802,36,800.0,24.0,,,812,40,814.0,26.0,,,807.0
7717,800,35,796.0,12.0,,,816,40,820.0,29.0,,,808.0
7718,805,28,801.0,24.0,,,817,27,821.0,22.0,,,811.0
7719,807,36,803.0,29.0,,,819,37,823.0,13.0,,,813.0
7720,800,35,798.0,21.0,,,815,29,817.0,16.0,,,807.5
7722,796,23,794.0,25.0,,,811,40,813.0,12.0,,,803.5
7723,799,25,797.0,26.0,794.0,11.0,810,30,812.0,30.0,815.0,7.0,804.5
7724,799,16,797.0,12.0,,,811,27,813.0,12.0,,,805.0
7725,798,16,794.0,13.0,790.0,14.0,808,16,812.0,24.0,816.0,11.0,803.0
7726,802,27,800.0,17.0,,,814,25,816.0,26.0,,,808.0
7727,795,21,792.0,11.0,789.0,8.0,809,24,812.0,26.0,815.0,17.0,802.0
7728,799,31,797.0,21.0,795.0,8.0,809,25,811.0,30.0,813.0,9.0,804.0
7729,800,37,795.0,16.0,,,812,20,817.0,17.0,,,806.0
7730,795,15,791.0,22.0,,,811,40,815.0,26.0,,,803.0
7731,793,17,792.0,17.0,,,804,29,805.0,19.0,,,798.5
7732,789,18,786.0,27.0,,,801,40,804.0,19.0,,,795.0
7733,801,23,798.0,19.0,,,810,20,813.0,20.0,,,805.5
7734,805,30,803.0,12.0,,,816,24,818.0,26.0,,,810.5
7735,797,20,793.0,16.0,,,812,27,816.0,25.0,,,804.5
7736,806,32,803.0,14.0,,,812,16,815.0,27.0,,,809.0
7737,801,24,798.0,11.0,,,812,35,815.0,28.0,,,806.5
7738,804,29,801.0,29.0,,,816,30,819.0,23.0,,,810.0
7739,804,19,801.0,13.0,,,817,30,820.0,27.0,,,810.5
7740,805,16,803.0,24.0,,,819,37,821.0,15.0,,,812.0
7741,805,19,802.0,26.0,,,823,39,826.0,14.0,,,814.0
7742,811,33,810.0,10.0,,,820,29,821.0,11.0,,,815.5
7743,809,32,806.0,27.0,,,820,34,823.0,13.0,,,814.5
7744,806,33,804.0,15.0,,,819,36,821.0,12.0,,,812.5
7745,802,39,799.0,15.0,,,818,33,821.0,21.0,,,810.0
7746,801,19,799.0,27.0,,,813,40,815.0,11.0,,,807.0
7747,810,37,806.0,14.0,,,820,26,824.0,24.0,,,815.0
7748,807,23,804.0,10.0,800.0,10.0,817,21,820.0,12.0,824.0,14.0,812.0
7749,804,38,802.0,23.0,,,814,37,816.0,29.0,,,809.0
7750,796,18,793.0,30.0,,,805,17,808.0,26.0,,,800.5
7751,796,26,792.0,22.0,,,810,34,814.0,12.0,,,803.0
7752,801,33,796.0,29.0,,,814,27,819.0,18.0,,,807.5
7753,804,30,,,,,813,22,,,,,808.5
7754,801,29,799.0,14.0,,,811,17,813.0,25.0,,,806.0
7755,798,25,795.0,22.0,,,814,16,817.0,29.0,,,806.0
7756,800,22,795.0,13.0,,,813,30,818.0,18.0,,,806.5
7757,807,31,805.0,17.0,,,815,39,817.0,30.0,,,811.0
7758,803,24,800.0,28.0,,,826,20,829.0,19.0,,,814.5
7759,811,28,807.0,12.0,,,822,26,826.0,17.0,,,816.5
7760,813,23,810.0,18.0,,,827,28,830.0,10.0,,,820.0
7761,816,27,813.0,30.0,,,828,15,831.0,23.0,,,822.0
7762,816,39,814.0,23.0,,,826,38,828.0,13.0,,,821.0
7763,814,40,810.0,29.0,,,827,33,831.0,13.0,,,820.5
7764,815,27,813.0,18.0,810.0,10.0,824,39,826.0,14.0,829.0,9.0,819.5
7765,814,27,811.0,20.0,,,827,40,830.0,11.0,,,820.5
7766,814,25,,,,,829,22,,,,,821.5
7767,810,18,808.0,15.0,,,818,20,820.0,14.0,,,814.0
7768,806,19,804.0,22.0,,,815,32,817.0,13.0,,,810.5
7769,804,19,,,,,819,36,,,,,811.5
7770,804,40,802.0,18.0,,,813,20,815.0,26.0,,,808.5
7771,799,39,796.0,24.0,,,806,40,809.0,27.0,,,802.5
7772,797,15,793.0,16.0,,,808,30,812.0,29.0,,,802.5
7773,793,35,791.0,14.0,,,809,20,811.0,17.0,,,801.0
7774,786,22,783.0,20.0,,,806,26,809.0,15.0,,,796.0
7775,786,15,783.0,10.0,,,801,35,804.0,29.0,,,793.5
7776,785,32,783.0,16.0,,,799,25,801.0,17.0,,,792.0
7777,779,35,775.0,12.0,772.0,13.0,792,15,796.0,21.0,799.0,10.0,785.5
7778,776,20,774.0,19.0,,,786,25,788.0,20.0,,,781.0
7779,772,36,768.0,13.0,,,782,19,786.0,28.0,,,777.0
7780,771,21,769.0,10.0,,,785,28,787.0,19.0,,,778.0
7781,784,23,780.0,16.0,,,795,24,799.0,14.0,,,789.5
7782,782,27,779.0,10.0,,,800,20,803.0,10.0,,,791.0
7783,782,27,781.0,12.0,,,795,38,796.0,27.0,,,788.5
7784,780,34,776.0,24.0,773.0,5.0,795,32,799.0,14.0,802.0,9.0,787.5
7785,784,15,781.0,29.0,780.0,18.0,793,32,796.0,29.0,797.0,13.0,788.5
7786,782,26,779.0,25.0,,,794,30,797.0,29.0,,,788.0
7787,782,33,778.0,18.0,775.0,17.0,791,37,795.0,25.0,798.0,12.0,786.5
7788,778,31,776.0,23.0,,,793,16,795.0,10.0,,,785.5
7791,774,35,770.0,10.0,,,787,30,791.0,28.0,,,780.5
7790,780,21,778.0,21.0,,,791,39,793.0,21.0,,,785.5
7789,780,36,776.0,16.0,,,793,30,797.0,24.0,,,786.5
7792,775,19,770.0,21.0,,,785,30,790.0,25.0,,,780.0
7793,774,16,772.0,13.0,,,782,16,784.0,30.0,,,778.0
7794,771,17,770.0,15.0,,,788,28,789.0,27.0,,,779.5
7795,776,26,774.0,29.0,,,786,31,788.0,21.0,,,781.0
7796,772,26,769.0,28.0,,,785,17,788.0,18.0,,,778.5
7797,776,40,772.0,19.0,,,791,22,795.0,25.0,,,783.5
7798,771,33,,,,,780,15,,,,,775.5
7799,758,35,,,,,777,16,,,,,767.5
7800,759,37,757.0,15.0,754.0,10.0,774,36,776.0,25.0,779.0,10.0,766.5
7801,764,33,761.0,25.0,,,773,33,776.0,11.0,,,768.5
7802,760,38,758.0,10.0,,,772,26,774.0,21.0,,,766.0
7803,763,15,761.0,20.0,757.0,17.0,776,26,778.0,18.0,782.0,10.0,769.5
7804,760,38,758.0,26.0,,,776,38,778.0,22.0,,,768.0
7809,760,19,759.0,13.0,,,777,18,778.0,26.0,,,768.5
7806,761,27,,,,,776,19,,,,,768.5
7807,768,34,766.0,21.0,762.0,9.0,780,18,782.0,11.0,786.0,15.0,774.0
7808,767,18,763.0,19.0,,,778,30,782.0,28.0,,,772.5
7805,767,26,,,,,776,17,,,,,771.5
7810,762,40,,,,,772,28,,,,,767.0
7811,753,30,750.0,16.0,,,768,24,771.0,21.0,,,760.5
7812,759,23,754.0,18.0,,,767,28,772.0,24.0,,,763.0
7813,759,19,755.0,29.0,,,771,26,775.0,18.0,,,765.0
7814,752,17,748.0,25.0,,,765,34,769.0,14.0,,,758.5
7815,754,26,,,,,768,18,,,,,761.0
7819,742,39,738.0,11.0,,,751,26,755.0,23.0,,,746.5
7817,752,16,749.0,12.0,,,760,38,763.0,18.0,,,756.0
7818,748,39,744.0,24.0,,,759,22,763.0,27.0,,,753.5
7816,756,24,754.0,24.0,,,769,34,771.0,22.0,,,762.5
7820,740,36,737.0,29.0,,,749,38,752.0,10.0,,,744.5
7821,738,30,734.0,22.0,,,751,23,755.0,14.0,,,744.5
7822,733,21,,,,,745,27,,,,,739.0
7823,730,32,727.0,29.0,,,745,19,748.0,17.0,,,737.5
7824,731,27,728.0,23.0,,,744,31,747.0,15.0,,,737.5
7825,727,20,723.0,13.0,,,739,36,743.0,10.0,,,733.0
7826,730,36,729.0,16.0,725.0,20.0,744,38,745.0,15.0,749.0,14.0,737.0
7827,732,32,729.0,10.0,,,746,21,749.0,16.0,,,739.0
7828,733,36,730.0,19.0,,,748,37,751.0,12.0,,,740.5
7829,733,35,731.0,24.0,,,741,34,743.0,25.0,,,737.0
7830,728,19,725.0,17.0,,,747,39,750.0,25.0,,,737.5
7831,735,30,731.0,30.0,,,748,37,752.0,12.0,,,741.5
7832,737,23,736.0,26.0,,,742,24,743.0,22.0,,,739.5
7833,735,35,731.0,16.0,,,745,17,749.0,25.0,,,740.0
7834,727,33,,,,,737,38,,,,,732.0
7835,727,40,725.0,26.0,,,738,39,740.0,16.0,,,732.5
7836,731,32,729.0,16.0,,,749,19,751.0,12.0,,,740.0
7837,726,29,723.0,29.0,,,743,23,746.0,22.0,,,734.5
7838,729,38,725.0,21.0,,,745,18,749.0,23.0,,,737.0
7839,723,31,721.0,15.0,,,741,24,743.0,12.0,,,732.0
7840,724,31,721.0,13.0,717.0,17.0,739,33,742.0,11.0,746.0,13.0,731.5
7841,728,30,726.0,29.0,,,742,33,744.0,27.0,,,735.0
7842,725,26,724.0,23.0,,,737,40,738.0,13.0,,,731.0
7843,721,39,718.0,11.0,,,735,16,738.0,14.0,,,728.0
7844,725,39,722.0,12.0,,,737,34,740.0,18.0,,,731.0
7845,732,33,729.0,24.0,,,741,31,744.0,13.0,,,736.5
7846,728,35,726.0,26.0,,,740,27,742.0,28.0,,,734.0
7847,726,22,,,,,733,20,,,,,729.5
7848,725,17,721.0,21.0,,,736,39,740.0,11.0,,,730.5
7849,726,24,722.0,23.0,,,734,38,738.0,24.0,,,730.0
7850,723,28,719.0,11.0,,,733,29,737.0,19.0,,,728.0
7851,714,16,710.0,15.0,,,727,15,731.0,26.0,,,720.5
7852,715,19,712.0,29.0,,,729,19,732.0,29.0,,,722.0
7853,713,33,710.0,15.0,,,720,34,723.0,28.0,,,716.5
7854,712,15,710.0,30.0,,,726,21,728.0,21.0,,,719.0
7855,709,32,707.0,17.0,,,725,20,727.0,13.0,,,717.0
7856,714,36,712.0,24.0,,,728,23,730.0,15.0,,,721.0
7857,718,33,716.0,25.0,,,735,19,737.0,11.0,,,726.5
7858,725,32,722.0,30.0,,,734,20,737.0,13.0,,,729.5
7859,734,16,731.0,21.0,,,746,20,749.0,21.0,,,740.0
7860,737,21,734.0,13.0,732.0,9.0,750,25,753.0,25.0,755.0,14.0,743.5
7861,740,26,737.0,21.0,735.0,6.0,752,18,755.0,22.0,757.0,15.0,746.0
7862,746,18,744.0,26.0,,,757,24,759.0,10.0,,,751.5
7863,744,27,741.0,26.0,738.0,8.0,757,34,760.0,27.0,763.0,19.0,750.5
7864,750,33,747.0,27.0,,,761,22,764.0,20.0,,,755.5
7865,748,39,746.0,15.0,,,764,38,766.0,10.0,,,756.0
7866,749,15,746.0,23.0,,,760,29,763.0,14.0,,,754.5
7867,757,33,754.0,25.0,,,768,21,771.0,22.0,,,762.5
7868,760,20,757.0,10.0,,,768,32,771.0,14.0,,,764.0
7869,754,29,752.0,14.0,,,766,25,768.0,30.0,,,760.0
7870,759,36,755.0,15.0,,,770,26,774.0,26.0,,,764.5
7871,761,22,760.0,15.0,,,775,20,776.0,18.0,,,768.0
7872,760,17,756.0,22.0,,,777,23,781.0,29.0,,,768.5
7873,759,34,756.0,29.0,,,777,30,780.0,16.0,,,768.0
7874,764,23,760.0,15.0,,,776,33,780.0,23.0,,,770.0
7875,766,29,764.0,15.0,,,778,20,780.0,19.0,,,772.0
7876,763,30,760.0,14.0,,,771,30,774.0,28.0,,,767.0
7877,760,23,756.0,21.0,,,770,37,774.0,20.0,,,765.0
7878,751,15,748.0,20.0,,,763,28,766.0,23.0,,,757.0
7879,747,15,743.0,20.0,,,763,30,767.0,21.0,,,755.0
7880,743,29,739.0,23.0,,,758,37,762.0,18.0,,,750.5
7881,745,24,743.0,15.0,,,758,34,760.0,24.0,,,751.5
7882,743,39,740.0,24.0,,,755,22,758.0,23.0,,,749.0
7883,738,20,734.0,13.0,,,751,21,755.0,18.0,,,744.5
7884,741,39,739.0,24.0,737.0,5.0,751,36,753.0,10.0,755.0,12.0,746.0
7885,742,23,738.0,16.0,733.0,17.0,752,40,756.0,11.0,761.0,20.0,747.0
7886,741,22,737.0,18.0,,,752,20,756.0,17.0,,,746.5
7887,738,35,734.0,27.0,,,750,33,754.0,10.0,,,744.0
7888,738,34,733.0,11.0,,,749,35,754.0,13.0,,,743.5
7889,734,27,731.0,22.0,,,747,15,750.0,24.0,,,740.5
7890,735,22,733.0,21.0,,,747,24,749.0,16.0,,,741.0
7891,734,32,731.0,15.0,,,746,25,749.0,28.0,,,740.0
7892,731,36,730.0,21.0,728.0,15.0,740,29,741.0,19.0,743.0,8.0,735.5
7893,733,21,730.0,24.0,728.0,11.0,743,32,746.0,27.0,748.0,17.0,738.0
7894,735,32,731.0,29.0,,,748,20,752.0,24.0,,,741.5
7895,736,22,734.0,24.0,,,746,31,748.0,18.0,,,741.0
7896,738,33,735.0,19.0,,,750,40,753.0,30.0,,,744.0
7897,742,37,740.0,14.0,,,752,26,754.0,28.0,,,747.0
7898,738,26,734.0,21.0,,,752,39,756.0,17.0,,,745.0
7899,741,39,738.0,28.0,,,756,16,759.0,10.0,,,748.5
7900,748,24,745.0,21.0,,,759,39,762.0,15.0,,,753.5
7901,749,33,744.0,25.0,,,759,38,764.0,20.0,,,754.0
7902,751,17,747.0,10.0,,,761,18,765.0,20.0,,,756.0
7903,744,32,742.0,15.0,,,762,21,764.0,22.0,,,753.0
7904,749,39,745.0,13.0,741.0,18.0,761,18,765.0,13.0,769.0,15.0,755.0
7905,740,38,736.0,22.0,,,754,34,758.0,29.0,,,747.0
7907,743,24,740.0,15.0,,,753,39,756.0,22.0,,,748.0
7908,737,20,733.0,13.0,729.0,5.0,748,39,752.0,23.0,756.0,6.0,742.5
7909,736,40,733.0,30.0,,,750,19,753.0,28.0,,,743.0
7910,742,26,737.0,28.0,,,751,16,756.0,23.0,,,746.5
7911,742,38,740.0,13.0,,,756,39,758.0,20.0,,,749.0
7912,739,16,736.0,23.0,732.0,20.0,751,31,754.0,12.0,758.0,13.0,745.0
7913,735,24,732.0,12.0,,,747,40,750.0,17.0,,,741.0
7914,735,23,732.0,27.0,,,744,28,747.0,21.0,,,739.5
7915,732,24,,,,,745,40,,,,,738.5
7916,728,19,725.0,12.0,,,741,38,744.0,24.0,,,734.5
7917,723,32,722.0,10.0,,,734,24,735.0,23.0,,,728.5
7920,717,21,,,,,730,27,,,,,723.5
7919,724,34,721.0,25.0,,,736,22,739.0,25.0,,,730.0
7918,723,37,,,,,738,21,,,,,730.5
7921,715,21,714.0,10.0,,,721,15,722.0,14.0,,,718.0
7922,710,24,,,,,724,21,,,,,717.0
7923,715,30,712.0,19.0,710.0,20.0,727,29,730.0,17.0,732.0,6.0,721.0
7924,709,33,707.0,16.0,,,722,23,724.0,26.0,,,715.5
7925,706,26,704.0,29.0,,,721,31,723.0,25.0,,,713.5
7927,706,33,702.0,29.0,,,717,16,721.0,14.0,,,711.5
7928,707,17,705.0,22.0,,,718,40,720.0,19.0,,,712.5
7929,706,25,703.0,10.0,,,717,39,720.0,14.0,,,711.5
7930,705,23,701.0,18.0,,,711,24,715.0,20.0,,,708.0
7931,701,31,698.0,18.0,,,711,40,714.0,22.0,,,706.0
7932,700,16,,,,,708,34,,,,,704.0
7934,705,21,701.0,14.0,,,717,19,721.0,27.0,,,711.0
7935,703,35,700.0,15.0,,,715,25,718.0,25.0,,,709.0
7936,701,15,699.0,25.0,,,712,37,714.0,29.0,,,706.5
7937,706,29,705.0,20.0,,,718,20,719.0,11.0,,,712.0
7938,706,37,704.0,25.0,701.0,8.0,717,32,719.0,24.0,722.0,6.0,711.5
7939,704,34,702.0,20.0,,,714,36,716.0,22.0,,,709.0
7940,704,28,701.0,11.0,,,714,35,717.0,13.0,,,709.0
7941,698,20,697.0,25.0,,,706,19,707.0,19.0,,,702.0
7942,696,23,693.0,11.0,,,708,28,711.0,26.0,,,702.0
7943,692,38,689.0,21.0,,,699,22,702.0,11.0,,,695.5
7944,690,23,685.0,17.0,,,702,22,707.0,30.0,,,696.0
7945,686,19,683.0,12.0,,,698,37,701.0,28.0,,,692.0
7946,681,24,678.0,20.0,676.0,19.0,698,38,701.0,22.0,703.0,18.0,689.5
7947,685,34,682.0,27.0,,,697,15,700.0,18.0,,,691.0
7948,684,20,681.0,22.0,,,700,37,703.0,16.0,,,692.0
7949,688,39,685.0,30.0,,,705,23,708.0,23.0,,,696.5
7950,698,28,696.0,20.0,,,704,21,706.0,27.0,,,701.0
7951,698,40,694.0,28.0,,,709,20,713.0,25.0,,,703.5
7952,704,35,700.0,12.0,,,710,20,714.0,20.0,,,707.0
7953,697,20,695.0,26.0,691.0,11.0,713,28,715.0,23.0,719.0,6.0,705.0
7954,695,33,692.0,14.0,,,708,34,711.0,29.0,,,701.5
7955,697,19,695.0,14.0,,,710,15,712.0,13.0,,,703.5
7956,693,26,691.0,27.0,,,707,40,709.0,21.0,,,700.0
7957,692,24,687.0,27.0,,,707,40,712.0,21.0,,,699.5
7958,690,40,685.0,28.0,,,706,27,711.0,30.0,,,698.0
7959,684,25,681.0,20.0,,,697,39,700.0,26.0,,,690.5
7960,685,36,682.0,14.0,,,694,23,697.0,29.0,,,689.5
7961,672,15,670.0,26.0,,,684,28,686.0,11.0,,,678.0
7962,673,39,670.0,28.0,,,686,17,689.0,23.0,,,679.5
7963,675,28,,,,,691,22,,,,,683.0
7964,676,27,673.0,27.0,670.0,15.0,689,30,692.0,14.0,695.0,18.0,682.5
7965,680,20,678.0,14.0,,,694,29,696.0,11.0,,,687.0
7966,683,33,679.0,10.0,,,699,27,703.0,27.0,,,691.0
7967,689,16,686.0,21.0,,,703,35,706.0,11.0,,,696.0
7968,698,25,694.0,10.0,,,707,24,711.0,22.0,,,702.5
7969,690,30,687.0,17.0,682.0,11.0,707,24,710.0,18.0,715.0,15.0,698.5
7970,693,21,690.0,23.0,,,707,34,710.0,29.0,,,700.0
7971,689,40,686.0,30.0,,,703,33,706.0,26.0,,,696.0
7972,688,18,684.0,14.0,,,708,29,712.0,26.0,,,698.0
7973,685,29,680.0,10.0,,,702,40,707.0,11.0,,,693.5
7974,684,35,679.0,26.0,,,700,36,705.0,21.0,,,692.0
7975,683,18,680.0,28.0,,,696,21,699.0,24.0,,,689.5
7976,691,37,689.0,19.0,,,705,17,707.0,15.0,,,698.0
7977,691,27,688.0,26.0,,,699,38,702.0,21.0,,,695.0
7978,683,27,681.0,28.0,,,699,24,701.0,13.0,,,691.0
7979,688,16,686.0,25.0,,,697,20,699.0,12.0,,,692.5
7981,677,36,673.0,16.0,,,691,35,695.0,30.0,,,684.0
7982,675,15,671.0,18.0,,,691,32,695.0,23.0,,,683.0
7983,675,32,,,,,688,38,,,,,681.5
7984,677,27,675.0,17.0,,,686,25,688.0,29.0,,,681.5
7985,673,36,671.0,30.0,,,689,39,691.0,28.0,,,681.0
7986,673,23,670.0,21.0,,,688,18,691.0,17.0,,,680.5
7987,670,23,665.0,20.0,661.0,13.0,688,17,693.0,19.0,697.0,19.0,679.0
7988,671,18,667.0,23.0,,,686,15,690.0,21.0,,,678.5
7989,672,35,671.0,16.0,669.0,18.0,681,35,682.0,23.0,684.0,5.0,676.5
7990,673,19,,,,,682,28,,,,,677.5
7991,665,17,661.0,25.0,,,678,19,682.0,17.0,,,671.5
7992,669,15,666.0,22.0,,,676,34,679.0,19.0,,,672.5
7993,675,22,674.0,28.0,,,684,38,685.0,30.0,,,679.5
7994,679,22,675.0,23.0,673.0,14.0,693,19,697.0,10.0,699.0,9.0,686.0
7995,683,26,679.0,11.0,,,695,21,699.0,10.0,,,689.0
7996,682,33,680.0,19.0,676.0,5.0,695,16,697.0,22.0,701.0,16.0,688.5
7997,686,20,684.0,18.0,680.0,18.0,699,17,701.0,30.0,705.0,14.0,692.5
7998,687,40,,,,,699,19,,,,,693.0
7999,686,26,682.0,27.0,,,700,23,704.0,27.0,,,693.0
8000,687,21,684.0,29.0,,,700,28,703.0,10.0,,,693.5
8001,690,19,687.0,16.0,,,702,17,705.0,15.0,,,696.0
8003,693,37,691.0,15.0,,,708,29,710.0,20.0,,,700.5
8004,698,29,693.0,18.0,,,707,25,712.0,28.0,,,702.5
8005,690,23,687.0,27.0,,,707,16,710.0,13.0,,,698.5
8006,700,37,699.0,16.0,,,713,32,714.0,23.0,,,706.5
8007,704,33,702.0,30.0,,,713,38,715.0,23.0,,,708.5
8008,696,17,694.0,19.0,690.0,15.0,711,31,713.0,12.0,717.0,11.0,703.5
8009,700,24,699.0,27.0,,,717,40,718.0,10.0,,,708.5
8011,702,20,699.0,20.0,,,713,21,716.0,22.0,,,707.5
8012,699,39,,,,,717,22,,,,,708.0
8013,703,29,699.0,12.0,,,708,24,712.0,25.0,,,705.5
8014,696,31,694.0,14.0,,,713,23,715.0,25.0,,,704.5
8015,699,39,695.0,19.0,,,712,31,716.0,15.0,,,705.5
8016,698,15,694.0,28.0,,,713,23,717.0,29.0,,,705.5
8017,704,32,701.0,19.0,,,713,29,716.0,23.0,,,708.5
8018,701,28,,,,,708,39,,,,,704.5
8019,700,25,698.0,15.0,,,713,20,715.0,30.0,,,706.5
8020,706,29,702.0,19.0,,,721,37,725.0,30.0,,,713.5
8021,711,38,708.0,19.0,,,723,36,726.0,10.0,,,717.0
8022,709,29,708.0,10.0,,,720,16,721.0,16.0,,,714.5
8023,708,16,705.0,28.0,,,722,21,725.0,25.0,,,715.0
8024,707,40,703.0,20.0,,,725,38,729.0,29.0,,,716.0
8025,706,22,,,,,721,28,,,,,713.5
8026,701,23,696.0,28.0,,,710,20,715.0,28.0,,,705.5
8027,703,33,701.0,26.0,,,714,16,716.0,30.0,,,708.5
8028,703,38,698.0,19.0,,,718,24,723.0,26.0,,,710.5
8033,701,34,700.0,30.0,,,712,39,713.0,30.0,,,706.5
8030,704,17,700.0,30.0,696.0,17.0,717,28,721.0,14.0,725.0,19.0,710.5
8031,704,33,701.0,27.0,,,718,16,721.0,16.0,,,711.0
8032,706,16,,,,,718,19,,,,,712.0
8029,697,16,694.0,25.0,,,718,27,721.0,10.0,,,707.5
8034,700,37,697.0,12.0,,,715,24,718.0,19.0,,,707.5
8035,694,35,690.0,19.0,,,716,37,720.0,14.0,,,705.0
8037,693,35,688.0,28.0,686.0,13.0,708,24,713.0,14.0,715.0,7.0,700.5
8038,690,28,686.0,21.0,,,704,25,708.0,18.0,,,697.0
8039,687,16,683.0,17.0,,,697,17,701.0,29.0,,,692.0
8040,686,34,684.0,18.0,,,697,19,699.0,16.0,,,691.5
8041,687,16,685.0,25.0,,,697,26,699.0,29.0,,,692.0
8042,685,29,683.0,20.0,,,701,33,703.0,24.0,,,693.0
8043,686,40,683.0,18.0,,,697,17,700.0,21.0,,,691.5
8045,693,38,692.0,29.0,,,705,29,706.0,21.0,,,699.0
8046,698,33,697.0,19.0,,,704,29,705.0,21.0,,,701.0
8047,693,21,689.0,15.0,,,710,23,714.0,15.0,,,701.5
8048,695,30,691.0,10.0,,,708,31,712.0,21.0,,,701.5
8049,703,40,700.0,18.0,,,709,29,712.0,20.0,,,706.0
8050,690,15,685.0,25.0,,,704,25,709.0,11.0,,,697.0
8051,688,19,686.0,23.0,,,699,23,701.0,21.0,,,693.5
8052,687,35,,,,,694,29,,,,,690.5
8053,686,28,683.0,13.0,682.0,12.0,695,24,698.0,21.0,699.0,15.0,690.5
8054,684,15,,,,,695,29,,,,,689.5
8055,678,35,672.0,27.0,670.0,18.0,695,31,701.0,27.0,703.0,12.0,686.5
8056,679,33,674.0,14.0,,,688,36,693.0,20.0,,,683.5
8057,681,32,679.0,29.0,,,692,27,694.0,26.0,,,686.5
8058,679,30,675.0,23.0,,,692,34,696.0,12.0,,,685.5
8059,677,29,675.0,13.0,,,692,25,694.0,10.0,,,684.5
8060,674,30,670.0,16.0,,,682,36,686.0,23.0,,,678.0
8061,675,27,670.0,28.0,,,682,39,687.0,28.0,,,678.5
8062,665,23,660.0,10.0,658.0,11.0,682,36,687.0,13.0,689.0,19.0,673.5
8063,664,19,659.0,17.0,,,679,39,684.0,28.0,,,671.5
8064,666,17,662.0,22.0,,,679,16,683.0,28.0,,,672.5
8065,663,37,660.0,27.0,655.0,14.0,671,40,674.0,13.0,679.0,20.0,667.0
8066,659,15,655.0,30.0,,,671,33,675.0,10.0,,,665.0
8067,658,33,655.0,27.0,,,671,31,674.0,10.0,,,664.5
8068,657,40,655.0,30.0,653.0,7.0,666,24,668.0,18.0,670.0,11.0,661.5
8069,654,15,650.0,22.0,,,662,37,666.0,24.0,,,658.0
8070,659,23,655.0,28.0,,,668,40,672.0,10.0,,,663.5
8071,654,27,,,,,663,25,,,,,658.5
8072,646,15,643.0,21.0,,,666,40,669.0,22.0,,,656.0
8073,646,19,644.0,21.0,,,662,30,664.0,16.0,,,654.0
8074,646,29,641.0,25.0,639.0,11.0,658,16,663.0,16.0,665.0,6.0,652.0
8075,650,31,646.0,28.0,,,666,39,670.0,20.0,,,658.0
8076,645,19,642.0,30.0,,,658,34,661.0,24.0,,,651.5
8077,639,39,637.0,16.0,,,655,28,657.0,28.0,,,647.0
8078,639,32,636.0,19.0,,,649,16,652.0,17.0,,,644.0
8079,628,28,625.0,22.0,,,646,39,649.0,11.0,,,637.0
8080,634,23,631.0,10.0,,,648,19,651.0,24.0,,,641.0
8081,637,21,633.0,23.0,,,653,20,657.0,18.0,,,645.0
8082,646,27,642.0,20.0,,,658,25,662.0,11.0,,,652.0
8083,646,35,643.0,25.0,,,658,34,661.0,27.0,,,652.0
8084,645,15,642.0,10.0,,,656,21,659.0,14.0,,,650.5
8085,644,37,641.0,30.0,,,658,28,661.0,30.0,,,651.0
8086,644,15,642.0,10.0,,,653,25,655.0,22.0,,,648.5
8087,641,33,637.0,20.0,,,652,21,656.0,26.0,,,646.5
8088,636,40,631.0,14.0,,,646,35,651.0,17.0,,,641.0
8089,628,37,624.0,14.0,,,643,37,647.0,25.0,,,635.5
8090,627,16,623.0,24.0,,,644,28,648.0,27.0,,,635.5
8091,633,26,631.0,11.0,,,647,19,649.0,15.0,,,640.0
8092,638,19,634.0,13.0,,,647,24,651.0,24.0,,,642.5
8093,635,34,632.0,28.0,,,649,15,652.0,11.0,,,642.0
8094,629,39,627.0,30.0,,,643,21,645.0,15.0,,,636.0
8095,626,22,623.0,19.0,,,641,26,644.0,15.0,,,633.5
8096,624,27,622.0,25.0,,,634,25,636.0,30.0,,,629.0
8097,626,26,623.0,29.0,,,638,35,641.0,16.0,,,632.0
8098,627,33,626.0,20.0,,,638,20,639.0,17.0,,,632.5
8099,627,21,624.0,29.0,,,639,26,642.0,18.0,,,633.0
8100,627,15,,,,,638,20,,,,,632.5
8101,626,20,623.0,13.0,,,637,39,640.0,16.0,,,631.5
8102,619,15,617.0,23.0,615.0,9.0,630,25,632.0,17.0,634.0,19.0,624.5
8103,620,34,616.0,30.0,,,634,28,638.0,15.0,,,627.0
8104,622,37,619.0,11.0,,,635,19,638.0,11.0,,,628.5
8105,616,40,614.0,22.0,,,627,31,629.0,24.0,,,621.5
8106,613,28,609.0,30.0,,,624,26,628.0,19.0,,,618.5
8107,616,27,614.0,30.0,,,628,36,630.0,18.0,,,622.0
8108,622,25,620.0,21.0,,,629,20,631.0,19.0,,,625.5
8109,627,40,,,,,639,26,,,,,633.0
8110,633,16,629.0,27.0,,,635,31,639.0,23.0,,,634.0
8114,636,36,,,,,646,36,,,,,641.0
8112,632,37,627.0,13.0,,,643,17,648.0,29.0,,,637.5
8113,630,39,628.0,24.0,624.0,11.0,646,32,648.0,15.0,652.0,17.0,638.0
8111,629,26,626.0,20.0,,,641,37,644.0,23.0,,,635.0
8115,640,18,636.0,25.0,,,653,25,657.0,29.0,,,646.5
8116,643,17,640.0,13.0,,,658,32,661.0,22.0,,,650.5
8117,643,28,640.0,15.0,,,661,18,664.0,14.0,,,652.0
8118,649,28,645.0,27.0,,,659,35,663.0,12.0,,,654.0
8119,646,20,643.0,25.0,,,657,26,660.0,27.0,,,651.5
8120,652,39,649.0,23.0,,,663,25,666.0,28.0,,,657.5
8121,652,26,648.0,27.0,,,661,34,665.0,16.0,,,656.5
8122,656,40,,,,,664,32,,,,,660.0
8123,660,39,659.0,12.0,658.0,18.0,669,23,670.0,23.0,671.0,6.0,664.5
8125,660,30,657.0,29.0,,,672,15,675.0,24.0,,,666.0
8124,660,23,658.0,23.0,,,675,24,677.0,22.0,,,667.5
8126,664,34,662.0,30.0,,,677,18,679.0,30.0,,,670.5
8127,664,22,662.0,25.0,659.0,18.0,678,39,680.0,30.0,683.0,11.0,671.0
8128,669,28,665.0,20.0,663.0,14.0,676,21,680.0,23.0,682.0,18.0,672.5
8129,664,34,662.0,29.0,,,680,26,682.0,25.0,,,672.0
8130,670,15,666.0,21.0,,,679,29,683.0,24.0,,,674.5
8131,667,26,662.0,16.0,660.0,15.0,683,30,688.0,10.0,690.0,20.0,675.0
8132,673,27,671.0,14.0,,,683,37,685.0,25.0,,,678.0
8133,676,28,673.0,21.0,,,685,27,688.0,28.0,,,680.5
8134,675,30,670.0,26.0,,,685,32,690.0,14.0,,,680.0
8135,677,23,674.0,12.0,,,688,21,691.0,23.0,,,682.5
8136,677,19,675.0,22.0,670.0,14.0,688,17,690.0,18.0,695.0,10.0,682.5
8137,673,33,670.0,15.0,,,689,16,692.0,10.0,,,681.0
8138,670,28,666.0,12.0,,,683,21,687.0,14.0,,,676.5
8139,672,24,669.0,13.0,,,682,37,685.0,18.0,,,677.0
8140,670,16,667.0,26.0,,,683,27,686.0,16.0,,,676.5
8141,667,18,664.0,20.0,,,684,25,687.0,10.0,,,675.5
8142,673,40,671.0,28.0,,,684,24,686.0,17.0,,,678.5
8143,670,32,668.0,19.0,,,685,31,687.0,19.0,,,677.5
8144,666,35,664.0,27.0,,,680,24,682.0,18.0,,,673.0
8145,669,20,666.0,15.0,,,686,20,689.0,25.0,,,677.5
8146,675,30,672.0,23.0,669.0,20.0,688,34,691.0,26.0,694.0,5.0,681.5
8147,675,17,673.0,29.0,,,687,26,689.0,13.0,,,681.0
8148,677,20,676.0,22.0,,,692,16,693.0,24.0,,,684.5
8149,679,22,675.0,24.0,673.0,16.0,692,24,696.0,13.0,698.0,20.0,685.5
8150,679,38,676.0,19.0,,,689,33,692.0,23.0,,,684.0
8151,681,22,678.0,17.0,,,686,28,689.0,24.0,,,683.5
8152,670,31,666.0,17.0,662.0,13.0,685,29,689.0,30.0,693.0,8.0,677.5
8153,672,22,668.0,15.0,,,685,27,689.0,27.0,,,678.5
8154,667,22,665.0,29.0,,,680,21,682.0,16.0,,,673.5
8155,673,30,669.0,10.0,,,681,35,685.0,20.0,,,677.0
8156,679,31,676.0,14.0,672.0,6.0,688,22,691.0,10.0,695.0,15.0,683.5
8161,676,30,673.0,15.0,,,689,21,692.0,16.0,,,682.5
8158,682,26,,,,,698,16,,,,,690.0
8159,684,40,682.0,29.0,,,693,20,695.0,22.0,,,688.5
8160,680,17,677.0,22.0,,,691,19,694.0,25.0,,,685.5
8157,682,34,679.0,13.0,,,695,15,698.0,19.0,,,688.5
8162,674,37,671.0,11.0,,,685,18,688.0,29.0,,,679.5
8163,672,19,669.0,27.0,,,684,23,687.0,17.0,,,678.0
8164,682,15,681.0,27.0,,,691,34,692.0,13.0,,,686.5
8165,676,32,673.0,25.0,,,692,35,695.0,16.0,,,684.0
8166,681,30,677.0,28.0,,,692,29,696.0,17.0,,,686.5
8167,675,17,670.0,30.0,,,690,37,695.0,11.0,,,682.5
8168,676,29,674.0,22.0,,,691,19,693.0,12.0,,,683.5
8169,679,30,678.0,25.0,,,689,33,690.0,27.0,,,684.0
8170,680,33,677.0,14.0,,,689,24,692.0,21.0,,,684.5
8171,674,32,671.0,13.0,,,679,22,682.0,19.0,,,676.5
8172,672,20,669.0,25.0,,,682,38,685.0,13.0,,,677.0
8173,672,36,669.0,23.0,,,685,32,688.0,22.0,,,678.5
8174,673,33,670.0,13.0,,,684,37,687.0,17.0,,,678.5
8175,680,30,679.0,19.0,674.0,11.0,686,23,687.0,22.0,692.0,11.0,683.0
8176,675,26,674.0,11.0,,,687,25,688.0,21.0,,,681.0
8177,676,33,673.0,17.0,,,684,20,687.0,16.0,,,680.0
8178,680,39,678.0,20.0,,,686,15,688.0,16.0,,,683.0
8179,680,23,676.0,26.0,,,689,34,693.0,29.0,,,684.5
8180,682,37,680.0,16.0,677.0,7.0,690,36,692.0,30.0,695.0,18.0,686.0
8181,680,33,679.0,30.0,,,691,20,692.0,26.0,,,685.5
8182,680,23,677.0,23.0,,,691,40,694.0,10.0,,,685.5
8183,679,35,676.0,23.0,672.0,12.0,692,40,695.0,24.0,699.0,7.0,685.5
8184,687,27,684.0,20.0,681.0,17.0,696,26,699.0,14.0,702.0,9.0,691.5
8185,685,16,681.0,25.0,,,693,28,697.0,25.0,,,689.0
8186,690,38,685.0,17.0,,,697,32,702.0,13.0,,,693.5
8187,688,30,686.0,13.0,,,698,18,700.0,17.0,,,693.0
8188,683,20,681.0,13.0,,,698,28,700.0,13.0,,,690.5
8189,685,21,681.0,16.0,,,698,15,702.0,23.0,,,691.5
8190,683,18,681.0,23.0,,,693,22,695.0,30.0,,,688.0
8191,685,26,683.0,12.0,,,694,24,696.0,10.0,,,689.5
8192,680,23,677.0,21.0,,,695,27,698.0,11.0,,,687.5
8193,683,33,680.0,25.0,,,694,19,697.0,25.0,,,688.5
8194,675,29,674.0,24.0,,,690,30,691.0,30.0,,,682.5
8195,681,40,,,,,696,30,,,,,688.5
8196,686,35,683.0,10.0,,,699,35,702.0,11.0,,,692.5
8197,689,28,684.0,17.0,,,697,17,702.0,24.0,,,693.0
8198,685,17,682.0,30.0,,,695,34,698.0,23.0,,,690.0
8199,686,30,683.0,22.0,,,697,38,700.0,11.0,,,691.5
8200,685,15,,,,,694,38,,,,,689.5
8201,680,35,677.0,20.0,675.0,11.0,690,33,693.0,11.0,695.0,13.0,685.0
8202,676,15,672.0,28.0,,,686,40,690.0,23.0,,,681.0
8203,676,21,,,,,687,15,,,,,681.5
8204,673,27,670.0,17.0,,,680,39,683.0,27.0,,,676.5
8205,674,19,671.0,25.0,,,689,35,692.0,24.0,,,681.5
8206,669,18,666.0,26.0,,,686,24,689.0,18.0,,,677.5
8207,674,37,671.0,23.0,,,687,40,690.0,11.0,,,680.5
8208,679,27,676.0,26.0,672.0,7.0,687,19,690.0,16.0,694.0,9.0,683.0
8209,677,34,672.0,23.0,,,687,22,692.0,29.0,,,682.0
8210,679,17,678.0,18.0,,,694,29,695.0,24.0,,,686.5
8211,689,29,687.0,23.0,684.0,5.0,700,19,702.0,17.0,705.0,15.0,694.5
8212,684,33,680.0,13.0,,,700,27,704.0,30.0,,,692.0
8213,691,25,686.0,17.0,,,701,18,706.0,13.0,,,696.0
8214,686,31,683.0,26.0,,,699,20,702.0,26.0,,,692.5
8215,686,39,683.0,25.0,,,698,28,701.0,10.0,,,692.0
8220,690,37,686.0,27.0,,,698,34,702.0,10.0,,,694.0
8217,687,36,685.0,25.0,,,695,16,697.0,27.0,,,691.0
8218,689,38,687.0,29.0,,,702,30,704.0,25.0,,,695.5
8222,693,36,688.0,14.0,,,703,33,708.0,21.0,,,698.0
8216,689,36,687.0,27.0,,,702,24,704.0,10.0,,,695.5
8221,688,37,685.0,19.0,,,700,36,703.0,13.0,,,694.0
8219,686,19,682.0,20.0,,,700,29,704.0,22.0,,,693.0
8223,688,29,684.0,29.0,,,702,39,706.0,21.0,,,695.0
8224,698,37,696.0,27.0,693.0,8.0,709,18,711.0,24.0,714.0,13.0,703.5
8225,694,36,690.0,23.0,,,711,22,715.0,13.0,,,702.5
8226,696,37,693.0,25.0,,,704,39,707.0,20.0,,,700.0
8227,699,29,697.0,15.0,694.0,8.0,705,36,707.0,13.0,710.0,7.0,702.0
8228,695,17,691.0,16.0,,,705,26,709.0,23.0,,,700.0
8229,686,27,681.0,28.0,,,701,35,706.0,18.0,,,693.5
8230,688,31,685.0,24.0,,,705,15,708.0,11.0,,,696.5
8231,695,17,692.0,28.0,,,708,17,711.0,24.0,,,701.5
8232,693,37,689.0,10.0,,,708,40,712.0,13.0,,,700.5
8233,693,18,689.0,30.0,,,706,28,710.0,28.0,,,699.5
8234,694,27,690.0,24.0,,,706,28,710.0,30.0,,,700.0
8235,701,19,699.0,19.0,,,714,26,716.0,16.0,,,707.5
8236,702,37,700.0,27.0,,,712,24,714.0,27.0,,,707.0
8237,695,37,693.0,23.0,,,706,17,708.0,24.0,,,700.5
8238,699,17,697.0,25.0,,,709,32,711.0,16.0,,,704.0
8239,702,23,698.0,18.0,,,716,18,720.0,12.0,,,709.0
8240,698,35,695.0,24.0,,,705,24,708.0,10.0,,,701.5
8241,696,19,693.0,20.0,,,709,15,712.0,19.0,,,702.5
8242,695,26,691.0,29.0,,,709,27,713.0,10.0,,,702.0
8243,699,35,696.0,27.0,,,707,29,710.0,30.0,,,703.0
8244,690,32,689.0,12.0,,,707,30,708.0,19.0,,,698.5
8245,697,30,695.0,24.0,,,712,35,714.0,16.0,,,704.5
8246,700,30,697.0,11.0,,,705,31,708.0,15.0,,,702.5
8247,696,31,694.0,14.0,693.0,15.0,708,27,710.0,24.0,711.0,7.0,702.0
8248,694,23,692.0,11.0,,,712,40,714.0,28.0,,,703.0
8249,695,34,694.0,18.0,,,705,19,706.0,28.0,,,700.0
8250,694,35,692.0,30.0,,,709,37,711.0,25.0,,,701.5
8251,689,22,686.0,18.0,,,704,36,707.0,29.0,,,696.5
8252,691,25,,,,,706,19,,,,,698.5
8253,690,21,687.0,28.0,,,705,23,708.0,19.0,,,697.5
8254,688,32,687.0,10.0,,,705,20,706.0,18.0,,,696.5
8255,689,21,686.0,29.0,683.0,6.0,700,22,703.0,27.0,706.0,9.0,694.5
8256,688,32,683.0,11.0,,,696,30,701.0,20.0,,,692.0
8257,686,32,683.0,11.0,,,699,35,702.0,27.0,,,692.5
8258,692,27,690.0,22.0,,,705,29,707.0,26.0,,,698.5
8259,690,22,,,,,711,39,,,,,700.5
8260,689,15,686.0,28.0,,,701,19,704.0,17.0,,,695.0
8261,688,28,686.0,25.0,,,701,27,703.0,12.0,,,694.5
8262,691,30,689.0,14.0,,,705,28,707.0,22.0,,,698.0
8263,693,38,688.0,20.0,685.0,18.0,705,30,710.0,21.0,713.0,15.0,699.0
8264,693,38,690.0,28.0,,,701,23,704.0,25.0,,,697.0
8265,690,38,688.0,19.0,,,705,38,707.0,21.0,,,697.5
8266,694,22,691.0,20.0,,,710,27,713.0,26.0,,,702.0
8267,694,27,693.0,27.0,,,710,15,711.0,20.0,,,702.0
8268,693,32,691.0,16.0,,,702,27,704.0,26.0,,,697.5
8269,699,26,695.0,17.0,,,710,18,714.0,28.0,,,704.5
8270,705,39,701.0,17.0,,,719,30,723.0,27.0,,,712.0
8271,712,35,707.0,16.0,,,722,39,727.0,30.0,,,717.0
8272,713,35,710.0,24.0,,,724,36,727.0,25.0,,,718.5
8273,716,15,,,,,727,36,,,,,721.5
8274,717,27,715.0,10.0,,,729,38,731.0,28.0,,,723.0
8275,716,40,715.0,18.0,,,731,31,732.0,12.0,,,723.5
8276,718,40,715.0,16.0,,,734,36,737.0,29.0,,,726.0
8277,717,40,715.0,23.0,,,733,23,735.0,28.0,,,725.0
8278,717,38,714.0,23.0,,,730,35,733.0,11.0,,,723.5
8279,716,31,711.0,28.0,,,727,36,732.0,21.0,,,721.5
8280,724,23,722.0,12.0,,,731,39,733.0,26.0,,,727.5
8281,719,31,716.0,17.0,,,732,19,735.0,11.0,,,725.5
8282,719,39,716.0,26.0,713.0,19.0,731,23,734.0,23.0,737.0,6.0,725.0
8283,716,19,713.0,11.0,,,736,21,739.0,14.0,,,726.0
8284,718,25,715.0,16.0,,,732,21,735.0,10.0,,,725.0
8285,724,38,,,,,737,34,,,,,730.5
8286,726,30,,,,,741,28,,,,,733.5
8287,726,33,722.0,24.0,,,742,29,746.0,22.0,,,734.0
8288,730,30,729.0,15.0,,,739,15,740.0,30.0,,,734.5
8289,734,24,,,,,744,30,,,,,739.0
8290,738,32,735.0,22.0,,,748,25,751.0,10.0,,,743.0
8291,741,25,737.0,11.0,734.0,5.0,752,24,756.0,19.0,759.0,8.0,746.5
8292,742,19,740.0,26.0,,,752,18,754.0,21.0,,,747.0
8293,746,32,743.0,21.0,,,758,30,761.0,20.0,,,752.0
8294,743,31,739.0,27.0,735.0,11.0,756,19,760.0,20.0,764.0,6.0,749.5
8295,741,33,738.0,27.0,,,753,32,756.0,24.0,,,747.0
8296,742,16,740.0,30.0,,,755,28,757.0,16.0,,,748.5
8297,749,17,746.0,24.0,,,754,32,757.0,30.0,,,751.5
8298,749,24,745.0,16.0,,,764,36,768.0,27.0,,,756.5
8299,752,26,749.0,11.0,,,759,37,762.0,25.0,,,755.5
8300,751,40,748.0,29.0,,,763,23,766.0,10.0,,,757.0
8301,750,25,747.0,21.0,,,764,16,767.0,27.0,,,757.0
8302,752,20,748.0,16.0,,,764,29,768.0,29.0,,,758.0
8303,753,35,750.0,19.0,748.0,5.0,766,21,769.0,29.0,771.0,15.0,759.5
8304,751,22,748.0,25.0,,,763,16,766.0,27.0,,,757.0
8305,753,25,750.0,17.0,,,764,23,767.0,25.0,,,758.5
8307,756,24,753.0,10.0,750.0,19.0,763,29,766.0,14.0,769.0,11.0,759.5
8306,758,32,755.0,11.0,,,771,21,774.0,30.0,,,764.5
8308,755,27,751.0,19.0,,,769,39,773.0,19.0,,,762.0
8309,759,17,755.0,25.0,,,769,39,773.0,28.0,,,764.0
8310,762,32,,,,,771,28,,,,,766.5
8311,768,29,765.0,11.0,,,776,26,779.0,16.0,,,772.0
8312,763,40,,,,,782,40,,,,,772.5
8313,769,38,767.0,26.0,,,782,38,784.0,20.0,,,775.5
8314,766,34,763.0,19.0,759.0,5.0,776,17,779.0,16.0,783.0,15.0,771.0
8315,769,16,767.0,22.0,,,785,35,787.0,30.0,,,777.0
8316,771,18,767.0,15.0,,,782,27,786.0,22.0,,,776.5
8317,765,36,,,,,779,25,,,,,772.0
8318,768,40,765.0,21.0,,,781,29,784.0,24.0,,,774.5
8320,771,31,768.0,14.0,,,783,31,786.0,30.0,,,777.0
8321,772,16,,,,,784,38,,,,,778.0
8322,773,39,770.0,30.0,,,783,40,786.0,10.0,,,778.0
8323,771,23,769.0,11.0,,,781,28,783.0,14.0,,,776.0
8324,768,39,765.0,25.0,,,778,23,781.0,17.0,,,773.0
8325,762,17,760.0,14.0,,,772,32,774.0,26.0,,,767.0
8326,769,15,768.0,14.0,,,777,16,778.0,29.0,,,773.0
8327,770,16,767.0,13.0,,,783,31,786.0,28.0,,,776.5
8328,771,31,767.0,27.0,,,785,23,789.0,26.0,,,778.0
8329,769,33,767.0,21.0,,,783,28,785.0,30.0,,,776.0
8330,772,28,769.0,26.0,,,782,18,785.0,16.0,,,777.0
8331,771,23,,,,,782,18,,,,,776.5
8332,772,27,770.0,17.0,,,787,18,789.0,16.0,,,779.5
8333,773,28,770.0,29.0,,,780,15,783.0,29.0,,,776.5
8334,770,30,765.0,26.0,,,777,15,782.0,18.0,,,773.5
8335,765,22,761.0,27.0,,,780,35,784.0,25.0,,,772.5
8336,765,34,,,,,777,31,,,,,771.0
8337,765,24,,,,,778,24,,,,,771.5
8338,770,22,765.0,30.0,763.0,20.0,778,40,783.0,15.0,785.0,8.0,774.0
8339,763,19,760.0,10.0,758.0,17.0,772,17,775.0,17.0,777.0,5.0,767.5
8340,765,22,762.0,29.0,,,770,26,773.0,19.0,,,767.5
8341,764,20,763.0,20.0,,,772,29,773.0,15.0,,,768.0
8342,765,25,763.0,24.0,,,772,25,774.0,24.0,,,768.5
8343,764,33,760.0,10.0,,,782,28,786.0,26.0,,,773.0
8344,773,19,771.0,21.0,770.0,18.0,783,35,785.0,18.0,786.0,19.0,778.0
8345,774,15,771.0,20.0,,,786,18,789.0,28.0,,,780.0
8346,770,31,766.0,15.0,,,782,39,786.0,19.0,,,776.0
8347,772,23,768.0,19.0,,,783,16,787.0,25.0,,,777.5
8348,772,15,769.0,16.0,,,780,30,783.0,14.0,,,776.0
8349,765,39,,,,,780,36,,,,,772.5
8350,768,32,766.0,21.0,,,776,28,778.0,14.0,,,772.0
8351,771,40,767.0,20.0,,,780,28,784.0,15.0,,,775.5
8352,768,32,764.0,29.0,,,781,35,785.0,26.0,,,774.5
8353,767,34,764.0,19.0,,,778,36,781.0,29.0,,,772.5
8354,767,16,763.0,15.0,,,776,33,780.0,18.0,,,771.5
8355,768,32,765.0,25.0,,,782,31,785.0,19.0,,,775.0
8356,777,32,774.0,29.0,,,786,16,789.0,15.0,,,781.5
8359,777,24,775.0,24.0,,,782,34,784.0,18.0,,,779.5
8358,772,17,768.0,29.0,,,785,36,789.0,12.0,,,778.5
8357,774,22,772.0,16.0,,,789,29,791.0,16.0,,,781.5
8360,778,21,,,,,790,29,,,,,784.0
8361,775,28,772.0,22.0,,,792,38,795.0,11.0,,,783.5
8362,772,37,769.0,14.0,,,785,15,788.0,15.0,,,778.5
8363,776,18,,,,,786,27,,,,,781.0
8364,776,38,773.0,16.0,768.0,8.0,787,19,790.0,14.0,795.0,17.0,781.5
8365,778,27,775.0,22.0,,,787,37,790.0,25.0,,,782.5
8366,780,21,775.0,25.0,,,794,32,799.0,20.0,,,787.0
8367,783,33,778.0,26.0,,,794,15,799.0,17.0,,,788.5
8368,781,15,778.0,25.0,,,797,30,800.0,29.0,,,789.0
8369,781,15,778.0,21.0,,,791,40,794.0,18.0,,,786.0
8370,784,25,782.0,19.0,,,792,28,794.0,18.0,,,788.0
8371,778,21,776.0,11.0,,,792,19,794.0,16.0,,,785.0
8372,779,23,775.0,17.0,,,791,28,795.0,17.0,,,785.0
8373,785,36,781.0,25.0,,,796,17,800.0,10.0,,,790.5
8374,783,15,779.0,17.0,,,797,33,801.0,23.0,,,790.0
8375,784,27,781.0,30.0,,,796,27,799.0,26.0,,,790.0
8376,786,40,782.0,13.0,,,796,28,800.0,26.0,,,791.0
8377,787,18,783.0,12.0,,,799,38,803.0,21.0,,,793.0
8378,785,25,783.0,18.0,,,796,19,798.0,23.0,,,790.5
8379,789,20,784.0,26.0,,,799,19,804.0,13.0,,,794.0
8380,787,30,784.0,20.0,,,802,35,805.0,19.0,,,794.5
8381,781,26,779.0,26.0,,,801,34,803.0,12.0,,,791.0
8382,781,23,776.0,30.0,,,794,30,799.0,16.0,,,787.5
8383,779,39,776.0,20.0,,,792,27,795.0,13.0,,,785.5
8384,781,30,777.0,11.0,,,794,31,798.0,28.0,,,787.5
8385,785,40,782.0,14.0,780.0,11.0,801,30,804.0,13.0,806.0,15.0,793.0
8386,780,22,778.0,18.0,,,795,18,797.0,30.0,,,787.5
8387,789,15,788.0,24.0,,,802,18,803.0,30.0,,,795.5
8388,789,17,787.0,12.0,,,800,35,802.0,13.0,,,794.5
8389,791,38,786.0,18.0,,,798,20,803.0,13.0,,,794.5
8390,785,30,782.0,25.0,,,801,39,804.0,12.0,,,793.0
8391,786,26,,,,,800,32,,,,,793.0
8392,787,21,785.0,18.0,,,801,34,803.0,21.0,,,794.0
8393,789,16,786.0,30.0,,,802,18,805.0,16.0,,,795.5
8394,796,28,794.0,23.0,,,803,40,805.0,26.0,,,799.5
8395,796,30,794.0,21.0,,,807,19,809.0,15.0,,,801.5
8396,793,21,791.0,30.0,786.0,19.0,804,18,806.0,19.0,811.0,18.0,798.5
8397,790,29,787.0,13.0,,,809,32,812.0,12.0,,,799.5
8398,795,37,791.0,18.0,,,805,37,809.0,21.0,,,800.0
8399,794,18,791.0,27.0,789.0,10.0,807,40,810.0,15.0,812.0,13.0,800.5
8400,792,18,787.0,26.0,,,805,33,810.0,29.0,,,798.5
8401,800,30,797.0,30.0,,,806,24,809.0,21.0,,,803.0
8402,792,32,789.0,18.0,,,813,16,816.0,17.0,,,802.5
8403,797,22,794.0,29.0,,,810,38,813.0,24.0,,,803.5
8404,795,18,792.0,13.0,,,810,19,813.0,27.0,,,802.5
8405,800,33,798.0,28.0,,,810,22,812.0,12.0,,,805.0
8406,799,15,,,,,811,31,,,,,805.0
8407,797,21,796.0,10.0,,,812,19,813.0,30.0,,,804.5
8409,795,19,793.0,22.0,,,800,35,802.0,22.0,,,797.5
8410,785,38,783.0,16.0,,,801,28,803.0,22.0,,,793.0
8411,788,17,783.0,27.0,,,796,34,801.0,18.0,,,792.0
8412,784,36,780.0,28.0,777.0,10.0,791,26,795.0,10.0,798.0,15.0,787.5
8413,782,33,779.0,30.0,,,790,27,793.0,20.0,,,786.0
8414,783,22,779.0,19.0,,,794,24,798.0,23.0,,,788.5
8415,778,39,774.0,11.0,,,790,38,794.0,27.0,,,784.0
8416,777,16,774.0,22.0,,,789,19,792.0,24.0,,,783.0
8417,776,18,,,,,791,39,,,,,783.5
8418,781,35,777.0,27.0,773.0,16.0,790,40,794.0,21.0,798.0,10.0,785.5
8419,777,30,774.0,30.0,,,791,15,794.0,16.0,,,784.0
8420,780,17,776.0,27.0,,,786,25,790.0,27.0,,,783.0
8421,777,28,775.0,11.0,,,785,37,787.0,28.0,,,781.0
8423,778,26,775.0,30.0,,,794,28,797.0,15.0,,,786.0
8424,785,38,782.0,23.0,,,794,17,797.0,10.0,,,789.5
8425,781,34,776.0,27.0,,,795,25,800.0,24.0,,,788.0
8426,781,32,779.0,25.0,,,795,24,797.0,15.0,,,788.0
8427,783,35,781.0,18.0,778.0,20.0,801,31,803.0,11.0,806.0,17.0,792.0
8428,785,19,779.0,25.0,,,798,24,804.0,28.0,,,791.5
8429,787,28,784.0,14.0,,,801,34,804.0,18.0,,,794.0
8430,784,24,782.0,29.0,,,801,15,803.0,19.0,,,792.5
8431,781,25,777.0,26.0,,,790,19,794.0,17.0,,,785.5
8432,777,28,774.0,21.0,770.0,20.0,789,26,792.0,19.0,796.0,7.0,783.0
8433,772,23,769.0,28.0,,,784,17,787.0,22.0,,,778.0
8434,768,18,763.0,12.0,761.0,6.0,781,27,786.0,25.0,788.0,16.0,774.5
8435,768,19,766.0,30.0,,,782,16,784.0,12.0,,,775.0
8436,768,18,764.0,13.0,,,782,34,786.0,12.0,,,775.0
8437,765,17,763.0,16.0,,,782,32,784.0,14.0,,,773.5
8438,766,27,762.0,15.0,,,778,17,782.0,22.0,,,772.0
8439,762,37,759.0,22.0,,,772,36,775.0,20.0,,,767.0
8440,760,23,756.0,15.0,,,772,36,776.0,21.0,,,766.0
8441,762,38,758.0,22.0,,,772,19,776.0,19.0,,,767.0
8442,762,15,760.0,12.0,,,768,22,770.0,11.0,,,765.0
8444,762,34,759.0,11.0,757.0,5.0,771,31,774.0,20.0,776.0,20.0,766.5
8445,758,36,755.0,26.0,,,772,39,775.0,20.0,,,765.0
8446,757,30,753.0,23.0,,,767,40,771.0,16.0,,,762.0
8447,754,21,750.0,14.0,,,765,38,769.0,13.0,,,759.5
8448,754,19,750.0,30.0,,,760,25,764.0,27.0,,,757.0
8449,756,17,753.0,29.0,,,768,32,771.0,13.0,,,762.0
8450,755,23,751.0,13.0,,,764,26,768.0,20.0,,,759.5
8451,761,28,758.0,25.0,,,767,40,770.0,14.0,,,764.0
8452,757,18,753.0,17.0,,,770,32,774.0,18.0,,,763.5
8453,765,30,761.0,14.0,,,776,33,780.0,26.0,,,770.5
8454,759,33,756.0,19.0,753.0,18.0,776,31,779.0,13.0,782.0,18.0,767.5
8455,758,34,756.0,25.0,752.0,17.0,769,27,771.0,29.0,775.0,9.0,763.5
8456,758,17,755.0,28.0,,,767,35,770.0,18.0,,,762.5
8457,755,38,750.0,20.0,,,768,15,773.0,21.0,,,761.5
8458,757,27,754.0,30.0,,,769,40,772.0,19.0,,,763.0
8459,755,20,752.0,19.0,,,770,18,773.0,23.0,,,762.5
8460,759,19,754.0,30.0,,,764,36,769.0,17.0,,,761.5
8461,754,19,751.0,13.0,,,767,38,770.0,28.0,,,760.5
8462,755,35,752.0,24.0,,,763,32,766.0,19.0,,,759.0
8463,754,18,,,,,770,40,,,,,762.0
8464,757,40,754.0,30.0,,,768,35,771.0,15.0,,,762.5
8465,757,15,,,,,770,39,,,,,763.5
8466,755,20,752.0,21.0,,,770,20,773.0,18.0,,,762.5
8467,757,18,754.0,23.0,,,768,17,771.0,29.0,,,762.5
8468,752,29,749.0,24.0,,,763,40,766.0,22.0,,,757.5
8469,749,40,746.0,18.0,,,760,27,763.0,13.0,,,754.5
8470,751,19,748.0,29.0,,,760,39,763.0,23.0,,,755.5
8471,749,22,746.0,23.0,,,762,36,765.0,21.0,,,755.5
8472,757,16,754.0,23.0,,,763,37,766.0,13.0,,,760.0
8473,751,16,,,,,763,16,,,,,757.0
8474,754,30,750.0,15.0,,,763,36,767.0,26.0,,,758.5
8475,753,30,752.0,29.0,,,758,20,759.0,13.0,,,755.5
8476,756,35,753.0,25.0,,,765,40,768.0,11.0,,,760.5
8477,757,25,756.0,27.0,,,776,20,777.0,12.0,,,766.5
8478,758,31,756.0,20.0,753.0,5.0,774,21,776.0,19.0,779.0,16.0,766.0
8479,760,25,757.0,21.0,,,773,25,776.0,20.0,,,766.5
8480,758,40,755.0,27.0,,,770,36,773.0,13.0,,,764.0
8481,752,34,750.0,26.0,,,765,21,767.0,16.0,,,758.5
8482,746,28,742.0,14.0,,,760,15,764.0,23.0,,,753.0
8483,745,28,742.0,14.0,,,760,40,763.0,21.0,,,752.5
8484,742,30,739.0,14.0,,,759,29,762.0,14.0,,,750.5
8485,746,30,744.0,19.0,,,754,20,756.0,15.0,,,750.0
8486,739,35,736.0,24.0,,,748,34,751.0,15.0,,,743.5
8487,738,34,736.0,24.0,,,750,35,752.0,26.0,,,744.0
8488,737,29,733.0,19.0,,,748,30,752.0,18.0,,,742.5
8489,742,34,737.0,17.0,,,748,40,753.0,25.0,,,745.0
8490,740,27,738.0,11.0,,,749,15,751.0,19.0,,,744.5
8491,734,40,731.0,23.0,,,741,16,744.0,28.0,,,737.5
8492,733,15,730.0,24.0,,,744,26,747.0,26.0,,,738.5
8493,737,25,735.0,16.0,,,747,15,749.0,16.0,,,742.0
8494,736,27,732.0,28.0,,,748,36,752.0,30.0,,,742.0
8495,735,28,734.0,27.0,731.0,10.0,744,30,745.0,30.0,748.0,16.0,739.5
8496,735,21,731.0,16.0,,,742,38,746.0,27.0,,,738.5
8497,727,35,724.0,29.0,,,739,37,742.0,13.0,,,733.0
8498,732,37,729.0,21.0,,,749,32,752.0,29.0,,,740.5
8499,730,19,726.0,11.0,,,742,39,746.0,13.0,,,736.0
8500,733,18,729.0,25.0,,,746,34,750.0,29.0,,,739.5
8501,736,20,733.0,29.0,,,748,31,751.0,12.0,,,742.0
8502,741,27,739.0,17.0,,,755,28,757.0,23.0,,,748.0
8503,740,25,738.0,23.0,,,757,19,759.0,14.0,,,748.5
8504,738,25,735.0,26.0,,,757,37,760.0,30.0,,,747.5
8505,741,38,738.0,18.0,,,745,33,748.0,25.0,,,743.0
8506,741,18,737.0,16.0,,,747,36,751.0,17.0,,,744.0
8507,742,33,740.0,25.0,,,756,26,758.0,16.0,,,749.0
8508,754,40,751.0,23.0,,,761,19,764.0,18.0,,,757.5
8509,753,25,750.0,23.0,748.0,13.0,764,31,767.0,13.0,769.0,12.0,758.5
8510,758,36,755.0,15.0,,,771,39,774.0,30.0,,,764.5
8511,763,36,760.0,10.0,,,775,40,778.0,27.0,,,769.0
8512,757,23,754.0,27.0,,,768,17,771.0,29.0,,,762.5
8513,754,39,750.0,13.0,747.0,7.0,765,31,769.0,18.0,772.0,18.0,759.5
8514,756,17,752.0,28.0,,,767,27,771.0,18.0,,,761.5
8515,760,16,758.0,30.0,,,772,15,774.0,22.0,,,766.0
8516,762,36,761.0,16.0,,,774,32,775.0,25.0,,,768.0
8517,761,38,759.0,18.0,,,772,30,774.0,22.0,,,766.5
8518,756,36,753.0,24.0,,,771,22,774.0,16.0,,,763.5
8519,750,35,745.0,29.0,,,765,36,770.0,12.0,,,757.5
8520,756,30,752.0,16.0,,,764,20,768.0,11.0,,,760.0
8521,755,21,751.0,27.0,,,769,34,773.0,20.0,,,762.0
8522,764,19,762.0,16.0,,,770,27,772.0,20.0,,,767.0
8523,760,23,757.0,19.0,,,778,22,781.0,12.0,,,769.0
8524,764,40,762.0,17.0,761.0,14.0,779,30,781.0,12.0,782.0,10.0,771.5
8525,779,26,776.0,22.0,,,787,26,790.0,20.0,,,783.0
8526,785,31,781.0,29.0,,,800,20,804.0,30.0,,,792.5
8531,785,28,782.0,14.0,,,796,29,799.0,26.0,,,790.5
8528,797,20,,,,,807,27,,,,,802.0
8533,763,28,760.0,11.0,,,778,20,781.0,25.0,,,770.5
8530,791,25,788.0,15.0,,,801,27,804.0,13.0,,,796.0
8527,788,17,785.0,19.0,,,803,29,806.0,23.0,,,795.5
8529,795,25,793.0,30.0,,,802,29,804.0,16.0,,,798.5
8532,771,21,767.0,19.0,,,787,24,791.0,17.0,,,779.0
8534,766,29,763.0,23.0,,,781,27,784.0,26.0,,,773.5
8535,763,27,760.0,15.0,,,774,21,777.0,20.0,,,768.5
8536,766,29,762.0,28.0,,,773,38,777.0,14.0,,,769.5
8537,761,16,759.0,23.0,,,774,26,776.0,15.0,,,767.5
8538,760,39,759.0,17.0,,,775,24,776.0,13.0,,,767.5
8539,760,26,756.0,18.0,,,773,33,777.0,13.0,,,766.5
8540,761,33,759.0,24.0,,,775,38,777.0,29.0,,,768.0
8541,763,32,760.0,10.0,,,772,22,775.0,25.0,,,767.5
8542,759,17,757.0,28.0,,,772,29,774.0,15.0,,,765.5
8543,756,23,752.0,21.0,,,764,17,768.0,25.0,,,760.0
8544,755,16,751.0,13.0,,,767,18,771.0,27.0,,,761.0
8545,753,16,749.0,25.0,,,769,16,773.0,24.0,,,761.0
8546,750,15,748.0,12.0,,,764,18,766.0,14.0,,,757.0
8547,752,29,749.0,26.0,746.0,20.0,759,20,762.0,26.0,765.0,16.0,755.5
8548,751,33,748.0,17.0,,,762,18,765.0,21.0,,,756.5
8549,763,40,761.0,30.0,,,773,30,775.0,12.0,,,768.0
8550,772,35,771.0,26.0,,,780,37,781.0,12.0,,,776.0
8551,770,39,769.0,12.0,,,782,16,783.0,26.0,,,776.0
8552,774,15,770.0,14.0,768.0,10.0,788,36,792.0,19.0,794.0,11.0,781.0
8553,772,26,769.0,11.0,,,784,30,787.0,19.0,,,778.0
8554,775,27,772.0,20.0,,,787,15,790.0,25.0,,,781.0
8555,778,25,775.0,19.0,,,791,15,794.0,11.0,,,784.5
8556,775,29,771.0,24.0,768.0,7.0,785,18,789.0,30.0,792.0,17.0,780.0
8557,777,38,775.0,17.0,,,794,31,796.0,16.0,,,785.5
8558,783,33,780.0,17.0,,,797,16,800.0,30.0,,,790.0
8559,775,16,771.0,13.0,,,789,25,793.0,30.0,,,782.0
8560,774,28,771.0,24.0,,,791,27,794.0,15.0,,,782.5
8561,777,30,773.0,26.0,,,788,18,792.0,18.0,,,782.5
8562,780,22,777.0,10.0,,,795,24,798.0,13.0,,,787.5
8563,782,16,779.0,21.0,,,794,26,797.0,27.0,,,788.0
8564,782,17,780.0,15.0,,,801,22,803.0,19.0,,,791.5
8565,790,17,787.0,17.0,,,801,31,804.0,10.0,,,795.5
8566,786,26,785.0,16.0,,,796,17,797.0,10.0,,,791.0
8567,788,19,785.0,19.0,,,798,34,801.0,16.0,,,793.0
8568,787,33,786.0,23.0,783.0,11.0,794,18,795.0,29.0,798.0,7.0,790.5
8569,776,28,773.0,20.0,772.0,9.0,792,37,795.0,22.0,796.0,20.0,784.0
8570,779,24,776.0,23.0,,,788,22,791.0,10.0,,,783.5
8571,778,39,774.0,20.0,,,792,38,796.0,26.0,,,785.0
8572,780,33,776.0,22.0,,,787,20,791.0,24.0,,,783.5
8573,775,36,771.0,16.0,,,789,37,793.0,14.0,,,782.0
8574,779,26,775.0,25.0,,,793,23,797.0,12.0,,,786.0
8575,785,24,784.0,13.0,,,796,17,797.0,16.0,,,790.5
8576,788,29,785.0,22.0,,,806,29,809.0,20.0,,,797.0
8577,785,32,783.0,18.0,,,803,40,805.0,30.0,,,794.0
8578,778,35,775.0,13.0,772.0,9.0,788,30,791.0,25.0,794.0,17.0,783.0
8579,769,19,765.0,16.0,,,777,25,781.0,21.0,,,773.0
8580,762,26,757.0,27.0,,,771,16,776.0,13.0,,,766.5
8581,761,17,759.0,14.0,,,774,17,776.0,18.0,,,767.5
8582,748,27,744.0,21.0,,,761,26,765.0,15.0,,,754.5
8583,735,25,733.0,26.0,,,753,15,755.0,10.0,,,744.0
8584,744,30,742.0,21.0,,,753,40,755.0,26.0,,,748.5
8585,748,39,,,,,757,15,,,,,752.5
8586,749,30,745.0,29.0,,,760,31,764.0,19.0,,,754.5
8587,748,40,747.0,24.0,,,761,35,762.0,20.0,,,754.5
8588,749,33,744.0,16.0,,,758,18,763.0,14.0,,,753.5
8589,743,22,741.0,30.0,,,758,32,760.0,15.0,,,750.5
8590,745,24,743.0,18.0,,,759,24,761.0,23.0,,,752.0
8591,749,19,746.0,22.0,,,763,31,766.0,29.0,,,756.0
8592,746,34,742.0,18.0,,,765,16,769.0,22.0,,,755.5
8593,756,18,753.0,29.0,,,769,35,772.0,17.0,,,762.5
8594,763,30,758.0,27.0,,,774,40,779.0,17.0,,,768.5
8595,758,28,757.0,23.0,,,780,17,781.0,30.0,,,769.0
8596,763,38,760.0,25.0,758.0,14.0,774,30,777.0,14.0,779.0,8.0,768.5
8597,767,17,764.0,10.0,,,779,30,782.0,16.0,,,773.0
8598,769,17,764.0,28.0,,,779,22,784.0,24.0,,,774.0
8599,762,27,758.0,23.0,,,772,16,776.0,20.0,,,767.0
8600,765,38,763.0,29.0,,,777,21,779.0,16.0,,,771.0
8601,769,36,767.0,14.0,,,781,35,783.0,14.0,,,775.0
8602,778,21,774.0,10.0,,,790,18,794.0,17.0,,,784.0
8603,786,18,782.0,27.0,,,796,27,800.0,10.0,,,791.0
8604,781,37,777.0,14.0,,,793,17,797.0,11.0,,,787.0
8606,782,38,779.0,28.0,775.0,18.0,792,23,795.0,30.0,799.0,17.0,787.0
8607,787,31,784.0,10.0,,,800,31,803.0,21.0,,,793.5
8608,787,20,785.0,30.0,,,801,36,803.0,22.0,,,794.0
8609,791,34,789.0,29.0,,,802,17,804.0,27.0,,,796.5
8610,791,27,787.0,16.0,784.0,11.0,804,33,808.0,23.0,811.0,10.0,797.5
8614,796,23,795.0,11.0,,,807,26,808.0,22.0,,,801.5
8612,796,29,791.0,30.0,,,807,37,812.0,28.0,,,801.5
8613,793,39,790.0,30.0,,,807,39,810.0,26.0,,,800.0
8611,795,27,791.0,25.0,,,803,18,807.0,15.0,,,799.0
8615,799,34,795.0,13.0,,,807,27,811.0,10.0,,,803.0
8616,801,30,799.0,24.0,,,814,18,816.0,20.0,,,807.5
8617,803,24,798.0,16.0,,,809,29,814.0,27.0,,,806.0
8618,807,26,806.0,27.0,,,816,38,817.0,14.0,,,811.5
8619,815,32,810.0,10.0,,,826,20,831.0,20.0,,,820.5
8620,811,21,808.0,15.0,804.0,5.0,823,28,826.0,25.0,830.0,6.0,817.0
8621,815,16,811.0,12.0,,,827,22,831.0,30.0,,,821.0
8622,814,22,813.0,19.0,,,825,32,826.0,29.0,,,819.5
8623,814,19,811.0,18.0,,,828,24,831.0,22.0,,,821.0
8624,814,24,,,,,822,34,,,,,818.0
8625,808,29,803.0,27.0,,,823,30,828.0,28.0,,,815.5
8626,818,37,816.0,18.0,,,830,34,832.0,29.0,,,824.0
8627,810,17,808.0,10.0,,,824,28,826.0,30.0,,,817.0
8628,810,24,808.0,26.0,,,820,20,822.0,12.0,,,815.0
8629,805,26,,,,,817,33,,,,,811.0
8630,789,18,786.0,30.0,,,805,38,808.0,21.0,,,797.0
8631,793,39,790.0,20.0,,,803,22,806.0,16.0,,,798.0
8632,794,23,792.0,14.0,,,808,35,810.0,24.0,,,801.0
8633,789,39,786.0,12.0,,,799,40,802.0,12.0,,,794.0
8634,800,19,796.0,21.0,,,813,28,817.0,12.0,,,806.5
8639,790,23,787.0,20.0,,,802,28,805.0,23.0,,,796.0
8636,799,33,796.0,15.0,792.0,11.0,813,17,816.0,13.0,820.0,14.0,806.0
8637,793,19,791.0,27.0,,,807,30,809.0,21.0,,,800.0
8638,791,33,788.0,22.0,,,801,22,804.0,17.0,,,796.0
8635,800,33,798.0,17.0,,,813,23,815.0,21.0,,,806.5
8640,799,29,797.0,12.0,795.0,18.0,808,36,810.0,30.0,812.0,18.0,803.5
8641,802,16,800.0,30.0,,,814,30,816.0,23.0,,,808.0
8642,801,36,798.0,17.0,795.0,10.0,809,38,812.0,21.0,815.0,18.0,805.0
8643,800,24,797.0,16.0,,,810,19,813.0,24.0,,,805.0
8644,795,24,,,,,805,18,,,,,800.0
8645,787,25,784.0,18.0,,,801,24,804.0,24.0,,,794.0
8646,781,23,778.0,25.0,,,797,17,800.0,11.0,,,789.0
8647,778,21,,,,,791,35,,,,,784.5
8648,776,33,773.0,25.0,,,792,19,795.0,24.0,,,784.0
8649,772,30,770.0,23.0,,,787,37,789.0,29.0,,,779.5
8650,776,16,773.0,15.0,,,786,18,789.0,18.0,,,781.0
8651,782,17,779.0,26.0,,,789,20,792.0,17.0,,,785.5
8652,777,36,774.0,25.0,771.0,8.0,791,36,794.0,12.0,797.0,12.0,784.0
8653,774,38,770.0,23.0,,,788,33,792.0,16.0,,,781.0
8654,779,31,776.0,21.0,,,793,18,796.0,16.0,,,786.0
8655,783,17,778.0,19.0,,,787,20,792.0,27.0,,,785.0
8656,778,21,774.0,18.0,,,792,29,796.0,19.0,,,785.0
8657,783,31,780.0,30.0,,,800,29,803.0,22.0,,,791.5
8658,783,36,780.0,10.0,,,793,34,796.0,30.0,,,788.0
8659,779,26,776.0,13.0,,,795,20,798.0,20.0,,,787.0
8660,783,33,780.0,11.0,,,794,28,797.0,14.0,,,788.5
8661,788,25,786.0,14.0,,,800,20,802.0,27.0,,,794.0
8662,790,16,786.0,17.0,,,805,40,809.0,12.0,,,797.5
8663,790,28,787.0,10.0,,,801,28,804.0,16.0,,,795.5
8664,788,23,785.0,17.0,,,803,38,806.0,29.0,,,795.5
8665,795,27,790.0,25.0,,,806,21,811.0,28.0,,,800.5
8666,798,32,795.0,11.0,,,810,31,813.0,22.0,,,804.0
8667,801,32,799.0,22.0,,,813,37,815.0,17.0,,,807.0
8668,803,21,,,,,810,24,,,,,806.5
8671,800,32,796.0,11.0,793.0,9.0,816,20,820.0,27.0,823.0,19.0,808.0
8670,801,38,796.0,30.0,,,814,28,819.0,26.0,,,807.5
8669,806,28,801.0,29.0,,,816,36,821.0,27.0,,,811.0
8672,802,37,798.0,30.0,,,811,34,815.0,26.0,,,806.5
8673,811,31,807.0,25.0,,,825,27,829.0,26.0,,,818.0
8674,813,37,812.0,19.0,,,825,23,826.0,21.0,,,819.0
8675,805,24,802.0,28.0,798.0,13.0,821,23,824.0,21.0,828.0,9.0,813.0
8676,810,29,807.0,30.0,,,820,15,823.0,18.0,,,815.0
8677,807,17,804.0,14.0,,,822,27,825.0,27.0,,,814.5
8678,811,19,807.0,29.0,,,825,18,829.0,12.0,,,818.0
8679,806,28,803.0,11.0,,,816,21,819.0,11.0,,,811.0
8681,803,23,,,,,813,18,,,,,808.0
8682,802,27,798.0,26.0,,,821,15,825.0,29.0,,,811.5
8687,810,32,807.0,15.0,,,821,21,824.0,10.0,,,815.5
8684,814,37,810.0,25.0,,,826,39,830.0,29.0,,,820.0
8685,821,34,817.0,14.0,,,833,28,837.0,25.0,,,827.0
8686,815,33,811.0,20.0,,,825,15,829.0,25.0,,,820.0
8683,808,20,805.0,30.0,803.0,14.0,823,28,826.0,12.0,828.0,8.0,815.5
8689,812,33,810.0,18.0,,,826,25,828.0,14.0,,,819.0
8690,810,40,808.0,23.0,,,820,32,822.0,27.0,,,815.0
8691,801,25,799.0,28.0,,,814,16,816.0,17.0,,,807.5
8692,809,35,806.0,14.0,,,820,30,823.0,30.0,,,814.5
8693,810,30,808.0,22.0,,,821,22,823.0,29.0,,,815.5
8694,802,26,800.0,12.0,,,818,15,820.0,25.0,,,810.0
8695,807,22,805.0,19.0,,,820,20,822.0,30.0,,,813.5
8696,810,39,807.0,10.0,,,825,23,828.0,13.0,,,817.5
8697,816,20,813.0,23.0,,,827,23,830.0,11.0,,,821.5
8698,814,25,810.0,29.0,807.0,12.0,826,23,830.0,28.0,833.0,17.0,820.0
8699,810,38,806.0,23.0,,,820,39,824.0,21.0,,,815.0
8700,804,27,802.0,11.0,,,820,31,822.0,14.0,,,812.0
8701,813,16,808.0,26.0,,,822,24,827.0,21.0,,,817.5
8702,806,23,804.0,19.0,,,817,24,819.0,26.0,,,811.5
8703,802,32,801.0,10.0,,,813,35,814.0,14.0,,,807.5
8704,801,33,797.0,14.0,,,812,34,816.0,13.0,,,806.5
8705,798,37,794.0,11.0,791.0,6.0,811,23,815.0,21.0,818.0,14.0,804.5
8706,795,30,794.0,15.0,,,804,38,805.0,18.0,,,799.5
8707,787,15,783.0,18.0,,,802,37,806.0,13.0,,,794.5
8708,787,17,786.0,14.0,,,802,17,803.0,20.0,,,794.5
8709,790,17,787.0,20.0,,,807,26,810.0,29.0,,,798.5
8710,792,31,788.0,26.0,,,802,28,806.0,20.0,,,797.0
8711,781,25,778.0,24.0,,,796,34,799.0,23.0,,,788.5
8712,786,30,783.0,12.0,,,795,16,798.0,21.0,,,790.5
8713,779,39,777.0,17.0,,,791,23,793.0,18.0,,,785.0
8714,783,26,779.0,15.0,,,796,21,800.0,20.0,,,789.5
8715,783,29,,,,,796,28,,,,,789.5
8716,783,28,,,,,794,38,,,,,788.5
8717,780,30,776.0,23.0,,,791,39,795.0,29.0,,,785.5
8718,768,19,765.0,30.0,,,785,16,788.0,28.0,,,776.5
8719,774,28,772.0,20.0,,,784,32,786.0,17.0,,,779.0
8720,777,33,773.0,12.0,,,789,27,793.0,26.0,,,783.0
8721,768,27,764.0,21.0,,,787,31,791.0,23.0,,,777.5
8722,771,17,768.0,10.0,767.0,19.0,781,29,784.0,11.0,785.0,20.0,776.0
8723,772,24,768.0,19.0,,,785,27,789.0,23.0,,,778.5
8724,767,29,762.0,28.0,,,777,19,782.0,18.0,,,772.0
8725,763,30,761.0,27.0,,,774,38,776.0,12.0,,,768.5
8726,759,38,757.0,18.0,,,775,31,777.0,16.0,,,767.0
8727,749,35,747.0,23.0,,,760,33,762.0,16.0,,,754.5
8728,745,26,742.0,17.0,738.0,19.0,757,22,760.0,13.0,764.0,12.0,751.0
8729,743,31,741.0,30.0,,,760,19,762.0,20.0,,,751.5
8730,739,19,736.0,12.0,,,753,30,756.0,27.0,,,746.0
8731,741,24,739.0,22.0,,,749,22,751.0,25.0,,,745.0
8732,743,35,740.0,25.0,,,753,32,756.0,12.0,,,748.0
8733,741,25,739.0,27.0,,,751,21,753.0,10.0,,,746.0
8734,742,37,,,,,754,19,,,,,748.0
8735,741,32,738.0,12.0,,,756,40,759.0,26.0,,,748.5
8736,750,34,747.0,18.0,,,764,26,767.0,15.0,,,757.0
8737,747,28,744.0,30.0,,,757,22,760.0,27.0,,,752.0
8738,761,17,757.0,29.0,,,770,36,774.0,24.0,,,765.5
8739,761,18,758.0,29.0,,,774,30,777.0,21.0,,,767.5
8740,764,22,761.0,10.0,,,780,19,783.0,23.0,,,772.0
8741,763,40,760.0,11.0,,,776,19,779.0,16.0,,,769.5
8742,759,27,756.0,23.0,,,773,21,776.0,21.0,,,766.0
8743,766,22,763.0,18.0,,,778,17,781.0,22.0,,,772.0
8744,764,34,759.0,27.0,,,775,29,780.0,23.0,,,769.5
8745,760,29,757.0,24.0,,,772,28,775.0,20.0,,,766.0
8746,761,26,756.0,22.0,,,769,15,774.0,14.0,,,765.0
8747,758,19,756.0,19.0,,,772,39,774.0,20.0,,,765.0
8748,758,21,755.0,14.0,,,774,24,777.0,29.0,,,766.0
8749,749,37,746.0,28.0,,,762,26,765.0,28.0,,,755.5
8750,752,25,,,,,764,25,,,,,758.0
8751,750,37,747.0,18.0,,,760,20,763.0,30.0,,,755.0
8752,749,30,746.0,28.0,744.0,15.0,761,15,764.0,26.0,766.0,11.0,755.0
8753,745,39,742.0,22.0,,,757,39,760.0,23.0,,,751.0
8754,748,19,746.0,12.0,,,757,36,759.0,29.0,,,752.5
8755,757,38,754.0,24.0,751.0,20.0,769,36,772.0,17.0,775.0,17.0,763.0
8756,763,36,761.0,16.0,,,775,23,777.0,14.0,,,769.0
8757,760,31,757.0,14.0,,,775,40,778.0,28.0,,,767.5
8759,768,24,765.0,23.0,,,784,30,787.0,27.0,,,776.0
8760,779,24,775.0,22.0,,,788,18,792.0,20.0,,,783.5
8761,775,40,772.0,11.0,,,784,24,787.0,28.0,,,779.5
8762,770,23,767.0,21.0,,,778,37,781.0,26.0,,,774.0
8763,761,16,760.0,16.0,,,772,21,773.0,26.0,,,766.5
8764,759,27,756.0,29.0,,,772,40,775.0,12.0,,,765.5
8765,748,29,,,,,767,35,,,,,757.5
8766,765,17,762.0,13.0,,,774,18,777.0,11.0,,,769.5
8767,765,39,761.0,14.0,,,771,36,775.0,10.0,,,768.0
8768,771,35,767.0,30.0,,,779,18,783.0,27.0,,,775.0
8769,774,30,773.0,21.0,,,783,15,784.0,20.0,,,778.5
8770,780,19,,,,,792,39,,,,,786.0
8771,774,31,771.0,28.0,768.0,13.0,786,35,789.0,30.0,792.0,18.0,780.0
8772,780,30,777.0,26.0,,,790,26,793.0,13.0,,,785.0
8773,771,25,770.0,23.0,,,781,15,782.0,18.0,,,776.0
8774,780,19,777.0,27.0,,,793,31,796.0,27.0,,,786.5
8775,771,35,766.0,23.0,,,785,19,790.0,28.0,,,778.0
8776,773,22,769.0,26.0,767.0,16.0,783,16,787.0,14.0,789.0,15.0,778.0
8777,773,24,770.0,26.0,,,784,18,787.0,21.0,,,778.5
8778,773,28,771.0,21.0,,,785,18,787.0,20.0,,,779.0
8779,773,21,770.0,23.0,767.0,16.0,785,19,788.0,23.0,791.0,15.0,779.0
8780,768,29,765.0,13.0,,,783,32,786.0,30.0,,,775.5
8781,763,37,762.0,18.0,,,776,15,777.0,26.0,,,769.5
8782,762,17,759.0,30.0,,,772,23,775.0,22.0,,,767.0
8783,762,15,759.0,22.0,,,768,40,771.0,11.0,,,765.0
8784,760,21,755.0,24.0,,,770,29,775.0,18.0,,,765.0
8785,771,39,768.0,30.0,,,781,36,784.0,23.0,,,776.0
8786,772,23,771.0,17.0,,,781,39,782.0,10.0,,,776.5
8787,768,28,,,,,780,19,,,,,774.0
8788,751,36,,,,,765,20,,,,,758.0
8789,747,26,745.0,25.0,,,764,32,766.0,11.0,,,755.5
8790,751,33,748.0,11.0,,,758,38,761.0,21.0,,,754.5
8791,744,19,741.0,10.0,,,750,37,753.0,17.0,,,747.0
8792,744,19,742.0,21.0,,,756,35,758.0,11.0,,,750.0
8793,738,30,735.0,20.0,,,749,29,752.0,24.0,,,743.5
8794,737,34,734.0,17.0,,,747,39,750.0,10.0,,,742.0
8795,735,32,733.0,21.0,,,744,25,746.0,17.0,,,739.5
8796,744,38,741.0,13.0,,,746,33,749.0,15.0,,,745.0
8797,739,20,738.0,28.0,,,756,33,757.0,21.0,,,747.5
8798,741,35,738.0,23.0,,,749,26,752.0,22.0,,,745.0
8799,732,32,,,,,741,17,,,,,736.5
8800,742,28,740.0,20.0,,,751,34,753.0,18.0,,,746.5
8801,747,39,744.0,11.0,,,751,26,754.0,10.0,,,749.0
8802,747,17,744.0,13.0,,,760,35,763.0,11.0,,,753.5
8803,737,25,734.0,28.0,,,751,29,754.0,23.0,,,744.0
8804,733,32,730.0,30.0,,,746,39,749.0,25.0,,,739.5
8805,734,18,731.0,26.0,,,746,25,749.0,27.0,,,740.0
8806,730,21,,,,,746,27,,,,,738.0
8807,728,31,725.0,11.0,,,744,39,747.0,19.0,,,736.0
8808,727,28,724.0,12.0,,,743,35,746.0,12.0,,,735.0
8809,731,35,727.0,20.0,,,739,37,743.0,19.0,,,735.0
8810,737,34,733.0,17.0,,,748,32,752.0,22.0,,,742.5
8811,732,24,729.0,13.0,,,749,34,752.0,23.0,,,740.5
8812,740,38,738.0,11.0,,,754,29,756.0,11.0,,,747.0
8813,735,18,733.0,26.0,,,749,31,751.0,30.0,,,742.0
8814,736,39,732.0,13.0,,,748,23,752.0,21.0,,,742.0
8815,724,34,720.0,10.0,718.0,17.0,742,20,746.0,25.0,748.0,18.0,733.0
8816,729,26,726.0,20.0,,,747,24,750.0,19.0,,,738.0
8817,731,37,,,,,743,22,,,,,737.0
8818,725,38,722.0,18.0,,,737,38,740.0,23.0,,,731.0
8819,728,21,725.0,23.0,,,737,19,740.0,28.0,,,732.5
8820,718,31,717.0,12.0,,,733,31,734.0,20.0,,,725.5
8821,720,33,716.0,10.0,,,732,30,736.0,26.0,,,726.0
8822,725,34,722.0,27.0,,,738,38,741.0,22.0,,,731.5
8823,730,31,726.0,28.0,723.0,18.0,740,22,744.0,16.0,747.0,16.0,735.0
8824,729,36,728.0,20.0,,,743,37,744.0,26.0,,,736.0
8825,739,34,735.0,23.0,,,751,31,755.0,23.0,,,745.0
8826,748,35,745.0,30.0,,,755,33,758.0,12.0,,,751.5
8827,737,39,735.0,25.0,,,744,26,746.0,30.0,,,740.5
8828,740,29,737.0,17.0,,,752,39,755.0,17.0,,,746.0
8829,737,17,734.0,19.0,,,751,27,754.0,20.0,,,744.0
8830,734,20,732.0,30.0,,,743,29,745.0,27.0,,,738.5
8831,737,38,733.0,19.0,,,749,16,753.0,11.0,,,743.0
8833,739,19,735.0,16.0,,,754,31,758.0,14.0,,,746.5
8834,741,18,739.0,13.0,,,753,20,755.0,24.0,,,747.0
8835,741,35,736.0,24.0,,,749,19,754.0,14.0,,,745.0
8836,741,31,738.0,30.0,736.0,18.0,750,40,753.0,30.0,755.0,18.0,745.5
8837,739,23,735.0,11.0,,,753,16,757.0,18.0,,,746.0
8838,745,16,,,,,757,35,,,,,751.0
8839,740,15,738.0,29.0,,,751,22,753.0,21.0,,,745.5
8840,742,34,739.0,29.0,,,754,37,757.0,11.0,,,748.0
8841,740,33,739.0,26.0,,,752,28,753.0,28.0,,,746.0
8842,746,17,743.0,16.0,,,759,37,762.0,19.0,,,752.5
8843,749,40,746.0,19.0,,,761,20,764.0,20.0,,,755.0
8844,751,15,748.0,15.0,,,759,18,762.0,26.0,,,755.0
8845,745,40,741.0,13.0,,,756,26,760.0,20.0,,,750.5
8846,747,25,744.0,28.0,,,760,33,763.0,16.0,,,753.5
8847,740,35,736.0,20.0,,,757,26,761.0,26.0,,,748.5
8848,747,15,743.0,20.0,,,760,35,764.0,21.0,,,753.5
8849,742,24,740.0,29.0,,,753,21,755.0,30.0,,,747.5
8850,742,28,739.0,26.0,,,752,32,755.0,12.0,,,747.0
8851,746,39,742.0,28.0,,,756,37,760.0,11.0,,,751.0
8852,743,27,740.0,21.0,,,754,15,757.0,13.0,,,748.5
8853,741,31,739.0,23.0,,,751,19,753.0,24.0,,,746.0
8854,735,18,733.0,17.0,,,745,23,747.0,18.0,,,740.0
8856,745,25,742.0,21.0,,,754,21,757.0,28.0,,,749.5
8857,746,31,742.0,21.0,,,758,35,762.0,26.0,,,752.0
8858,736,22,733.0,10.0,,,751,17,754.0,28.0,,,743.5
8859,742,34,738.0,15.0,737.0,10.0,754,34,758.0,11.0,759.0,5.0,748.0
8861,736,21,732.0,19.0,,,747,16,751.0,15.0,,,741.5
8862,728,38,726.0,25.0,,,742,36,744.0,10.0,,,735.0
8863,723,37,722.0,30.0,,,735,23,736.0,14.0,,,729.0
8864,722,26,720.0,22.0,,,730,28,732.0,29.0,,,726.0
8865,711,26,708.0,23.0,,,719,21,722.0,17.0,,,715.0
8866,716,28,713.0,28.0,,,725,33,728.0,16.0,,,720.5
8867,703,34,,,,,718,33,,,,,710.5
8868,708,40,707.0,13.0,705.0,11.0,721,33,722.0,26.0,724.0,11.0,714.5
8869,721,15,720.0,15.0,,,730,34,731.0,19.0,,,725.5
8870,724,28,720.0,11.0,,,735,20,739.0,25.0,,,729.5
8871,718,20,716.0,27.0,,,730,34,732.0,11.0,,,724.0
8872,724,29,722.0,28.0,,,731,20,733.0,29.0,,,727.5
8873,732,31,,,,,740,20,,,,,736.0
8874,729,21,725.0,17.0,,,738,23,742.0,22.0,,,733.5
8875,733,22,730.0,23.0,,,747,30,750.0,12.0,,,740.0
8876,734,32,731.0,29.0,,,752,38,755.0,14.0,,,743.0
8877,742,15,739.0,29.0,,,754,24,757.0,10.0,,,748.0
8878,739,22,,,,,749,26,,,,,744.0
8879,737,28,734.0,25.0,,,749,24,752.0,23.0,,,743.0
8880,732,38,730.0,21.0,,,747,21,749.0,28.0,,,739.5
8881,742,30,738.0,24.0,735.0,20.0,752,39,756.0,18.0,759.0,5.0,747.0
8882,736,31,734.0,28.0,,,750,23,752.0,10.0,,,743.0
8883,748,35,,,,,759,31,,,,,753.5
8884,740,35,737.0,26.0,,,752,27,755.0,20.0,,,746.0
8885,741,23,738.0,14.0,,,756,34,759.0,22.0,,,748.5
8886,747,20,743.0,14.0,,,757,36,761.0,29.0,,,752.0
8887,743,30,739.0,15.0,,,752,33,756.0,22.0,,,747.5
8888,749,27,744.0,12.0,741.0,12.0,761,24,766.0,12.0,769.0,8.0,755.0
8889,749,18,745.0,21.0,741.0,15.0,769,15,773.0,10.0,777.0,16.0,759.0
8890,753,21,750.0,13.0,747.0,19.0,765,19,768.0,26.0,771.0,20.0,759.0
8891,752,28,751.0,16.0,,,761,32,762.0,15.0,,,756.5
8892,751,32,749.0,21.0,,,758,18,760.0,29.0,,,754.5
8893,746,40,,,,,757,24,,,,,751.5
8894,745,33,742.0,23.0,,,760,19,763.0,14.0,,,752.5
8895,741,19,,,,,757,31,,,,,749.0
8896,737,23,735.0,15.0,,,751,33,753.0,10.0,,,744.0
8897,745,30,,,,,756,37,,,,,750.5
8898,741,35,737.0,24.0,,,749,18,753.0,14.0,,,745.0
8899,737,34,734.0,22.0,,,750,28,753.0,24.0,,,743.5
8900,737,34,733.0,19.0,,,749,28,753.0,30.0,,,743.0
8901,738,38,736.0,14.0,,,744,27,746.0,12.0,,,741.0
8902,730,35,727.0,12.0,,,747,23,750.0,13.0,,,738.5
8903,729,24,727.0,17.0,,,737,39,739.0,12.0,,,733.0
8904,729,35,,,,,740,31,,,,,734.5
8905,721,19,717.0,29.0,,,735,17,739.0,16.0,,,728.0
8906,718,32,715.0,20.0,,,731,33,734.0,24.0,,,724.5
8907,721,21,718.0,14.0,,,735,23,738.0,10.0,,,728.0
8908,717,38,715.0,29.0,,,726,23,728.0,23.0,,,721.5
8909,714,15,712.0,20.0,,,727,26,729.0,25.0,,,720.5
8910,715,38,711.0,28.0,,,729,28,733.0,17.0,,,722.0
8911,714,28,712.0,10.0,,,726,15,728.0,28.0,,,720.0
8912,708,38,,,,,727,29,,,,,717.5
8913,706,27,704.0,23.0,,,714,22,716.0,10.0,,,710.0
8914,704,17,702.0,25.0,,,720,27,722.0,25.0,,,712.0
8915,711,33,708.0,25.0,,,723,26,726.0,18.0,,,717.0
8916,714,39,712.0,17.0,,,727,19,729.0,29.0,,,720.5
8917,712,39,707.0,12.0,,,731,35,736.0,20.0,,,721.5
8918,713,23,711.0,21.0,,,723,19,725.0,13.0,,,718.0
8919,718,25,714.0,18.0,,,726,17,730.0,24.0,,,722.0
8920,713,16,711.0,19.0,,,721,32,723.0,28.0,,,717.0
8921,722,37,718.0,22.0,,,728,40,732.0,24.0,,,725.0
8922,718,16,714.0,20.0,,,725,35,729.0,30.0,,,721.5
8923,719,39,,,,,733,26,,,,,726.0
8924,724,22,720.0,20.0,,,740,21,744.0,15.0,,,732.0
8925,720,16,717.0,18.0,,,731,17,734.0,15.0,,,725.5
8926,722,30,718.0,15.0,,,735,35,739.0,22.0,,,728.5
8927,722,35,718.0,10.0,,,738,36,742.0,17.0,,,730.0
8928,724,29,721.0,21.0,,,737,36,740.0,18.0,,,730.5
8929,720,39,717.0,18.0,,,735,32,738.0,11.0,,,727.5
8930,724,21,720.0,13.0,,,734,29,738.0,16.0,,,729.0
8931,718,36,716.0,15.0,,,731,29,733.0,17.0,,,724.5
8932,719,30,716.0,23.0,,,736,36,739.0,16.0,,,727.5
8933,735,33,732.0,15.0,,,745,39,748.0,26.0,,,740.0
8934,734,20,730.0,20.0,728.0,6.0,746,17,750.0,14.0,752.0,20.0,740.0
8935,729,34,726.0,12.0,,,747,38,750.0,29.0,,,738.0
8936,741,22,739.0,24.0,,,754,29,756.0,15.0,,,747.5
8937,742,16,739.0,29.0,,,751,32,754.0,24.0,,,746.5
8938,738,36,734.0,29.0,,,748,17,752.0,29.0,,,743.0
8939,735,18,732.0,15.0,,,745,29,748.0,14.0,,,740.0
8940,734,32,731.0,18.0,,,743,18,746.0,21.0,,,738.5
8941,741,15,739.0,21.0,,,753,30,755.0,30.0,,,747.0
8942,744,26,740.0,24.0,,,758,23,762.0,26.0,,,751.0
8943,741,36,739.0,21.0,,,747,22,749.0,25.0,,,744.0
8944,739,32,735.0,10.0,,,754,25,758.0,28.0,,,746.5
8945,744,31,740.0,28.0,,,755,17,759.0,10.0,,,749.5
8946,749,26,745.0,10.0,,,760,24,764.0,24.0,,,754.5
8947,752,18,751.0,23.0,,,761,16,762.0,16.0,,,756.5
8948,752,31,,,,,761,19,,,,,756.5
8949,741,33,738.0,15.0,,,763,22,766.0,19.0,,,752.0
8950,745,27,742.0,23.0,,,757,24,760.0,29.0,,,751.0
8951,744,40,740.0,13.0,737.0,18.0,760,32,764.0,17.0,767.0,14.0,752.0
8952,746,20,743.0,12.0,,,760,35,763.0,19.0,,,753.0
8953,747,31,,,,,755,30,,,,,751.0
8954,745,15,742.0,29.0,,,754,39,757.0,12.0,,,749.5
8955,742,22,740.0,26.0,,,755,17,757.0,22.0,,,748.5
8956,743,29,742.0,13.0,,,758,29,759.0,27.0,,,750.5
8957,743,31,740.0,15.0,,,750,15,753.0,11.0,,,746.5
8958,739,16,734.0,18.0,,,749,23,754.0,26.0,,,744.0
8959,738,29,736.0,15.0,,,753,38,755.0,14.0,,,745.5
8960,743,25,740.0,10.0,,,753,24,756.0,17.0,,,748.0
8961,745,35,742.0,14.0,740.0,16.0,755,36,758.0,13.0,760.0,8.0,750.0
8963,745,36,742.0,12.0,,,759,28,762.0,15.0,,,752.0
8962,744,27,742.0,10.0,,,756,37,758.0,19.0,,,750.0
8964,747,39,742.0,12.0,739.0,9.0,754,22,759.0,16.0,762.0,5.0,750.5
8965,748,33,746.0,10.0,,,761,38,763.0,12.0,,,754.5
8966,746,23,742.0,24.0,,,756,15,760.0,20.0,,,751.0
8967,752,28,750.0,25.0,,,763,40,765.0,12.0,,,757.5
8968,754,18,750.0,21.0,748.0,8.0,767,24,771.0,28.0,773.0,12.0,760.5
8969,751,19,748.0,23.0,,,763,29,766.0,14.0,,,757.0
8970,755,37,,,,,763,37,,,,,759.0
8971,751,23,,,,,764,31,,,,,757.5
8972,755,31,753.0,27.0,,,763,22,765.0,28.0,,,759.0
8973,753,23,750.0,14.0,,,769,23,772.0,17.0,,,761.0
8974,747,40,744.0,19.0,,,761,26,764.0,25.0,,,754.0
8975,750,31,747.0,22.0,745.0,11.0,761,40,764.0,18.0,766.0,6.0,755.5
8976,733,25,731.0,13.0,,,746,38,748.0,25.0,,,739.5
8977,739,22,736.0,30.0,734.0,8.0,749,25,752.0,12.0,754.0,6.0,744.0
8978,736,35,732.0,18.0,728.0,17.0,745,40,749.0,21.0,753.0,11.0,740.5
8979,738,24,735.0,12.0,,,748,26,751.0,16.0,,,743.0
8980,735,25,732.0,24.0,,,746,40,749.0,11.0,,,740.5
8981,727,36,724.0,26.0,,,744,28,747.0,20.0,,,735.5
8982,736,20,733.0,22.0,,,747,36,750.0,12.0,,,741.5
8983,737,19,734.0,16.0,,,749,24,752.0,24.0,,,743.0
8984,733,33,729.0,15.0,,,746,21,750.0,28.0,,,739.5
8986,739,33,736.0,10.0,,,750,37,753.0,12.0,,,744.5
8987,748,38,747.0,27.0,,,752,32,753.0,15.0,,,750.0
8988,743,38,741.0,16.0,,,755,24,757.0,21.0,,,749.0
8989,750,30,747.0,14.0,,,757,28,760.0,28.0,,,753.5
8990,741,18,737.0,29.0,,,754,16,758.0,26.0,,,747.5
8991,744,31,,,,,752,15,,,,,748.0
8992,736,30,735.0,29.0,,,747,34,748.0,22.0,,,741.5
8993,746,24,743.0,15.0,,,754,16,757.0,14.0,,,750.0
8994,747,19,745.0,10.0,742.0,9.0,755,25,757.0,14.0,760.0,12.0,751.0
8995,747,36,745.0,14.0,,,754,28,756.0,11.0,,,750.5
8996,752,19,748.0,19.0,,,762,32,766.0,20.0,,,757.0
8997,763,29,762.0,30.0,,,771,21,772.0,16.0,,,767.0
8998,752,31,748.0,30.0,,,762,21,766.0,10.0,,,757.0
8999,754,38,,,,,773,21,,,,,763.5
9000,766,38,764.0,12.0,,,778,21,780.0,10.0,,,772.0
9001,771,29,,,,,782,40,,,,,776.5
9002,773,21,770.0,14.0,,,783,21,786.0,27.0,,,778.0
9003,773,30,770.0,10.0,,,786,20,789.0,12.0,,,779.5
9004,768,27,766.0,22.0,,,782,28,784.0,19.0,,,775.0
9005,764,17,762.0,16.0,,,778,22,780.0,17.0,,,771.0
9006,767,22,763.0,29.0,,,776,21,780.0,18.0,,,771.5
9007,766,37,,,,,780,31,,,,,773.0
9008,764,34,761.0,20.0,,,774,18,777.0,21.0,,,769.0
9009,757,33,754.0,27.0,,,765,40,768.0,28.0,,,761.0
9010,761,32,757.0,24.0,753.0,7.0,770,26,774.0,25.0,778.0,8.0,765.5
9011,761,18,757.0,12.0,,,769,16,773.0,29.0,,,765.0
9012,763,15,,,,,776,30,,,,,769.5
9013,758,22,755.0,21.0,,,768,21,771.0,11.0,,,763.0
9014,763,28,760.0,27.0,757.0,20.0,774,36,777.0,18.0,780.0,19.0,768.5
9015,765,16,763.0,29.0,,,777,22,779.0,14.0,,,771.0
9016,764,40,760.0,20.0,,,780,26,784.0,11.0,,,772.0
9017,762,21,,,,,772,37,,,,,767.0
9018,770,27,768.0,23.0,,,775,24,777.0,25.0,,,772.5
9019,766,23,765.0,23.0,,,778,36,779.0,17.0,,,772.0
9020,766,30,765.0,26.0,,,783,39,784.0,16.0,,,774.5
9021,768,31,765.0,20.0,,,783,33,786.0,12.0,,,775.5
9022,774,27,772.0,30.0,,,783,37,785.0,17.0,,,778.5
9023,777,39,773.0,16.0,,,786,30,790.0,22.0,,,781.5
9024,772,30,,,,,784,22,,,,,778.0
9025,769,30,768.0,12.0,,,786,40,787.0,23.0,,,777.5
9026,771,21,766.0,26.0,,,778,29,783.0,28.0,,,774.5
9027,770,18,768.0,26.0,,,776,27,778.0,15.0,,,773.0
9028,765,32,762.0,14.0,,,777,30,780.0,18.0,,,771.0
9029,762,22,,,,,769,24,,,,,765.5
9030,751,30,748.0,24.0,745.0,14.0,761,34,764.0,22.0,767.0,9.0,756.0
9031,753,21,750.0,13.0,,,761,19,764.0,30.0,,,757.0
9032,747,39,,,,,760,30,,,,,753.5
9034,746,15,742.0,10.0,,,762,40,766.0,16.0,,,754.0
9035,745,40,,,,,759,16,,,,,752.0
9036,745,20,744.0,12.0,,,757,40,758.0,13.0,,,751.0
9037,739,26,735.0,12.0,,,752,37,756.0,24.0,,,745.5
9040,731,17,728.0,14.0,725.0,11.0,744,28,747.0,21.0,750.0,19.0,737.5
9039,729,19,726.0,11.0,,,742,27,745.0,10.0,,,735.5
9038,737,34,734.0,18.0,,,750,29,753.0,14.0,,,743.5
9042,726,15,723.0,12.0,,,735,32,738.0,20.0,,,730.5
9043,723,37,719.0,21.0,,,732,39,736.0,19.0,,,727.5
9044,728,40,725.0,30.0,,,740,19,743.0,15.0,,,734.0
9045,739,28,736.0,25.0,,,742,37,745.0,16.0,,,740.5
9046,735,31,731.0,21.0,,,752,19,756.0,10.0,,,743.5
9047,737,21,733.0,22.0,,,750,16,754.0,12.0,,,743.5
9048,739,22,737.0,21.0,,,750,29,752.0,21.0,,,744.5
9049,735,33,732.0,16.0,728.0,15.0,746,20,749.0,27.0,753.0,16.0,740.5
9050,733,37,731.0,27.0,,,743,32,745.0,23.0,,,738.0
9051,738,40,732.0,30.0,,,748,32,754.0,27.0,,,743.0
9052,738,38,734.0,11.0,,,748,38,752.0,20.0,,,743.0
9053,731,39,727.0,10.0,,,746,17,750.0,18.0,,,738.5
9054,732,22,726.0,27.0,,,744,24,750.0,16.0,,,738.0
9055,724,33,,,,,739,15,,,,,731.5
9056,723,40,719.0,20.0,716.0,14.0,740,34,744.0,25.0,747.0,14.0,731.5
9057,727,19,726.0,18.0,,,738,32,739.0,19.0,,,732.5
9058,727,39,724.0,20.0,,,741,15,744.0,19.0,,,734.0
9059,739,40,736.0,14.0,,,752,33,755.0,11.0,,,745.5
9060,733,27,729.0,22.0,,,746,20,750.0,22.0,,,739.5
9061,732,30,729.0,24.0,,,743,22,746.0,11.0,,,737.5
9062,733,27,729.0,20.0,,,744,25,748.0,24.0,,,738.5
9063,729,30,727.0,29.0,,,743,28,745.0,24.0,,,736.0
9066,727,32,723.0,11.0,,,736,19,740.0,11.0,,,731.5
9065,724,31,721.0,19.0,,,741,16,744.0,16.0,,,732.5
9064,730,34,,,,,745,25,,,,,737.5
9067,723,20,720.0,15.0,,,733,30,736.0,21.0,,,728.0
9068,724,31,719.0,23.0,,,737,36,742.0,18.0,,,730.5
9069,721,19,719.0,24.0,715.0,17.0,735,40,737.0,26.0,741.0,10.0,728.0
9070,731,36,727.0,21.0,,,744,25,748.0,25.0,,,737.5
9071,735,28,732.0,18.0,,,744,27,747.0,13.0,,,739.5
9072,734,20,733.0,20.0,730.0,13.0,746,17,747.0,21.0,750.0,11.0,740.0
9073,736,32,733.0,16.0,,,747,22,750.0,11.0,,,741.5
9074,743,28,740.0,15.0,,,758,36,761.0,26.0,,,750.5
9075,745,20,741.0,10.0,,,751,17,755.0,27.0,,,748.0
9076,743,16,739.0,21.0,,,751,38,755.0,21.0,,,747.0
9077,741,15,,,,,753,36,,,,,747.0
9078,734,24,731.0,25.0,,,749,31,752.0,26.0,,,741.5
9079,743,30,741.0,25.0,,,751,17,753.0,18.0,,,747.0
9080,742,21,,,,,749,39,,,,,745.5
9081,732,33,729.0,16.0,,,750,38,753.0,15.0,,,741.0
9082,739,34,736.0,22.0,,,752,19,755.0,13.0,,,745.5
9083,738,28,734.0,12.0,,,752,28,756.0,17.0,,,745.0
9084,736,28,734.0,29.0,,,746,31,748.0,12.0,,,741.0
9085,725,27,724.0,30.0,,,740,38,741.0,24.0,,,732.5
9086,727,34,724.0,13.0,,,738,24,741.0,26.0,,,732.5
9087,728,37,,,,,740,22,,,,,734.0
9088,720,35,716.0,13.0,,,739,32,743.0,21.0,,,729.5
9089,725,25,720.0,20.0,,,739,15,744.0,23.0,,,732.0
9090,732,21,729.0,14.0,724.0,18.0,740,20,743.0,24.0,748.0,12.0,736.0
9091,736,25,733.0,20.0,,,747,33,750.0,12.0,,,741.5
9092,734,17,732.0,12.0,,,746,21,748.0,17.0,,,740.0
9093,724,26,721.0,14.0,,,742,36,745.0,25.0,,,733.0
9094,725,30,720.0,20.0,,,736,29,741.0,16.0,,,730.5
9095,729,16,726.0,13.0,725.0,12.0,742,37,745.0,25.0,746.0,16.0,735.5
9096,727,27,723.0,18.0,,,740,22,744.0,26.0,,,733.5
9097,725,30,723.0,18.0,,,738,28,740.0,26.0,,,731.5
9099,723,16,720.0,26.0,719.0,20.0,733,16,736.0,11.0,737.0,19.0,728.0
9098,727,17,723.0,22.0,,,737,26,741.0,14.0,,,732.0
9100,716,18,712.0,11.0,,,727,39,731.0,16.0,,,721.5
9101,712,38,710.0,10.0,,,725,35,727.0,15.0,,,718.5
9102,717,16,713.0,12.0,,,729,20,733.0,26.0,,,723.0
9103,724,24,721.0,30.0,,,734,35,737.0,19.0,,,729.0
9104,730,15,726.0,30.0,,,735,23,739.0,27.0,,,732.5
9105,731,24,728.0,20.0,,,743,21,746.0,18.0,,,737.0
9106,728,18,724.0,19.0,,,739,23,743.0,14.0,,,733.5
9107,722,31,720.0,10.0,,,736,18,738.0,20.0,,,729.0
9108,726,28,722.0,19.0,,,738,26,742.0,18.0,,,732.0
9109,723,24,718.0,24.0,,,736,29,741.0,10.0,,,729.5
9110,722,28,718.0,11.0,,,734,37,738.0,24.0,,,728.0
9111,723,40,720.0,22.0,,,735,15,738.0,18.0,,,729.0
9112,719,21,717.0,12.0,,,734,21,736.0,29.0,,,726.5
9113,716,27,714.0,21.0,,,730,19,732.0,30.0,,,723.0
9114,718,22,714.0,15.0,,,733,35,737.0,24.0,,,725.5
9115,718,31,716.0,21.0,,,729,34,731.0,24.0,,,723.5
9116,722,21,719.0,23.0,716.0,8.0,734,15,737.0,11.0,740.0,7.0,728.0
9117,721,36,717.0,12.0,,,735,40,739.0,27.0,,,728.0
9118,718,16,716.0,22.0,,,730,22,732.0,20.0,,,724.0
9119,714,35,712.0,16.0,,,725,28,727.0,10.0,,,719.5
9120,711,19,707.0,10.0,,,730,31,734.0,11.0,,,720.5
9121,716,17,,,,,730,18,,,,,723.0
9122,719,21,717.0,19.0,,,726,40,728.0,29.0,,,722.5
9123,709,26,706.0,22.0,,,720,37,723.0,13.0,,,714.5
9124,705,37,703.0,14.0,,,718,40,720.0,24.0,,,711.5
9125,710,22,707.0,12.0,,,724,40,727.0,15.0,,,717.0
9126,711,34,707.0,10.0,,,722,19,726.0,11.0,,,716.5
9127,703,20,700.0,26.0,,,712,22,715.0,26.0,,,707.5
9128,705,19,701.0,23.0,,,715,19,719.0,15.0,,,710.0
9129,704,38,701.0,29.0,,,711,18,714.0,28.0,,,707.5
9130,697,30,696.0,15.0,694.0,16.0,706,20,707.0,23.0,709.0,11.0,701.5
9131,692,37,688.0,16.0,,,704,38,708.0,16.0,,,698.0
9132,688,36,685.0,27.0,,,697,24,700.0,18.0,,,692.5
9133,686,17,682.0,17.0,,,702,38,706.0,17.0,,,694.0
9134,691,22,688.0,10.0,,,700,36,703.0,14.0,,,695.5
9135,679,35,677.0,16.0,,,696,16,698.0,25.0,,,687.5
9136,680,26,676.0,26.0,,,693,35,697.0,10.0,,,686.5
9137,670,23,667.0,12.0,,,686,24,689.0,25.0,,,678.0
9138,668,19,,,,,676,30,,,,,672.0
9139,663,32,660.0,13.0,,,677,25,680.0,27.0,,,670.0
9140,661,20,658.0,25.0,,,674,27,677.0,26.0,,,667.5
9141,663,26,660.0,26.0,,,673,20,676.0,18.0,,,668.0
9142,666,38,664.0,13.0,659.0,12.0,676,16,678.0,16.0,683.0,20.0,671.0
9143,661,32,657.0,26.0,,,673,40,677.0,30.0,,,667.0
9144,665,19,663.0,10.0,660.0,17.0,680,28,682.0,14.0,685.0,12.0,672.5
9145,667,39,664.0,25.0,660.0,5.0,682,24,685.0,22.0,689.0,15.0,674.5
9146,669,34,665.0,17.0,,,688,38,692.0,14.0,,,678.5
9147,665,35,660.0,26.0,657.0,20.0,676,15,681.0,17.0,684.0,10.0,670.5
9148,664,17,660.0,20.0,,,674,32,678.0,24.0,,,669.0
9149,661,23,658.0,15.0,,,671,34,674.0,20.0,,,666.0
9150,663,28,658.0,23.0,,,679,16,684.0,16.0,,,671.0
9151,658,20,655.0,29.0,,,672,32,675.0,12.0,,,665.0
9152,655,28,652.0,13.0,,,667,20,670.0,22.0,,,661.0
9156,630,35,628.0,17.0,,,646,33,648.0,23.0,,,638.0
9154,639,33,638.0,29.0,,,653,17,654.0,16.0,,,646.0
9155,635,22,632.0,11.0,,,647,29,650.0,27.0,,,641.0
9153,645,28,642.0,15.0,,,657,32,660.0,10.0,,,651.0
9157,626,30,622.0,30.0,,,641,24,645.0,26.0,,,633.5
9158,622,39,621.0,17.0,,,637,35,638.0,28.0,,,629.5
9159,618,22,615.0,30.0,,,634,22,637.0,19.0,,,626.0
9160,614,37,611.0,21.0,,,634,31,637.0,12.0,,,624.0
9161,616,37,612.0,18.0,,,634,27,638.0,29.0,,,625.0
9162,620,24,617.0,11.0,,,633,33,636.0,29.0,,,626.5
9163,626,34,624.0,30.0,,,633,27,635.0,15.0,,,629.5
9164,617,21,614.0,15.0,,,629,39,632.0,25.0,,,623.0
9165,618,25,615.0,17.0,,,630,16,633.0,22.0,,,624.0
9166,621,37,,,,,628,40,,,,,624.5
9167,618,33,615.0,16.0,,,626,18,629.0,24.0,,,622.0
9168,607,34,602.0,11.0,,,624,23,629.0,17.0,,,615.5
9169,606,15,603.0,16.0,,,621,19,624.0,13.0,,,613.5
9170,605,17,602.0,12.0,,,620,24,623.0,26.0,,,612.5
9171,607,26,604.0,30.0,,,616,18,619.0,23.0,,,611.5
9172,606,15,603.0,14.0,,,616,35,619.0,21.0,,,611.0
9173,613,20,608.0,20.0,,,627,15,632.0,17.0,,,620.0
9174,614,36,613.0,20.0,,,623,40,624.0,21.0,,,618.5
9175,614,36,609.0,24.0,606.0,5.0,624,40,629.0,23.0,632.0,19.0,619.0
9176,613,32,,,,,630,30,,,,,621.5
9177,615,34,611.0,25.0,,,627,18,631.0,29.0,,,621.0
9178,612,34,609.0,27.0,605.0,13.0,624,29,627.0,12.0,631.0,9.0,618.0
9179,619,32,616.0,24.0,,,633,20,636.0,21.0,,,626.0
9180,626,39,622.0,24.0,,,634,35,638.0,20.0,,,630.0
9181,631,30,627.0,19.0,,,641,40,645.0,24.0,,,636.0
9182,628,20,625.0,30.0,,,640,26,643.0,13.0,,,634.0
9183,626,32,620.0,12.0,,,639,29,645.0,12.0,,,632.5
9184,631,19,628.0,24.0,,,641,18,644.0,16.0,,,636.0
9185,645,23,,,,,652,24,,,,,648.5
9186,645,18,643.0,15.0,,,658,35,660.0,25.0,,,651.5
9187,644,30,641.0,14.0,,,660,20,663.0,11.0,,,652.0
9188,646,19,641.0,24.0,,,661,27,666.0,22.0,,,653.5
9192,627,33,623.0,29.0,,,646,34,650.0,29.0,,,636.5
9190,640,19,637.0,11.0,,,647,25,650.0,21.0,,,643.5
9191,636,31,632.0,14.0,,,646,21,650.0,11.0,,,641.0
9189,641,31,638.0,10.0,,,653,30,656.0,30.0,,,647.0
9193,631,19,628.0,21.0,,,643,18,646.0,30.0,,,637.0
9194,634,30,630.0,14.0,628.0,5.0,647,32,651.0,22.0,653.0,17.0,640.5
9195,631,17,628.0,21.0,,,644,37,647.0,25.0,,,637.5
9196,629,30,626.0,19.0,,,639,36,642.0,26.0,,,634.0
9197,618,35,616.0,21.0,,,636,15,638.0,17.0,,,627.0
9198,622,40,619.0,22.0,618.0,18.0,633,30,636.0,27.0,637.0,15.0,627.5
9199,622,18,620.0,23.0,,,633,31,635.0,20.0,,,627.5
9200,621,26,618.0,22.0,614.0,16.0,632,22,635.0,13.0,639.0,8.0,626.5
9201,617,35,616.0,15.0,,,631,32,632.0,20.0,,,624.0
9202,614,25,611.0,30.0,,,630,21,633.0,17.0,,,622.0
9203,617,19,614.0,24.0,,,630,40,633.0,25.0,,,623.5
9204,612,26,609.0,30.0,,,624,15,627.0,10.0,,,618.0
9205,614,22,609.0,26.0,,,626,36,631.0,23.0,,,620.0
9206,610,38,,,,,624,31,,,,,617.0
9207,610,28,607.0,30.0,,,622,16,625.0,27.0,,,616.0
9208,600,32,599.0,16.0,,,609,37,610.0,23.0,,,604.5
9209,600,34,595.0,24.0,,,611,37,616.0,11.0,,,605.5
9210,605,24,603.0,30.0,,,618,25,620.0,26.0,,,611.5
9211,606,18,604.0,13.0,,,616,35,618.0,15.0,,,611.0
9212,603,15,601.0,11.0,,,612,16,614.0,23.0,,,607.5
9213,605,37,601.0,16.0,,,614,17,618.0,21.0,,,609.5
9214,602,32,597.0,17.0,,,615,28,620.0,10.0,,,608.5
9215,606,36,603.0,14.0,,,618,25,621.0,11.0,,,612.0
9216,600,17,595.0,10.0,590.0,12.0,609,21,614.0,17.0,619.0,8.0,604.5
9217,600,32,598.0,20.0,,,614,24,616.0,30.0,,,607.0
9218,599,31,597.0,28.0,,,612,20,614.0,25.0,,,605.5
9219,600,38,599.0,24.0,,,614,15,615.0,26.0,,,607.0
9220,603,39,601.0,14.0,,,612,19,614.0,13.0,,,607.5
9221,597,26,594.0,14.0,,,608,33,611.0,12.0,,,602.5
9222,600,37,597.0,16.0,,,618,37,621.0,12.0,,,609.0
9223,610,31,608.0,16.0,,,623,15,625.0,29.0,,,616.5
9224,611,30,609.0,11.0,,,624,22,626.0,22.0,,,617.5
9225,604,17,598.0,11.0,,,621,18,627.0,16.0,,,612.5
9226,598,15,595.0,18.0,,,616,33,619.0,16.0,,,607.0
9227,599,34,597.0,21.0,,,614,25,616.0,11.0,,,606.5
9228,602,35,600.0,28.0,,,616,22,618.0,16.0,,,609.0
9229,607,27,605.0,25.0,,,620,37,622.0,12.0,,,613.5
9233,617,38,613.0,17.0,,,630,38,634.0,28.0,,,623.5
9231,612,19,608.0,14.0,,,622,34,626.0,25.0,,,617.0
9232,612,19,609.0,19.0,,,627,37,630.0,30.0,,,619.5
9230,609,39,605.0,20.0,,,617,30,621.0,30.0,,,613.0
9234,618,29,613.0,25.0,,,633,40,638.0,22.0,,,625.5
9235,621,25,617.0,25.0,,,631,36,635.0,20.0,,,626.0
9236,621,26,619.0,22.0,617.0,20.0,636,34,638.0,14.0,640.0,5.0,628.5
9237,615,18,612.0,12.0,,,627,36,630.0,20.0,,,621.0
9238,612,39,,,,,622,16,,,,,617.0
9239,607,24,603.0,27.0,,,617,24,621.0,13.0,,,612.0
9240,609,19,606.0,11.0,,,616,33,619.0,25.0,,,612.5
9241,604,20,602.0,18.0,598.0,19.0,613,37,615.0,22.0,619.0,14.0,608.5
9242,598,37,594.0,16.0,,,613,23,617.0,24.0,,,605.5
9243,601,21,598.0,20.0,,,612,23,615.0,18.0,,,606.5
9244,595,29,592.0,27.0,,,610,31,613.0,23.0,,,602.5
9245,598,32,594.0,13.0,591.0,10.0,612,27,616.0,12.0,619.0,12.0,605.0
9246,593,38,590.0,23.0,,,609,19,612.0,12.0,,,601.0
9247,599,33,,,,,609,33,,,,,604.0
9248,599,25,597.0,12.0,,,610,18,612.0,17.0,,,604.5
9249,596,34,594.0,25.0,592.0,18.0,609,39,611.0,19.0,613.0,5.0,602.5
9250,603,39,599.0,15.0,,,612,29,616.0,12.0,,,607.5
9251,610,16,608.0,23.0,,,618,19,620.0,16.0,,,614.0
9252,612,38,610.0,11.0,,,622,35,624.0,14.0,,,617.0
9253,609,22,,,,,627,22,,,,,618.0
9254,609,25,608.0,18.0,,,623,17,624.0,12.0,,,616.0
9255,606,17,604.0,17.0,,,620,24,622.0,25.0,,,613.0
9256,607,22,604.0,16.0,,,618,22,621.0,16.0,,,612.5
9257,610,15,606.0,19.0,,,625,30,629.0,10.0,,,617.5
9258,615,31,611.0,16.0,,,621,26,625.0,17.0,,,618.0
9259,611,37,608.0,23.0,,,625,34,628.0,20.0,,,618.0
9261,606,20,602.0,29.0,,,619,35,623.0,29.0,,,612.5
9260,607,22,605.0,23.0,600.0,20.0,619,29,621.0,28.0,626.0,9.0,613.0
9262,603,34,,,,,615,34,,,,,609.0
9263,603,26,601.0,15.0,,,616,16,618.0,16.0,,,609.5
9264,610,34,606.0,17.0,,,623,19,627.0,24.0,,,616.5
9265,614,31,610.0,16.0,,,623,15,627.0,14.0,,,618.5
9266,606,33,602.0,27.0,,,619,36,623.0,13.0,,,612.5
9267,609,20,605.0,20.0,,,624,35,628.0,13.0,,,616.5
9268,609,30,,,,,623,35,,,,,616.0
9269,612,18,608.0,17.0,605.0,19.0,622,37,626.0,21.0,629.0,18.0,617.0
9270,618,19,615.0,25.0,,,633,37,636.0,11.0,,,625.5
9271,621,17,618.0,29.0,,,633,26,636.0,20.0,,,627.0
9272,626,18,624.0,12.0,,,639,22,641.0,26.0,,,632.5
9273,626,20,624.0,27.0,621.0,14.0,639,29,641.0,19.0,644.0,13.0,632.5
9274,623,15,620.0,19.0,,,639,32,642.0,22.0,,,631.0
9275,628,37,627.0,26.0,,,641,37,642.0,14.0,,,634.5
9276,624,31,622.0,10.0,,,638,22,640.0,28.0,,,631.0
9280,621,31,618.0,21.0,,,628,23,631.0,16.0,,,624.5
9278,621,33,618.0,21.0,,,632,28,635.0,21.0,,,626.5
9279,622,33,620.0,27.0,,,629,16,631.0,28.0,,,625.5
9277,620,33,,,,,639,20,,,,,629.5
9281,610,18,607.0,23.0,,,627,27,630.0,16.0,,,618.5
9282,616,35,615.0,18.0,,,628,15,629.0,14.0,,,622.0
9283,623,18,622.0,22.0,620.0,15.0,630,38,631.0,21.0,633.0,20.0,626.5
9284,624,40,620.0,17.0,,,637,38,641.0,21.0,,,630.5
9285,616,23,615.0,27.0,611.0,7.0,628,23,629.0,19.0,633.0,12.0,622.0
9286,615,33,612.0,10.0,,,624,22,627.0,18.0,,,619.5
9287,608,30,604.0,13.0,,,624,29,628.0,27.0,,,616.0
9288,612,32,610.0,26.0,,,625,19,627.0,19.0,,,618.5
9289,622,27,,,,,633,33,,,,,627.5
9290,626,30,623.0,19.0,,,638,15,641.0,23.0,,,632.0
9291,629,19,626.0,21.0,,,633,33,636.0,17.0,,,631.0
9292,625,35,622.0,22.0,,,636,32,639.0,12.0,,,630.5
9293,622,33,618.0,26.0,,,634,20,638.0,15.0,,,628.0
9294,626,23,623.0,19.0,,,634,30,637.0,17.0,,,630.0
9295,626,33,624.0,24.0,620.0,16.0,636,19,638.0,16.0,642.0,5.0,631.0
9296,620,35,616.0,18.0,,,627,30,631.0,29.0,,,623.5
9297,620,19,617.0,20.0,,,638,36,641.0,22.0,,,629.0
9298,628,19,626.0,14.0,,,640,20,642.0,19.0,,,634.0
9299,628,32,625.0,12.0,,,636,23,639.0,14.0,,,632.0
9300,629,27,628.0,17.0,,,639,37,640.0,18.0,,,634.0
9301,629,23,628.0,18.0,,,641,40,642.0,27.0,,,635.0
9302,624,20,619.0,19.0,617.0,14.0,637,15,642.0,29.0,644.0,18.0,630.5
9303,628,17,624.0,24.0,,,636,27,640.0,29.0,,,632.0
9304,622,18,617.0,22.0,,,637,38,642.0,17.0,,,629.5
9305,616,40,612.0,29.0,608.0,13.0,630,36,634.0,23.0,638.0,13.0,623.0
9306,619,15,617.0,18.0,615.0,11.0,633,30,635.0,25.0,637.0,10.0,626.0
9307,622,24,,,,,631,32,,,,,626.5
9308,616,32,615.0,10.0,614.0,15.0,626,23,627.0,26.0,628.0,8.0,621.0
9309,616,27,613.0,19.0,,,630,39,633.0,26.0,,,623.0
9310,619,30,615.0,10.0,,,629,33,633.0,16.0,,,624.0
9311,623,39,620.0,27.0,,,635,32,638.0,24.0,,,629.0
9315,614,33,610.0,17.0,,,627,30,631.0,14.0,,,620.5
9313,611,34,608.0,22.0,,,620,26,623.0,14.0,,,615.5
9314,613,40,609.0,10.0,606.0,7.0,626,36,630.0,22.0,633.0,18.0,619.5
9316,618,18,615.0,25.0,,,625,39,628.0,16.0,,,621.5
9312,618,23,614.0,19.0,,,626,37,630.0,27.0,,,622.0
9317,622,39,619.0,19.0,,,640,19,643.0,17.0,,,631.0
9318,627,25,626.0,19.0,,,638,36,639.0,30.0,,,632.5
9319,621,24,618.0,18.0,,,629,37,632.0,16.0,,,625.0
9320,623,16,620.0,24.0,617.0,12.0,632,30,635.0,22.0,638.0,15.0,627.5
9321,621,15,618.0,10.0,,,633,15,636.0,28.0,,,627.0
9322,620,24,617.0,29.0,,,628,22,631.0,25.0,,,624.0
9323,618,37,614.0,28.0,,,631,28,635.0,27.0,,,624.5
9324,613,27,612.0,11.0,610.0,7.0,625,22,626.0,15.0,628.0,5.0,619.0
9325,611,32,608.0,19.0,605.0,18.0,624,16,627.0,16.0,630.0,13.0,617.5
9326,604,27,602.0,27.0,,,615,32,617.0,23.0,,,609.5
9327,599,22,,,,,614,16,,,,,606.5
9328,610,35,608.0,13.0,,,620,32,622.0,11.0,,,615.0
9329,608,39,607.0,19.0,,,617,29,618.0,18.0,,,612.5
9330,613,38,,,,,623,33,,,,,618.0
9331,610,26,607.0,29.0,,,624,32,627.0,20.0,,,617.0
9332,606,24,603.0,29.0,,,621,16,624.0,11.0,,,613.5
9333,609,18,606.0,12.0,,,621,26,624.0,25.0,,,615.0
9334,604,20,603.0,19.0,,,615,40,616.0,16.0,,,609.5
9335,595,21,593.0,13.0,589.0,18.0,608,34,610.0,22.0,614.0,11.0,601.5
9336,597,33,594.0,19.0,,,609,30,612.0,22.0,,,603.0
9337,602,27,600.0,20.0,598.0,19.0,610,25,612.0,12.0,614.0,18.0,606.0
9338,592,26,588.0,22.0,,,607,33,611.0,10.0,,,599.5
9339,590,15,587.0,12.0,,,604,30,607.0,23.0,,,597.0
9340,586,17,583.0,16.0,,,601,35,604.0,30.0,,,593.5
9341,581,24,577.0,22.0,,,595,35,599.0,22.0,,,588.0
9342,586,40,583.0,13.0,,,596,38,599.0,18.0,,,591.0
9343,584,35,581.0,26.0,,,596,38,599.0,10.0,,,590.0
9344,583,31,580.0,21.0,,,595,19,598.0,26.0,,,589.0
9345,586,22,581.0,15.0,577.0,16.0,599,34,604.0,23.0,608.0,10.0,592.5
9346,585,20,584.0,17.0,,,597,16,598.0,19.0,,,591.0
9347,582,37,578.0,17.0,,,594,20,598.0,15.0,,,588.0
9348,592,32,589.0,12.0,587.0,7.0,605,19,608.0,10.0,610.0,9.0,598.5
9349,588,37,587.0,28.0,,,593,21,594.0,21.0,,,590.5
9350,586,25,582.0,29.0,,,600,36,604.0,18.0,,,593.0
9351,581,22,576.0,20.0,,,593,31,598.0,19.0,,,587.0
9352,581,19,,,,,594,25,,,,,587.5
9353,579,30,,,,,592,38,,,,,585.5
9354,573,15,571.0,18.0,,,588,20,590.0,27.0,,,580.5
9355,571,23,566.0,23.0,,,579,18,584.0,30.0,,,575.0
9356,573,27,571.0,10.0,,,584,23,586.0,20.0,,,578.5
9357,567,40,,,,,580,15,,,,,573.5
9358,563,37,560.0,29.0,,,578,34,581.0,30.0,,,570.5
9359,565,38,564.0,11.0,,,579,38,580.0,11.0,,,572.0
9360,572,30,570.0,28.0,566.0,16.0,584,39,586.0,16.0,590.0,8.0,578.0
9361,573,30,571.0,23.0,,,586,15,588.0,13.0,,,579.5
9362,573,29,570.0,28.0,,,587,23,590.0,26.0,,,580.0
9363,567,27,566.0,10.0,561.0,6.0,582,32,583.0,21.0,588.0,9.0,574.5
9367,569,40,568.0,15.0,,,586,38,587.0,19.0,,,577.5
9365,576,27,,,,,586,31,,,,,581.0
9366,575,25,,,,,587,20,,,,,581.0
9364,573,33,569.0,11.0,,,584,30,588.0,21.0,,,578.5
9368,571,28,567.0,16.0,564.0,8.0,582,25,586.0,14.0,589.0,13.0,576.5
9369,569,38,,,,,578,23,,,,,573.5
9370,566,34,563.0,24.0,,,576,21,579.0,21.0,,,571.0
9371,564,25,562.0,25.0,,,577,27,579.0,29.0,,,570.5
9372,565,20,563.0,16.0,,,578,37,580.0,20.0,,,571.5
9373,560,24,556.0,27.0,,,575,23,579.0,28.0,,,567.5
9374,557,15,553.0,24.0,551.0,13.0,569,32,573.0,22.0,575.0,11.0,563.0
9375,555,33,551.0,10.0,,,570,34,574.0,22.0,,,562.5
9376,564,32,560.0,24.0,,,572,18,576.0,25.0,,,568.0
9377,566,21,562.0,21.0,,,576,32,580.0,26.0,,,571.0
9378,570,30,567.0,28.0,,,587,19,590.0,10.0,,,578.5
9381,574,25,570.0,27.0,,,583,20,587.0,12.0,,,578.5
9380,573,23,,,,,588,22,,,,,580.5
9379,573,35,570.0,22.0,,,585,21,588.0,17.0,,,579.0
9382,567,35,566.0,10.0,,,579,37,580.0,16.0,,,573.0
9383,570,35,567.0,24.0,,,584,39,587.0,17.0,,,577.0
9384,566,36,564.0,20.0,,,579,30,581.0,24.0,,,572.5
9385,564,37,560.0,17.0,,,573,30,577.0,28.0,,,568.5
9386,561,38,557.0,10.0,,,572,16,576.0,17.0,,,566.5
9387,558,16,556.0,18.0,,,570,40,572.0,10.0,,,564.0
9388,550,35,547.0,21.0,,,561,32,564.0,26.0,,,555.5
9389,547,33,546.0,29.0,,,561,32,562.0,30.0,,,554.0
9390,554,36,550.0,28.0,547.0,10.0,568,28,572.0,27.0,575.0,18.0,561.0
9391,553,20,550.0,17.0,,,567,40,570.0,12.0,,,560.0
9392,548,28,544.0,24.0,,,561,37,565.0,26.0,,,554.5
9393,550,19,546.0,30.0,540.0,16.0,562,17,566.0,29.0,572.0,20.0,556.0
9395,550,36,547.0,29.0,,,564,35,567.0,21.0,,,557.0
9396,557,29,552.0,22.0,,,567,29,572.0,21.0,,,562.0
9397,558,36,,,,,569,24,,,,,563.5
9398,555,24,550.0,17.0,,,572,38,577.0,19.0,,,563.5
9399,558,18,555.0,21.0,,,574,26,577.0,17.0,,,566.0
9400,558,18,555.0,15.0,,,570,35,573.0,17.0,,,564.0
9401,552,23,550.0,10.0,,,563,22,565.0,13.0,,,557.5
9402,550,28,544.0,30.0,,,568,20,574.0,15.0,,,559.0
9403,553,18,550.0,29.0,,,565,19,568.0,28.0,,,559.0
9404,557,21,554.0,18.0,,,564,20,567.0,20.0,,,560.5
9405,552,25,548.0,19.0,,,568,19,572.0,30.0,,,560.0
9406,550,40,547.0,26.0,543.0,15.0,559,17,562.0,27.0,566.0,9.0,554.5
9407,553,32,551.0,25.0,,,567,18,569.0,23.0,,,560.0
9408,554,27,550.0,22.0,,,569,40,573.0,22.0,,,561.5
9409,559,24,555.0,18.0,,,570,39,574.0,18.0,,,564.5
9410,562,25,558.0,27.0,,,573,16,577.0,26.0,,,567.5
9411,566,32,562.0,10.0,558.0,12.0,580,31,584.0,21.0,588.0,16.0,573.0
9412,579,16,577.0,24.0,,,584,33,586.0,27.0,,,581.5
9413,579,24,576.0,14.0,,,589,32,592.0,12.0,,,584.0
9414,576,39,573.0,23.0,,,585,16,588.0,22.0,,,580.5
9415,573,25,570.0,15.0,566.0,7.0,585,16,588.0,18.0,592.0,20.0,579.0
9416,571,31,,,,,586,33,,,,,578.5
9417,578,40,574.0,18.0,,,595,35,599.0,23.0,,,586.5
9418,576,33,574.0,29.0,,,590,28,592.0,23.0,,,583.0
9419,570,27,567.0,30.0,,,581,35,584.0,12.0,,,575.5
9420,570,19,566.0,17.0,,,584,33,588.0,17.0,,,577.0
9421,572,23,570.0,30.0,,,586,36,588.0,29.0,,,579.0
9422,574,30,572.0,12.0,568.0,7.0,584,20,586.0,10.0,590.0,14.0,579.0
9423,572,35,570.0,14.0,,,588,36,590.0,28.0,,,580.0
9424,569,25,567.0,15.0,,,583,23,585.0,23.0,,,576.0
9425,580,30,577.0,14.0,,,590,19,593.0,18.0,,,585.0
9426,579,20,575.0,27.0,,,590,33,594.0,24.0,,,584.5
9427,580,37,578.0,16.0,,,592,32,594.0,14.0,,,586.0
9428,586,28,582.0,20.0,,,602,17,606.0,14.0,,,594.0
9429,593,20,588.0,23.0,,,606,21,611.0,19.0,,,599.5
9430,591,28,587.0,20.0,,,601,32,605.0,26.0,,,596.0
9431,593,40,589.0,23.0,,,604,30,608.0,21.0,,,598.5
9432,594,37,593.0,13.0,,,605,26,606.0,24.0,,,599.5
9433,585,18,583.0,11.0,,,595,37,597.0,25.0,,,590.0
9434,585,18,582.0,10.0,,,600,22,603.0,11.0,,,592.5
9435,586,23,583.0,20.0,,,599,34,602.0,22.0,,,592.5
9436,582,16,,,,,599,27,,,,,590.5
9437,591,30,587.0,28.0,,,604,19,608.0,15.0,,,597.5
9438,600,28,596.0,20.0,,,612,18,616.0,12.0,,,606.0
9439,607,34,603.0,23.0,,,618,20,622.0,20.0,,,612.5
9440,613,19,609.0,15.0,,,621,36,625.0,22.0,,,617.0
9441,619,31,617.0,25.0,,,623,37,625.0,18.0,,,621.0
9442,616,37,,,,,627,35,,,,,621.5
9443,614,35,612.0,29.0,610.0,15.0,629,25,631.0,30.0,633.0,13.0,621.5
9444,613,28,,,,,620,40,,,,,616.5
9445,606,35,603.0,27.0,,,622,27,625.0,16.0,,,614.0
9446,601,36,596.0,25.0,,,617,22,622.0,16.0,,,609.0
9448,600,26,597.0,10.0,,,614,27,617.0,16.0,,,607.0
9449,605,24,601.0,18.0,,,616,35,620.0,28.0,,,610.5
9450,605,24,601.0,11.0,,,616,24,620.0,15.0,,,610.5
9451,601,30,598.0,18.0,,,613,16,616.0,22.0,,,607.0
9452,595,22,593.0,24.0,,,609,38,611.0,17.0,,,602.0
9453,600,19,596.0,19.0,,,613,36,617.0,26.0,,,606.5
9455,597,34,594.0,17.0,,,609,27,612.0,30.0,,,603.0
9456,595,29,,,,,606,16,,,,,600.5
9457,596,36,592.0,28.0,,,608,20,612.0,25.0,,,602.0
9458,590,36,587.0,11.0,,,607,34,610.0,29.0,,,598.5
9459,598,34,596.0,24.0,,,611,21,613.0,27.0,,,604.5
9460,598,32,595.0,17.0,,,612,29,615.0,12.0,,,605.0
9461,598,28,594.0,27.0,,,613,19,617.0,26.0,,,605.5
9462,591,17,590.0,25.0,,,604,32,605.0,26.0,,,597.5
9463,588,39,584.0,22.0,,,599,38,603.0,19.0,,,593.5
9464,592,26,591.0,30.0,,,605,25,606.0,19.0,,,598.5
9465,595,23,593.0,28.0,590.0,8.0,603,26,605.0,16.0,608.0,10.0,599.0
9466,596,38,592.0,18.0,,,610,24,614.0,30.0,,,603.0
9467,596,31,593.0,12.0,,,609,23,612.0,17.0,,,602.5
9468,600,22,595.0,19.0,,,611,22,616.0,21.0,,,605.5
9469,603,40,,,,,613,35,,,,,608.0
9470,600,21,597.0,29.0,,,612,35,615.0,26.0,,,606.0
9472,599,31,596.0,18.0,,,609,40,612.0,24.0,,,604.0
9473,601,16,598.0,15.0,595.0,10.0,618,36,621.0,18.0,624.0,20.0,609.5
9474,600,16,596.0,19.0,,,615,33,619.0,20.0,,,607.5
9475,600,34,,,,,614,36,,,,,607.0
9476,597,29,592.0,12.0,,,609,20,614.0,22.0,,,603.0
9477,598,20,595.0,18.0,,,611,17,614.0,30.0,,,604.5
9478,606,28,602.0,29.0,,,619,27,623.0,24.0,,,612.5
9479,602,26,600.0,24.0,,,612,27,614.0,24.0,,,607.0
9480,599,39,596.0,25.0,,,612,29,615.0,22.0,,,605.5
9485,593,23,590.0,27.0,,,606,25,609.0,10.0,,,599.5
9482,597,31,594.0,23.0,,,609,33,612.0,25.0,,,603.0
9483,599,32,595.0,16.0,,,615,19,619.0,24.0,,,607.0
9484,592,38,589.0,10.0,,,608,36,611.0,22.0,,,600.0
9481,601,20,598.0,12.0,,,611,23,614.0,27.0,,,606.0
9486,598,17,595.0,24.0,,,612,39,615.0,23.0,,,605.0
9487,601,26,598.0,10.0,,,613,35,616.0,11.0,,,607.0
9488,594,31,591.0,30.0,,,610,36,613.0,21.0,,,602.0
9489,598,31,594.0,10.0,,,608,26,612.0,10.0,,,603.0
9490,598,33,596.0,12.0,,,607,16,609.0,14.0,,,602.5
9491,605,37,602.0,17.0,,,620,17,623.0,14.0,,,612.5
9492,605,23,602.0,24.0,,,618,36,621.0,15.0,,,611.5
9493,602,27,599.0,24.0,,,609,30,612.0,28.0,,,605.5
9494,596,38,594.0,14.0,,,611,21,613.0,25.0,,,603.5
9495,587,39,584.0,23.0,582.0,19.0,601,32,604.0,10.0,606.0,16.0,594.0
9496,585,18,584.0,19.0,,,595,19,596.0,11.0,,,590.0
9497,580,30,576.0,26.0,,,595,30,599.0,12.0,,,587.5
9498,572,37,570.0,25.0,,,588,20,590.0,10.0,,,580.0
9499,576,25,574.0,23.0,,,587,34,589.0,18.0,,,581.5
9500,575,39,572.0,10.0,,,588,22,591.0,26.0,,,581.5
9501,579,38,577.0,22.0,,,591,32,593.0,29.0,,,585.0
9502,579,30,577.0,19.0,,,586,18,588.0,29.0,,,582.5
9503,575,28,571.0,18.0,,,584,38,588.0,16.0,,,579.5
9504,572,40,570.0,27.0,,,590,16,592.0,13.0,,,581.0
9505,578,28,575.0,21.0,,,589,32,592.0,13.0,,,583.5
9506,577,23,576.0,21.0,,,585,39,586.0,10.0,,,581.0
9507,575,19,570.0,25.0,,,589,19,594.0,21.0,,,582.0
9508,575,28,573.0,21.0,,,590,31,592.0,21.0,,,582.5
9509,582,23,,,,,592,18,,,,,587.0
9510,579,39,578.0,21.0,,,595,40,596.0,20.0,,,587.0
9511,581,29,578.0,21.0,,,594,40,597.0,26.0,,,587.5
9512,582,38,579.0,13.0,,,593,15,596.0,13.0,,,587.5
9513,580,35,578.0,29.0,,,592,20,594.0,18.0,,,586.0
9514,578,40,575.0,23.0,,,591,26,594.0,10.0,,,584.5
9515,574,32,571.0,24.0,,,588,39,591.0,22.0,,,581.0
9516,573,25,570.0,29.0,,,584,38,587.0,15.0,,,578.5
9517,576,25,573.0,30.0,,,588,18,591.0,21.0,,,582.0
9518,577,21,575.0,10.0,,,588,31,590.0,23.0,,,582.5
9519,578,34,575.0,26.0,,,588,29,591.0,21.0,,,583.0
9520,573,31,570.0,29.0,,,586,35,589.0,12.0,,,579.5
9521,579,19,574.0,20.0,,,589,21,594.0,20.0,,,584.0
9522,581,15,579.0,30.0,575.0,17.0,590,24,592.0,30.0,596.0,16.0,585.5
9523,577,36,575.0,15.0,,,590,30,592.0,22.0,,,583.5
9524,578,18,576.0,28.0,,,588,40,590.0,22.0,,,583.0
9525,574,32,,,,,587,37,,,,,580.5
9526,577,22,574.0,19.0,,,583,32,586.0,16.0,,,580.0
9527,570,15,566.0,20.0,,,583,40,587.0,15.0,,,576.5
9528,576,22,574.0,26.0,571.0,13.0,588,22,590.0,30.0,593.0,8.0,582.0
9529,573,18,571.0,23.0,,,588,31,590.0,18.0,,,580.5
9530,575,36,572.0,26.0,,,590,26,593.0,19.0,,,582.5
9531,580,33,576.0,25.0,,,587,24,591.0,13.0,,,583.5
9532,578,25,577.0,11.0,573.0,11.0,590,19,591.0,21.0,595.0,11.0,584.0
9533,583,21,580.0,24.0,,,592,38,595.0,23.0,,,587.5
9534,585,24,584.0,21.0,,,593,30,594.0,11.0,,,589.0
9535,584,17,582.0,16.0,580.0,19.0,598,21,600.0,26.0,602.0,14.0,591.0
9536,588,31,586.0,29.0,,,601,21,603.0,19.0,,,594.5
9537,587,40,584.0,16.0,,,602,28,605.0,22.0,,,594.5
9538,591,20,588.0,15.0,,,604,22,607.0,22.0,,,597.5
9539,593,34,590.0,11.0,,,602,25,605.0,16.0,,,597.5
9540,590,22,586.0,26.0,,,603,24,607.0,14.0,,,596.5
9541,594,26,592.0,22.0,587.0,14.0,603,35,605.0,23.0,610.0,18.0,598.5
9542,587,29,583.0,19.0,,,599,26,603.0,26.0,,,593.0
9543,592,36,589.0,17.0,586.0,11.0,605,21,608.0,21.0,611.0,5.0,598.5
9544,590,37,587.0,11.0,,,607,40,610.0,23.0,,,598.5
9545,590,28,588.0,24.0,,,602,27,604.0,10.0,,,596.0
9546,591,20,588.0,14.0,,,603,26,606.0,20.0,,,597.0
9547,591,33,587.0,27.0,,,605,35,609.0,24.0,,,598.0
9548,589,30,588.0,13.0,,,605,21,606.0,15.0,,,597.0
9549,592,35,590.0,19.0,,,605,15,607.0,29.0,,,598.5
9550,597,24,593.0,12.0,,,605,24,609.0,14.0,,,601.0
9551,592,19,588.0,29.0,,,610,39,614.0,18.0,,,601.0
9552,600,20,598.0,13.0,,,610,19,612.0,19.0,,,605.0
9553,594,17,590.0,29.0,,,607,28,611.0,20.0,,,600.5
9554,599,33,595.0,29.0,,,604,17,608.0,28.0,,,601.5
9555,594,27,589.0,25.0,,,606,34,611.0,14.0,,,600.0
9556,593,39,589.0,22.0,,,608,37,612.0,21.0,,,600.5
9557,589,35,587.0,24.0,585.0,10.0,601,20,603.0,26.0,605.0,11.0,595.0
9558,588,38,585.0,17.0,,,604,30,607.0,26.0,,,596.0
9559,591,25,587.0,30.0,584.0,12.0,606,30,610.0,30.0,613.0,5.0,598.5
9560,594,22,,,,,606,19,,,,,600.0
9561,597,24,595.0,15.0,,,612,19,614.0,14.0,,,604.5
9562,599,17,595.0,16.0,593.0,18.0,610,32,614.0,13.0,616.0,6.0,604.5
9563,594,26,591.0,23.0,,,609,19,612.0,25.0,,,601.5
9564,595,37,592.0,16.0,,,610,22,613.0,23.0,,,602.5
9565,599,17,597.0,23.0,,,605,34,607.0,17.0,,,602.0
9566,591,19,588.0,11.0,,,608,33,611.0,28.0,,,599.5
9567,592,38,587.0,20.0,,,607,15,612.0,28.0,,,599.5
9568,597,17,595.0,17.0,,,610,38,612.0,16.0,,,603.5
9569,599,35,596.0,23.0,,,612,40,615.0,24.0,,,605.5
9570,596,16,592.0,16.0,588.0,12.0,609,38,613.0,10.0,617.0,8.0,602.5
9571,594,37,591.0,27.0,,,605,24,608.0,17.0,,,599.5
9572,595,32,593.0,10.0,,,608,31,610.0,22.0,,,601.5
9573,596,21,594.0,10.0,,,606,33,608.0,25.0,,,601.0
9574,598,28,594.0,15.0,,,609,19,613.0,12.0,,,603.5
9575,600,37,597.0,30.0,,,613,18,616.0,16.0,,,606.5
9576,602,33,599.0,17.0,,,612,23,615.0,28.0,,,607.0
9577,604,25,602.0,14.0,,,614,33,616.0,10.0,,,609.0
9578,605,38,601.0,11.0,,,618,29,622.0,19.0,,,611.5
9579,608,30,606.0,11.0,,,620,26,622.0,21.0,,,614.0
9580,605,17,603.0,14.0,,,620,18,622.0,27.0,,,612.5
9581,607,30,603.0,23.0,,,620,28,624.0,10.0,,,613.5
9582,607,30,606.0,10.0,,,619,31,620.0,21.0,,,613.0
9583,609,26,606.0,20.0,604.0,9.0,621,21,624.0,23.0,626.0,13.0,615.0
9584,610,20,606.0,27.0,,,624,31,628.0,24.0,,,617.0
9585,608,33,604.0,22.0,,,628,36,632.0,20.0,,,618.0
9586,613,27,611.0,27.0,,,624,22,626.0,18.0,,,618.5
9587,614,15,,,,,622,18,,,,,618.0
9588,612,32,609.0,18.0,,,622,32,625.0,16.0,,,617.0
9589,610,23,607.0,14.0,,,621,29,624.0,26.0,,,615.5
9590,608,21,606.0,19.0,603.0,17.0,626,35,628.0,16.0,631.0,15.0,617.0
9591,612,31,610.0,19.0,,,626,35,628.0,16.0,,,619.0
9592,615,25,613.0,30.0,610.0,7.0,632,28,634.0,29.0,637.0,6.0,623.5
9593,623,23,620.0,30.0,,,631,27,634.0,19.0,,,627.0
9597,627,38,625.0,29.0,,,641,20,643.0,22.0,,,634.0
9595,624,29,619.0,29.0,,,639,40,644.0,16.0,,,631.5
9596,622,39,619.0,16.0,,,638,35,641.0,24.0,,,630.0
9594,623,40,622.0,26.0,,,636,18,637.0,18.0,,,629.5
9598,624,35,620.0,14.0,,,638,39,642.0,27.0,,,631.0
9599,627,15,625.0,25.0,,,638,15,640.0,11.0,,,632.5
9600,624,23,622.0,28.0,620.0,17.0,636,33,638.0,27.0,640.0,8.0,630.0
9601,622,28,618.0,27.0,,,635,38,639.0,30.0,,,628.5
9602,629,38,626.0,21.0,,,638,21,641.0,25.0,,,633.5
9603,621,15,619.0,15.0,617.0,15.0,637,31,639.0,11.0,641.0,13.0,629.0
9604,623,16,619.0,10.0,,,636,36,640.0,20.0,,,629.5
9605,618,25,616.0,21.0,,,634,16,636.0,28.0,,,626.0
9606,620,32,618.0,25.0,,,633,20,635.0,16.0,,,626.5
9607,614,25,612.0,19.0,,,627,31,629.0,17.0,,,620.5
9608,616,17,612.0,21.0,,,631,24,635.0,28.0,,,623.5
9609,620,40,618.0,18.0,,,628,33,630.0,19.0,,,624.0
9610,616,15,614.0,22.0,,,628,21,630.0,16.0,,,622.0
9611,619,37,618.0,17.0,,,632,30,633.0,21.0,,,625.5
9612,619,19,617.0,22.0,,,633,22,635.0,10.0,,,626.0
9613,618,28,616.0,19.0,,,625,22,627.0,12.0,,,621.5
9614,619,39,,,,,633,26,,,,,626.0
9615,617,34,616.0,29.0,,,629,18,630.0,19.0,,,623.0
9616,620,23,617.0,12.0,,,631,34,634.0,20.0,,,625.5
9617,614,24,613.0,18.0,608.0,15.0,626,27,627.0,30.0,632.0,6.0,620.0
9618,619,17,616.0,19.0,,,627,28,630.0,16.0,,,623.0
9619,616,29,614.0,10.0,,,629,22,631.0,26.0,,,622.5
9620,611,29,607.0,28.0,,,625,26,629.0,20.0,,,618.0
9621,618,24,614.0,20.0,,,625,38,629.0,30.0,,,621.5
9622,617,37,614.0,26.0,,,629,19,632.0,11.0,,,623.0
9623,618,17,615.0,24.0,,,630,25,633.0,26.0,,,624.0
9624,622,28,620.0,17.0,616.0,5.0,635,24,637.0,28.0,641.0,5.0,628.5
9625,620,27,617.0,11.0,,,637,29,640.0,13.0,,,628.5
9626,617,15,615.0,27.0,,,630,16,632.0,26.0,,,623.5
9627,617,26,616.0,15.0,,,628,35,629.0,25.0,,,622.5
9628,614,22,611.0,15.0,,,630,16,633.0,14.0,,,622.0
9629,618,27,615.0,25.0,614.0,10.0,627,20,630.0,21.0,631.0,10.0,622.5
9630,618,35,617.0,12.0,,,629,29,630.0,10.0,,,623.5
9631,619,23,616.0,26.0,,,632,32,635.0,28.0,,,625.5
9632,620,29,616.0,23.0,,,630,22,634.0,30.0,,,625.0
9633,619,21,616.0,29.0,615.0,17.0,628,35,631.0,10.0,632.0,6.0,623.5
9634,616,25,,,,,626,26,,,,,621.0
9635,616,34,613.0,18.0,,,625,22,628.0,19.0,,,620.5
9636,618,16,614.0,14.0,,,629,28,633.0,12.0,,,623.5
9637,618,31,615.0,16.0,,,629,36,632.0,22.0,,,623.5
9638,623,27,621.0,25.0,,,634,40,636.0,23.0,,,628.5
9639,621,33,618.0,29.0,,,633,15,636.0,29.0,,,627.0
9640,621,23,,,,,632,30,,,,,626.5
9641,623,32,621.0,30.0,,,634,30,636.0,20.0,,,628.5
9642,623,17,621.0,19.0,,,639,34,641.0,16.0,,,631.0
9643,626,17,624.0,21.0,,,640,15,642.0,30.0,,,633.0
9644,622,24,619.0,10.0,616.0,11.0,638,21,641.0,25.0,644.0,18.0,630.0
9649,612,29,610.0,16.0,,,627,30,629.0,10.0,,,619.5
9646,618,33,613.0,11.0,,,627,24,632.0,19.0,,,622.5
9647,611,22,607.0,12.0,,,633,37,637.0,23.0,,,622.0
9651,617,37,,,,,626,20,,,,,621.5
9645,622,39,619.0,20.0,,,630,23,633.0,15.0,,,626.0
9650,615,16,613.0,30.0,612.0,8.0,626,34,628.0,30.0,629.0,15.0,620.5
9648,613,36,,,,,630,38,,,,,621.5
9652,615,31,613.0,29.0,,,627,28,629.0,26.0,,,621.0
9653,616,18,613.0,27.0,,,630,26,633.0,12.0,,,623.0
9654,620,22,617.0,22.0,,,630,19,633.0,17.0,,,625.0
9655,615,40,611.0,26.0,607.0,10.0,631,38,635.0,23.0,639.0,9.0,623.0
9656,620,40,616.0,18.0,,,629,19,633.0,21.0,,,624.5
9657,620,38,618.0,12.0,,,631,19,633.0,16.0,,,625.5
9658,620,33,619.0,23.0,,,630,34,631.0,14.0,,,625.0
9659,622,30,619.0,26.0,,,632,16,635.0,23.0,,,627.0
9661,618,15,614.0,19.0,,,633,25,637.0,27.0,,,625.5
9660,618,22,614.0,21.0,,,632,37,636.0,11.0,,,625.0
9662,619,37,614.0,19.0,,,633,18,638.0,20.0,,,626.0
9663,621,37,617.0,12.0,,,630,25,634.0,10.0,,,625.5
9664,617,33,613.0,22.0,,,624,28,628.0,21.0,,,620.5
9665,615,34,611.0,17.0,,,627,20,631.0,14.0,,,621.0
9666,613,28,610.0,22.0,,,621,25,624.0,30.0,,,617.0
9667,615,37,610.0,14.0,,,629,28,634.0,23.0,,,622.0
9668,615,23,610.0,12.0,,,624,32,629.0,15.0,,,619.5
9669,611,30,608.0,15.0,,,622,20,625.0,21.0,,,616.5
9670,606,35,604.0,12.0,,,619,30,621.0,13.0,,,612.5
9671,607,26,605.0,23.0,,,619,38,621.0,25.0,,,613.0
9672,600,17,598.0,22.0,,,616,20,618.0,23.0,,,608.0
9673,598,15,593.0,25.0,,,614,16,619.0,12.0,,,606.0
9674,603,19,601.0,30.0,,,614,29,616.0,22.0,,,608.5
9675,600,15,598.0,29.0,,,613,24,615.0,20.0,,,606.5
9676,602,18,599.0,17.0,,,620,23,623.0,18.0,,,611.0
9677,608,21,606.0,20.0,,,621,32,623.0,29.0,,,614.5
9678,611,22,609.0,19.0,,,622,21,624.0,13.0,,,616.5
9679,611,15,607.0,13.0,604.0,5.0,624,16,628.0,16.0,631.0,10.0,617.5
9680,610,36,607.0,14.0,,,616,30,619.0,25.0,,,613.0
9681,609,29,606.0,28.0,,,614,35,617.0,14.0,,,611.5
9682,607,23,606.0,20.0,,,621,39,622.0,27.0,,,614.0
9683,604,26,601.0,19.0,,,619,30,622.0,23.0,,,611.5
9685,609,25,605.0,19.0,,,621,26,625.0,26.0,,,615.0
9686,611,24,608.0,22.0,606.0,8.0,621,15,624.0,14.0,626.0,6.0,616.0
9687,609,39,607.0,17.0,,,623,21,625.0,27.0,,,616.0
9688,612,20,610.0,26.0,,,623,40,625.0,14.0,,,617.5
9689,617,18,614.0,15.0,610.0,11.0,625,33,628.0,27.0,632.0,11.0,621.0
9690,609,30,608.0,18.0,,,628,32,629.0,18.0,,,618.5
9691,617,33,614.0,27.0,,,626,15,629.0,23.0,,,621.5
9692,614,27,,,,,622,19,,,,,618.0
9693,613,39,612.0,21.0,609.0,7.0,626,33,627.0,17.0,630.0,15.0,619.5
9694,615,25,612.0,17.0,608.0,18.0,626,19,629.0,12.0,633.0,10.0,620.5
9695,612,37,608.0,22.0,,,621,22,625.0,21.0,,,616.5
9696,606,20,604.0,13.0,,,622,34,624.0,27.0,,,614.0
9697,612,29,609.0,21.0,,,622,22,625.0,13.0,,,617.0
9698,611,35,606.0,16.0,,,627,17,632.0,24.0,,,619.0
9699,607,23,606.0,20.0,,,619,32,620.0,29.0,,,613.0
9700,606,24,602.0,19.0,,,619,20,623.0,15.0,,,612.5
9701,610,30,608.0,11.0,,,618,39,620.0,14.0,,,614.0
9702,611,17,607.0,11.0,,,627,30,631.0,11.0,,,619.0
9703,614,16,612.0,27.0,608.0,9.0,624,37,626.0,15.0,630.0,18.0,619.0
9704,615,38,612.0,21.0,,,627,27,630.0,13.0,,,621.0
9705,622,29,617.0,21.0,,,626,40,631.0,28.0,,,624.0
9706,622,30,618.0,19.0,,,630,32,634.0,25.0,,,626.0
9707,621,32,,,,,637,25,,,,,629.0
9708,627,30,624.0,23.0,,,638,23,641.0,12.0,,,632.5
9709,625,32,,,,,638,20,,,,,631.5
9710,625,20,622.0,26.0,620.0,6.0,644,25,647.0,30.0,649.0,9.0,634.5
9711,626,17,622.0,12.0,,,634,30,638.0,22.0,,,630.0
9712,624,33,620.0,30.0,,,635,17,639.0,25.0,,,629.5
9713,625,33,623.0,29.0,,,635,28,637.0,22.0,,,630.0
9714,620,19,,,,,633,22,,,,,626.5
9715,617,16,616.0,26.0,,,638,24,639.0,11.0,,,627.5
9716,616,21,612.0,27.0,609.0,6.0,632,22,636.0,19.0,639.0,5.0,624.0
9717,615,20,612.0,26.0,,,628,34,631.0,29.0,,,621.5
9718,615,17,612.0,28.0,,,633,40,636.0,25.0,,,624.0
9719,621,33,617.0,23.0,,,633,31,637.0,15.0,,,627.0
9720,621,36,619.0,10.0,,,630,26,632.0,23.0,,,625.5
9721,619,23,617.0,15.0,,,632,19,634.0,28.0,,,625.5
9722,619,23,615.0,12.0,,,632,19,636.0,18.0,,,625.5
9723,615,18,612.0,26.0,,,627,21,630.0,29.0,,,621.0
9724,614,22,611.0,23.0,,,626,28,629.0,27.0,,,620.0
9725,616,28,612.0,25.0,,,626,30,630.0,23.0,,,621.0
9726,619,17,615.0,20.0,,,629,32,633.0,13.0,,,624.0
9727,617,15,612.0,17.0,,,631,38,636.0,11.0,,,624.0
9728,615,30,612.0,13.0,,,628,34,631.0,23.0,,,621.5
9729,617,24,614.0,29.0,,,629,40,632.0,20.0,,,623.0
9730,620,31,616.0,11.0,613.0,12.0,631,18,635.0,26.0,638.0,14.0,625.5
9731,620,23,618.0,29.0,,,632,28,634.0,17.0,,,626.0
9732,620,34,616.0,25.0,,,633,22,637.0,26.0,,,626.5
9733,619,37,614.0,26.0,,,634,32,639.0,19.0,,,626.5
9734,615,17,612.0,15.0,,,634,40,637.0,21.0,,,624.5
9735,618,32,615.0,21.0,,,636,19,639.0,16.0,,,627.0
9736,620,30,617.0,13.0,,,635,29,638.0,27.0,,,627.5
9737,619,23,615.0,12.0,,,632,25,636.0,22.0,,,625.5
9738,619,26,616.0,16.0,,,632,25,635.0,24.0,,,625.5
9739,621,22,618.0,13.0,,,632,34,635.0,24.0,,,626.5
9740,618,30,615.0,17.0,,,628,33,631.0,10.0,,,623.0
9745,618,29,616.0,29.0,,,628,34,630.0,21.0,,,623.0
9742,620,21,616.0,17.0,,,630,37,634.0,15.0,,,625.0
9743,620,28,617.0,15.0,,,629,29,632.0,25.0,,,624.5
9744,618,22,615.0,14.0,611.0,16.0,635,32,638.0,20.0,642.0,18.0,626.5
9741,621,33,617.0,17.0,,,630,35,634.0,12.0,,,625.5
9746,616,19,611.0,29.0,,,626,33,631.0,30.0,,,621.0
9747,618,32,615.0,25.0,,,627,18,630.0,25.0,,,622.5
9748,619,20,615.0,26.0,,,626,25,630.0,17.0,,,622.5
9749,615,34,,,,,629,16,,,,,622.0
9750,618,35,613.0,28.0,,,629,21,634.0,20.0,,,623.5
9751,618,35,614.0,29.0,,,628,18,632.0,17.0,,,623.0
9752,621,15,,,,,629,21,,,,,625.0
9753,620,17,616.0,15.0,,,632,20,636.0,11.0,,,626.0
9754,624,36,620.0,17.0,,,632,18,636.0,24.0,,,628.0
9755,620,28,617.0,16.0,,,635,21,638.0,25.0,,,627.5
9756,622,27,619.0,19.0,,,639,39,642.0,12.0,,,630.5
9757,623,35,619.0,13.0,,,640,20,644.0,29.0,,,631.5
9758,617,32,614.0,18.0,611.0,6.0,637,28,640.0,13.0,643.0,20.0,627.0
9759,619,40,616.0,20.0,,,637,34,640.0,25.0,,,628.0
9760,623,26,620.0,10.0,,,632,26,635.0,17.0,,,627.5
9761,622,37,620.0,24.0,,,635,32,637.0,19.0,,,628.5
9762,624,22,621.0,11.0,,,628,31,631.0,28.0,,,626.0
9763,615,30,,,,,631,17,,,,,623.0
9764,617,25,614.0,18.0,,,630,24,633.0,23.0,,,623.5
9765,619,24,615.0,19.0,,,634,39,638.0,25.0,,,626.5
9766,623,20,619.0,29.0,,,631,40,635.0,10.0,,,627.0
9767,622,34,619.0,25.0,,,634,20,637.0,18.0,,,628.0
9768,620,24,617.0,29.0,,,637,15,640.0,13.0,,,628.5
9769,619,15,614.0,12.0,,,634,26,639.0,13.0,,,626.5
9770,622,35,619.0,26.0,,,633,33,636.0,14.0,,,627.5
9771,619,35,617.0,27.0,,,632,15,634.0,12.0,,,625.5
9772,619,18,615.0,15.0,,,630,32,634.0,12.0,,,624.5
9773,618,39,615.0,13.0,,,629,34,632.0,19.0,,,623.5
9774,619,34,616.0,30.0,,,628,31,631.0,12.0,,,623.5
9775,624,31,619.0,24.0,615.0,18.0,632,27,637.0,12.0,641.0,12.0,628.0
9776,616,29,612.0,10.0,608.0,9.0,634,27,638.0,23.0,642.0,9.0,625.0
9777,620,31,617.0,30.0,,,630,27,633.0,24.0,,,625.0
9778,619,38,616.0,17.0,611.0,8.0,628,20,631.0,12.0,636.0,20.0,623.5
9779,618,26,614.0,23.0,,,626,27,630.0,23.0,,,622.0
9780,619,36,616.0,22.0,,,633,40,636.0,17.0,,,626.0
9781,623,34,621.0,14.0,,,637,39,639.0,14.0,,,630.0
9782,623,31,621.0,24.0,,,640,18,642.0,28.0,,,631.5
9783,627,22,624.0,26.0,621.0,19.0,637,36,640.0,29.0,643.0,18.0,632.0
9784,626,33,622.0,25.0,619.0,20.0,634,31,638.0,15.0,641.0,18.0,630.0
9785,628,22,625.0,24.0,,,637,26,640.0,11.0,,,632.5
9786,629,35,626.0,13.0,,,644,33,647.0,13.0,,,636.5
9787,633,33,631.0,10.0,,,641,28,643.0,21.0,,,637.0
9788,629,18,625.0,25.0,,,645,16,649.0,13.0,,,637.0
9789,634,24,632.0,30.0,,,644,35,646.0,11.0,,,639.0
9790,637,25,635.0,10.0,,,649,27,651.0,18.0,,,643.0
9791,641,22,640.0,19.0,,,649,19,650.0,16.0,,,645.0
9792,634,23,633.0,24.0,,,651,19,652.0,18.0,,,642.5
9793,642,18,639.0,23.0,,,651,37,654.0,15.0,,,646.5
9794,642,18,641.0,24.0,,,655,22,656.0,13.0,,,648.5
9795,643,33,,,,,653,24,,,,,648.0
9796,638,37,636.0,12.0,,,649,33,651.0,24.0,,,643.5
9797,637,33,632.0,25.0,,,647,27,652.0,27.0,,,642.0
9798,637,39,634.0,25.0,,,649,35,652.0,22.0,,,643.0
9799,636,35,632.0,15.0,,,647,35,651.0,14.0,,,641.5
9800,637,17,635.0,14.0,,,648,23,650.0,18.0,,,642.5
9801,635,29,631.0,24.0,,,643,22,647.0,24.0,,,639.0
9802,633,37,631.0,21.0,,,646,38,648.0,12.0,,,639.5
9803,630,34,,,,,645,25,,,,,637.5
9804,632,20,,,,,640,35,,,,,636.0
9805,630,38,627.0,19.0,,,639,30,642.0,12.0,,,634.5
9806,629,39,625.0,22.0,,,642,19,646.0,21.0,,,635.5
9807,628,39,625.0,12.0,,,645,23,648.0,23.0,,,636.5
9808,629,36,626.0,15.0,,,645,24,648.0,20.0,,,637.0
9809,632,35,628.0,12.0,,,646,29,650.0,24.0,,,639.0
9810,635,32,631.0,10.0,,,643,38,647.0,22.0,,,639.0
9811,635,38,631.0,13.0,,,644,34,648.0,20.0,,,639.5
9812,636,17,633.0,27.0,,,647,38,650.0,16.0,,,641.5
9813,639,16,636.0,27.0,633.0,19.0,651,33,654.0,19.0,657.0,10.0,645.0
9814,645,32,643.0,14.0,,,657,32,659.0,13.0,,,651.0
9815,642,23,638.0,29.0,,,656,15,660.0,18.0,,,649.0
9816,647,24,644.0,26.0,,,656,22,659.0,27.0,,,651.5
9817,646,17,643.0,16.0,,,656,36,659.0,10.0,,,651.0
9818,644,24,641.0,30.0,,,654,25,657.0,27.0,,,649.0
9819,647,16,644.0,14.0,,,657,20,660.0,29.0,,,652.0
9820,639,37,635.0,28.0,,,656,33,660.0,19.0,,,647.5
9821,639,15,636.0,24.0,632.0,15.0,647,38,650.0,13.0,654.0,16.0,643.0
9822,633,29,632.0,25.0,,,646,32,647.0,12.0,,,639.5
9823,634,26,629.0,16.0,,,644,17,649.0,11.0,,,639.0
9824,637,20,634.0,21.0,,,649,26,652.0,21.0,,,643.0
9825,640,15,637.0,11.0,,,653,35,656.0,27.0,,,646.5
9826,636,39,631.0,30.0,,,649,18,654.0,27.0,,,642.5
9827,635,34,633.0,10.0,,,645,20,647.0,11.0,,,640.0
9830,634,36,631.0,18.0,,,644,16,647.0,20.0,,,639.0
9829,630,39,627.0,18.0,,,640,33,643.0,25.0,,,635.0
9828,631,20,629.0,18.0,,,638,40,640.0,13.0,,,634.5
9831,636,27,633.0,27.0,,,646,40,649.0,27.0,,,641.0
9832,637,39,633.0,29.0,,,649,32,653.0,30.0,,,643.0
9833,636,24,634.0,24.0,,,645,19,647.0,25.0,,,640.5
9834,635,37,633.0,20.0,,,649,21,651.0,22.0,,,642.0
9835,634,33,630.0,17.0,,,643,37,647.0,19.0,,,638.5
9836,627,36,623.0,19.0,,,641,37,645.0,26.0,,,634.0
9837,625,22,622.0,24.0,,,632,38,635.0,19.0,,,628.5
9838,624,27,,,,,632,28,,,,,628.0
9839,619,18,616.0,29.0,,,630,33,633.0,13.0,,,624.5
9840,616,15,613.0,13.0,,,627,36,630.0,14.0,,,621.5
9841,614,34,611.0,29.0,,,632,22,635.0,10.0,,,623.0
9842,618,16,615.0,22.0,,,633,40,636.0,19.0,,,625.5
9843,623,32,619.0,24.0,616.0,19.0,632,39,636.0,22.0,639.0,9.0,627.5
9844,621,38,619.0,15.0,,,632,18,634.0,18.0,,,626.5
9845,623,36,620.0,22.0,616.0,5.0,635,39,638.0,21.0,642.0,11.0,629.0
9846,619,38,617.0,13.0,,,632,28,634.0,26.0,,,625.5
9847,625,16,622.0,21.0,,,636,15,639.0,10.0,,,630.5
9848,623,28,621.0,13.0,,,636,17,638.0,25.0,,,629.5
9849,622,38,619.0,10.0,,,632,22,635.0,28.0,,,627.0
9850,621,36,619.0,23.0,,,634,23,636.0,30.0,,,627.5
9851,620,35,618.0,16.0,,,631,16,633.0,29.0,,,625.5
9852,621,37,,,,,629,32,,,,,625.0
9853,621,28,,,,,629,30,,,,,625.0
9854,621,30,620.0,16.0,,,632,19,633.0,23.0,,,626.5
9855,626,24,625.0,22.0,,,636,22,637.0,26.0,,,631.0
9856,629,30,626.0,15.0,,,642,35,645.0,17.0,,,635.5
9857,627,35,623.0,18.0,621.0,11.0,641,38,645.0,15.0,647.0,7.0,634.0
9858,624,21,621.0,26.0,,,636,19,639.0,24.0,,,630.0
9859,621,25,618.0,18.0,,,634,39,637.0,16.0,,,627.5
9860,620,40,616.0,26.0,,,633,18,637.0,18.0,,,626.5
9861,620,33,619.0,20.0,,,631,27,632.0,22.0,,,625.5
9862,617,40,613.0,30.0,,,625,26,629.0,29.0,,,621.0
9863,617,28,612.0,11.0,,,631,24,636.0,20.0,,,624.0
9864,612,28,610.0,24.0,,,622,15,624.0,22.0,,,617.0
9865,613,24,610.0,22.0,,,627,34,630.0,21.0,,,620.0
9866,616,29,615.0,16.0,,,624,36,625.0,30.0,,,620.0
9867,619,21,617.0,17.0,,,628,17,630.0,28.0,,,623.5
9868,620,28,618.0,11.0,,,628,36,630.0,19.0,,,624.0
9869,621,25,619.0,29.0,,,635,35,637.0,12.0,,,628.0
9870,622,29,619.0,28.0,,,636,27,639.0,28.0,,,629.0
9872,619,19,616.0,25.0,,,630,25,633.0,23.0,,,624.5
9873,624,23,620.0,28.0,,,631,36,635.0,15.0,,,627.5
9874,622,34,620.0,10.0,,,635,17,637.0,23.0,,,628.5
9875,619,40,616.0,21.0,,,633,35,636.0,30.0,,,626.0
9876,625,28,622.0,17.0,,,632,18,635.0,27.0,,,628.5
9877,625,34,622.0,15.0,618.0,12.0,638,16,641.0,12.0,645.0,9.0,631.5
9878,627,19,624.0,28.0,,,637,27,640.0,26.0,,,632.0
9879,627,28,622.0,17.0,620.0,17.0,643,36,648.0,13.0,650.0,20.0,635.0
9881,626,30,623.0,14.0,,,638,26,641.0,12.0,,,632.0
9880,630,18,627.0,20.0,,,640,18,643.0,26.0,,,635.0
9882,621,34,618.0,25.0,,,635,17,638.0,26.0,,,628.0
9883,622,38,621.0,18.0,618.0,7.0,635,35,636.0,14.0,639.0,19.0,628.5
9884,622,30,619.0,22.0,,,636,21,639.0,18.0,,,629.0
9885,622,26,619.0,19.0,,,637,39,640.0,27.0,,,629.5
9886,622,31,619.0,24.0,,,638,21,641.0,18.0,,,630.0
9887,628,20,623.0,20.0,,,640,34,645.0,21.0,,,634.0
9888,626,21,623.0,24.0,620.0,11.0,638,31,641.0,27.0,644.0,11.0,632.0
9889,627,37,625.0,27.0,,,641,25,643.0,14.0,,,634.0
9890,629,19,625.0,30.0,,,637,30,641.0,12.0,,,633.0
9891,625,23,623.0,23.0,,,640,38,642.0,15.0,,,632.5
9892,629,35,627.0,30.0,,,641,15,643.0,28.0,,,635.0
9893,633,16,,,,,639,37,,,,,636.0
9894,633,24,632.0,20.0,,,644,18,645.0,14.0,,,638.5
9895,629,17,626.0,13.0,,,642,36,645.0,24.0,,,635.5
9899,629,28,627.0,24.0,,,638,40,640.0,27.0,,,633.5
9897,625,21,623.0,14.0,,,641,36,643.0,29.0,,,633.0
9898,627,28,622.0,13.0,,,642,33,647.0,17.0,,,634.5
9896,630,34,629.0,10.0,,,638,38,639.0,29.0,,,634.0
9900,625,19,621.0,11.0,,,640,39,644.0,24.0,,,632.5
9901,625,22,622.0,22.0,,,635,30,638.0,14.0,,,630.0
9902,627,20,623.0,15.0,,,637,34,641.0,23.0,,,632.0
9903,629,40,628.0,18.0,,,640,25,641.0,14.0,,,634.5
9904,632,23,629.0,17.0,,,644,15,647.0,29.0,,,638.0
9905,631,23,628.0,12.0,,,643,17,646.0,24.0,,,637.0
9906,631,19,628.0,29.0,,,642,39,645.0,16.0,,,636.5
9907,634,18,630.0,13.0,,,646,17,650.0,24.0,,,640.0
9908,637,28,633.0,27.0,,,648,28,652.0,25.0,,,642.5
9909,640,32,637.0,24.0,,,650,20,653.0,22.0,,,645.0
9910,640,23,638.0,18.0,,,648,30,650.0,14.0,,,644.0
9911,640,21,637.0,24.0,,,649,21,652.0,19.0,,,644.5
9912,637,20,633.0,15.0,,,652,24,656.0,22.0,,,644.5
9913,646,22,641.0,16.0,,,654,19,659.0,26.0,,,650.0
9914,643,34,641.0,25.0,,,657,24,659.0,11.0,,,650.0
9915,645,32,641.0,23.0,,,657,20,661.0,18.0,,,651.0
9916,648,37,645.0,22.0,,,657,19,660.0,26.0,,,652.5
9917,645,15,,,,,664,23,,,,,654.5
9918,653,33,651.0,17.0,,,657,18,659.0,15.0,,,655.0
9919,650,27,648.0,26.0,645.0,11.0,663,36,665.0,19.0,668.0,7.0,656.5
9920,646,35,642.0,23.0,,,664,29,668.0,30.0,,,655.0
9921,651,24,,,,,665,34,,,,,658.0
9922,651,17,647.0,26.0,,,666,31,670.0,18.0,,,658.5
9923,652,38,651.0,19.0,,,668,35,669.0,26.0,,,660.0
9925,651,40,648.0,22.0,,,667,33,670.0,13.0,,,659.0
9926,649,19,647.0,25.0,,,663,30,665.0,29.0,,,656.0
9927,647,26,643.0,16.0,,,661,25,665.0,11.0,,,654.0
9928,647,19,643.0,30.0,639.0,7.0,652,21,656.0,26.0,660.0,19.0,649.5
9929,645,38,641.0,11.0,,,654,35,658.0,26.0,,,649.5
9930,644,37,640.0,29.0,,,658,22,662.0,20.0,,,651.0
9931,646,35,642.0,27.0,,,656,23,660.0,24.0,,,651.0
9932,652,37,650.0,27.0,,,658,39,660.0,17.0,,,655.0
9933,653,29,,,,,660,17,,,,,656.5
9934,650,28,647.0,15.0,644.0,13.0,661,36,664.0,28.0,667.0,11.0,655.5
9935,646,20,643.0,20.0,,,661,32,664.0,20.0,,,653.5
9937,645,27,643.0,10.0,,,657,25,659.0,22.0,,,651.0
9938,643,22,641.0,12.0,,,655,20,657.0,22.0,,,649.0
9939,642,33,639.0,18.0,,,657,40,660.0,15.0,,,649.5
9942,649,38,645.0,21.0,,,659,34,663.0,25.0,,,654.0
9941,647,22,645.0,22.0,,,656,30,658.0,21.0,,,651.5
9940,642,19,639.0,17.0,,,659,33,662.0,25.0,,,650.5
9943,652,30,648.0,12.0,,,663,22,667.0,25.0,,,657.5
9944,653,34,652.0,12.0,,,664,19,665.0,19.0,,,658.5
9945,651,27,648.0,24.0,,,661,23,664.0,15.0,,,656.0
9946,647,25,645.0,15.0,,,661,16,663.0,14.0,,,654.0
9947,648,16,646.0,12.0,,,660,34,662.0,20.0,,,654.0
9948,653,37,650.0,20.0,648.0,14.0,661,17,664.0,30.0,666.0,10.0,657.0
9949,657,20,653.0,27.0,,,664,24,668.0,27.0,,,660.5
9950,657,25,654.0,15.0,,,668,26,671.0,26.0,,,662.5
9951,654,34,650.0,19.0,,,667,40,671.0,25.0,,,660.5
9952,656,17,652.0,27.0,,,667,35,671.0,12.0,,,661.5
9953,654,33,653.0,12.0,,,666,18,667.0,15.0,,,660.0
9954,658,29,654.0,10.0,,,669,32,673.0,16.0,,,663.5
9955,654,26,653.0,28.0,,,669,20,670.0,20.0,,,661.5
9956,657,18,653.0,17.0,,,670,24,674.0,19.0,,,663.5
9957,655,35,651.0,23.0,,,671,29,675.0,17.0,,,663.0
9958,655,17,652.0,15.0,,,671,21,674.0,18.0,,,663.0
9959,658,34,655.0,26.0,,,669,21,672.0,15.0,,,663.5
9960,659,32,655.0,25.0,,,671,35,675.0,18.0,,,665.0
9961,659,36,656.0,11.0,,,675,25,678.0,13.0,,,667.0
9962,659,38,657.0,28.0,,,672,22,674.0,26.0,,,665.5
9963,661,31,657.0,21.0,,,672,35,676.0,25.0,,,666.5
9964,663,39,660.0,25.0,,,673,26,676.0,27.0,,,668.0
9965,669,34,668.0,10.0,,,675,18,676.0,15.0,,,672.0
9966,670,24,666.0,29.0,,,687,34,691.0,18.0,,,678.5
9967,673,21,,,,,684,27,,,,,678.5
9968,672,32,668.0,12.0,,,682,18,686.0,24.0,,,677.0
9969,671,18,669.0,26.0,,,679,21,681.0,12.0,,,675.0
9970,667,25,664.0,20.0,,,681,40,684.0,23.0,,,674.0
9971,665,40,662.0,28.0,,,680,15,683.0,10.0,,,672.5
9972,665,25,663.0,18.0,,,678,30,680.0,21.0,,,671.5
9973,669,26,665.0,20.0,,,685,18,689.0,22.0,,,677.0
9974,673,34,668.0,18.0,,,683,17,688.0,22.0,,,678.0
9976,667,17,665.0,24.0,,,673,25,675.0,22.0,,,670.0
9977,667,23,663.0,27.0,,,680,29,684.0,19.0,,,673.5
9978,672,20,668.0,13.0,,,679,15,683.0,28.0,,,675.5
9979,667,23,666.0,22.0,,,682,40,683.0,22.0,,,674.5
9980,672,37,668.0,19.0,,,681,19,685.0,12.0,,,676.5
9981,676,35,674.0,27.0,,,682,36,684.0,14.0,,,679.0
9982,678,19,675.0,25.0,,,685,25,688.0,14.0,,,681.5
9983,672,27,669.0,27.0,,,689,33,692.0,27.0,,,680.5
9984,676,32,674.0,24.0,,,690,24,692.0,25.0,,,683.0
9985,677,16,675.0,15.0,,,692,17,694.0,21.0,,,684.5
9986,680,20,676.0,16.0,674.0,10.0,690,26,694.0,17.0,696.0,15.0,685.0
9987,681,40,677.0,10.0,,,695,23,699.0,27.0,,,688.0
9988,681,29,677.0,14.0,675.0,10.0,692,22,696.0,21.0,698.0,15.0,686.5
9989,681,36,678.0,17.0,,,691,40,694.0,22.0,,,686.0
9990,685,15,683.0,10.0,,,693,33,695.0,26.0,,,689.0
9991,680,20,677.0,18.0,,,694,39,697.0,24.0,,,687.0
9992,675,35,672.0,14.0,,,692,20,695.0,28.0,,,683.5
9993,676,28,675.0,15.0,,,691,29,692.0,12.0,,,683.5
9994,680,26,678.0,13.0,675.0,14.0,692,18,694.0,11.0,697.0,10.0,686.0
9995,679,34,675.0,29.0,,,693,26,697.0,30.0,,,686.0
9996,678,36,674.0,21.0,,,689,18,693.0,22.0,,,683.5
9997,675,19,673.0,23.0,,,685,29,687.0,12.0,,,680.0
9998,674,31,672.0,16.0,,,682,31,684.0,12.0,,,678.0
9999,681,37,678.0,12.0,,,691,19,694.0,13.0,,,686.0
10000,680,27,,,,,696,39,,,,,688.0
10001,686,20,684.0,27.0,,,691,20,693.0,29.0,,,688.5
10002,679,31,675.0,20.0,,,694,33,698.0,22.0,,,686.5
10003,677,24,674.0,20.0,,,689,37,692.0,13.0,,,683.0
10004,681,26,678.0,26.0,,,693,31,696.0,14.0,,,687.0
10005,684,24,682.0,21.0,,,695,16,697.0,24.0,,,689.5
10006,681,29,679.0,26.0,,,694,21,696.0,17.0,,,687.5
10007,681,33,678.0,26.0,,,697,25,700.0,14.0,,,689.0
10008,680,34,,,,,690,27,,,,,685.0
10009,678,39,674.0,10.0,,,691,33,695.0,13.0,,,684.5
10010,677,35,673.0,22.0,,,691,19,695.0,30.0,,,684.0
10011,678,20,674.0,19.0,,,692,31,696.0,17.0,,,685.0
10012,678,17,676.0,27.0,,,691,28,693.0,13.0,,,684.5
10013,678,23,673.0,10.0,,,690,31,695.0,11.0,,,684.0
10014,685,35,682.0,23.0,,,695,37,698.0,13.0,,,690.0
10015,682,40,679.0,14.0,,,697,22,700.0,21.0,,,689.5
10016,684,21,682.0,25.0,,,694,20,696.0,19.0,,,689.0
10017,681,36,679.0,16.0,,,693,32,695.0,24.0,,,687.0
10018,684,30,678.0,30.0,675.0,17.0,692,26,698.0,20.0,701.0,20.0,688.0
10019,685,33,681.0,16.0,,,699,40,703.0,22.0,,,692.0
10020,682,32,680.0,23.0,,,698,38,700.0,16.0,,,690.0
10021,686,19,682.0,19.0,679.0,6.0,697,36,701.0,11.0,704.0,11.0,691.5
10022,690,23,689.0,20.0,,,696,19,697.0,17.0,,,693.0
10023,690,40,686.0,30.0,,,698,18,702.0,24.0,,,694.0
10024,686,29,682.0,18.0,,,698,38,702.0,14.0,,,692.0
10025,689,27,684.0,18.0,,,698,16,703.0,29.0,,,693.5
10026,688,15,686.0,14.0,,,694,27,696.0,14.0,,,691.0
10027,690,16,687.0,19.0,,,702,37,705.0,21.0,,,696.0
10028,691,38,689.0,26.0,684.0,18.0,700,15,702.0,29.0,707.0,11.0,695.5
10029,690,28,686.0,23.0,,,702,27,706.0,29.0,,,696.0
10030,693,37,692.0,21.0,,,704,30,705.0,17.0,,,698.5
10031,688,26,685.0,16.0,,,703,25,706.0,18.0,,,695.5
10032,689,16,686.0,23.0,,,704,38,707.0,13.0,,,696.5
10033,690,27,688.0,17.0,,,703,30,705.0,18.0,,,696.5
10034,692,36,690.0,29.0,,,707,35,709.0,22.0,,,699.5
10035,698,38,695.0,29.0,,,706,26,709.0,29.0,,,702.0
10036,697,39,,,,,705,39,,,,,701.0
10037,696,24,692.0,29.0,,,708,22,712.0,30.0,,,702.0
10038,694,23,692.0,25.0,,,710,36,712.0,20.0,,,702.0
10039,693,16,688.0,11.0,,,704,35,709.0,14.0,,,698.5
10040,691,27,688.0,29.0,,,707,39,710.0,12.0,,,699.0
10041,695,30,690.0,22.0,,,708,32,713.0,29.0,,,701.5
10042,696,37,693.0,20.0,,,704,23,707.0,30.0,,,700.0
10043,694,25,691.0,14.0,,,704,16,707.0,27.0,,,699.0
10044,692,36,689.0,29.0,,,704,17,707.0,29.0,,,698.0
10045,692,29,,,,,709,15,,,,,700.5
10046,692,26,689.0,17.0,,,703,16,706.0,11.0,,,697.5
10047,693,27,689.0,18.0,,,701,15,705.0,17.0,,,697.0
10049,690,36,689.0,26.0,,,702,28,703.0,12.0,,,696.0
10050,689,20,687.0,13.0,,,704,26,706.0,21.0,,,696.5
10052,694,16,690.0,28.0,,,698,25,702.0,19.0,,,696.0
10053,690,19,686.0,20.0,,,702,38,706.0,18.0,,,696.0
10054,686,32,681.0,17.0,679.0,19.0,705,30,710.0,21.0,712.0,20.0,695.5
10055,693,32,691.0,24.0,,,704,36,706.0,18.0,,,698.5
10056,697,21,692.0,15.0,,,706,39,711.0,24.0,,,701.5
10057,697,39,692.0,30.0,,,709,32,714.0,24.0,,,703.0
10058,697,18,693.0,28.0,,,710,33,714.0,16.0,,,703.5
10059,696,15,692.0,21.0,,,712,33,716.0,15.0,,,704.0
10060,698,17,695.0,19.0,,,711,38,714.0,15.0,,,704.5
10061,699,35,,,,,713,36,,,,,706.0
10062,700,15,696.0,12.0,,,709,30,713.0,23.0,,,704.5
10063,702,19,698.0,23.0,,,710,23,714.0,17.0,,,706.0
10064,697,19,,,,,711,35,,,,,704.0
10066,699,39,695.0,19.0,,,712,21,716.0,14.0,,,705.5
10067,697,17,696.0,29.0,,,713,26,714.0,28.0,,,705.0
10068,702,20,697.0,12.0,,,714,21,719.0,12.0,,,708.0
10069,701,25,699.0,26.0,695.0,10.0,716,31,718.0,29.0,722.0,16.0,708.5
10070,707,36,703.0,25.0,,,722,39,726.0,11.0,,,714.5
10071,708,21,706.0,14.0,,,723,35,725.0,19.0,,,715.5
10072,706,37,703.0,11.0,,,720,38,723.0,28.0,,,713.0
10073,704,38,701.0,29.0,,,724,26,727.0,20.0,,,714.0
10074,708,21,705.0,10.0,,,723,34,726.0,30.0,,,715.5
10075,707,25,704.0,23.0,,,721,38,724.0,19.0,,,714.0
10076,708,21,707.0,15.0,,,714,29,715.0,20.0,,,711.0
10077,703,18,701.0,19.0,,,718,18,720.0,10.0,,,710.5
10078,702,21,700.0,15.0,,,718,36,720.0,15.0,,,710.0
10079,702,38,,,,,715,19,,,,,708.5
10080,702,38,699.0,25.0,,,714,30,717.0,26.0,,,708.0
10081,702,27,700.0,12.0,,,712,30,714.0,23.0,,,707.0
10082,699,37,695.0,10.0,,,715,25,719.0,29.0,,,707.0
10083,702,29,698.0,22.0,,,713,36,717.0,15.0,,,707.5
10084,702,20,699.0,28.0,,,713,33,716.0,10.0,,,707.5
10085,701,29,699.0,19.0,,,714,30,716.0,14.0,,,707.5
10086,703,40,700.0,16.0,,,713,39,716.0,29.0,,,708.0
10087,705,29,701.0,17.0,,,715,38,719.0,21.0,,,710.0
10088,706,30,703.0,10.0,,,717,21,720.0,29.0,,,711.5
10089,706,21,702.0,22.0,,,720,17,724.0,29.0,,,713.0
10090,707,35,704.0,19.0,,,716,26,719.0,23.0,,,711.5
10091,701,24,699.0,28.0,,,715,21,717.0,30.0,,,708.0
10092,699,27,696.0,23.0,,,715,38,718.0,14.0,,,707.0
10093,702,33,699.0,16.0,,,713,19,716.0,13.0,,,707.5
10094,698,35,696.0,14.0,,,709,23,711.0,25.0,,,703.5
10095,694,24,691.0,25.0,,,708,36,711.0,30.0,,,701.0
10096,693,22,690.0,17.0,,,703,30,706.0,23.0,,,698.0
10097,693,23,691.0,11.0,,,706,21,708.0,14.0,,,699.5
10098,693,40,689.0,21.0,,,708,39,712.0,28.0,,,700.5
10099,690,37,686.0,12.0,,,703,26,707.0,27.0,,,696.5
10100,691,35,688.0,24.0,,,704,25,707.0,16.0,,,697.5
10101,691,36,688.0,21.0,,,703,23,706.0,16.0,,,697.0
10102,689,25,686.0,16.0,,,706,29,709.0,27.0,,,697.5
10103,689,27,686.0,22.0,,,706,40,709.0,22.0,,,697.5
10104,693,22,689.0,18.0,,,708,33,712.0,26.0,,,700.5
10105,693,40,691.0,17.0,688.0,19.0,705,28,707.0,13.0,710.0,14.0,699.0
10106,692,25,691.0,10.0,,,705,23,706.0,10.0,,,698.5
10107,693,22,691.0,18.0,,,709,26,711.0,20.0,,,701.0
10109,695,30,690.0,19.0,,,710,16,715.0,15.0,,,702.5
10110,697,19,695.0,19.0,,,707,17,709.0,10.0,,,702.0
10111,698,37,696.0,13.0,,,709,40,711.0,16.0,,,703.5
10112,698,30,696.0,27.0,,,711,15,713.0,10.0,,,704.5
10113,699,39,,,,,706,34,,,,,702.5
10114,701,21,698.0,17.0,,,711,27,714.0,30.0,,,706.0
10115,703,32,701.0,20.0,,,712,21,714.0,28.0,,,707.5
10116,701,30,698.0,30.0,,,714,25,717.0,29.0,,,707.5
10117,699,27,696.0,23.0,694.0,11.0,716,19,719.0,15.0,721.0,7.0,707.5
10118,704,20,700.0,19.0,,,709,32,713.0,26.0,,,706.5
10119,701,29,697.0,14.0,,,714,29,718.0,12.0,,,707.5
10120,702,31,699.0,20.0,,,714,25,717.0,18.0,,,708.0
10121,707,22,705.0,19.0,,,716,21,718.0,17.0,,,711.5
10122,707,23,704.0,17.0,,,720,27,723.0,21.0,,,713.5
10123,711,18,708.0,13.0,,,717,30,720.0,14.0,,,714.0
10124,709,28,708.0,28.0,,,722,29,723.0,27.0,,,715.5
10125,713,31,711.0,20.0,,,722,15,724.0,12.0,,,717.5
10126,712,40,708.0,26.0,706.0,15.0,724,36,728.0,10.0,730.0,12.0,718.0
10127,715,18,710.0,13.0,,,721,36,726.0,15.0,,,718.0
10128,713,27,711.0,24.0,,,727,33,729.0,18.0,,,720.0
10129,714,26,710.0,25.0,,,725,21,729.0,11.0,,,719.5
10133,714,27,711.0,24.0,,,730,24,733.0,13.0,,,722.0
10131,715,16,712.0,27.0,,,727,27,730.0,18.0,,,721.0
10132,716,20,713.0,18.0,,,725,26,728.0,20.0,,,720.5
10130,717,30,713.0,27.0,,,727,20,731.0,19.0,,,722.0
10134,714,27,711.0,16.0,,,730,32,733.0,21.0,,,722.0
10135,716,23,714.0,26.0,,,724,33,726.0,10.0,,,720.0
10136,715,18,,,,,726,28,,,,,720.5
10137,711,19,708.0,25.0,,,725,37,728.0,16.0,,,718.0
10138,715,21,710.0,18.0,,,724,18,729.0,17.0,,,719.5
10139,712,29,709.0,10.0,,,726,30,729.0,22.0,,,719.0
10140,714,16,711.0,13.0,,,722,30,725.0,11.0,,,718.0
10141,712,31,710.0,21.0,,,722,26,724.0,13.0,,,717.0
10142,709,32,708.0,19.0,,,723,16,724.0,27.0,,,716.0
10143,709,15,706.0,17.0,,,719,36,722.0,15.0,,,714.0
10144,706,35,703.0,26.0,,,720,28,723.0,18.0,,,713.0
10145,709,28,706.0,28.0,,,723,39,726.0,10.0,,,716.0
10146,709,24,707.0,13.0,,,725,25,727.0,28.0,,,717.0
10147,709,25,706.0,20.0,,,723,24,726.0,21.0,,,716.0
10148,714,30,709.0,12.0,706.0,10.0,718,22,723.0,24.0,726.0,20.0,716.0
10149,711,20,708.0,16.0,,,722,30,725.0,21.0,,,716.5
10150,712,23,707.0,25.0,705.0,13.0,726,35,731.0,16.0,733.0,8.0,719.0
10151,712,39,,,,,723,23,,,,,717.5
10152,717,24,715.0,28.0,,,723,29,725.0,28.0,,,720.0
10153,716,34,714.0,28.0,,,724,15,726.0,12.0,,,720.0
10154,714,26,711.0,27.0,,,725,36,728.0,30.0,,,719.5
10155,714,33,712.0,24.0,,,726,38,728.0,18.0,,,720.0
10156,715,29,713.0,28.0,,,728,16,730.0,22.0,,,721.5
10157,714,34,710.0,15.0,,,729,32,733.0,18.0,,,721.5
10158,717,29,713.0,28.0,,,728,40,732.0,28.0,,,722.5
10159,716,28,713.0,29.0,,,729,16,732.0,10.0,,,722.5
10160,714,20,712.0,10.0,,,725,23,727.0,28.0,,,719.5
10161,710,34,707.0,17.0,705.0,11.0,727,27,730.0,16.0,732.0,18.0,718.5
10162,712,16,709.0,15.0,,,730,28,733.0,26.0,,,721.0
10164,715,21,711.0,14.0,,,726,27,730.0,20.0,,,720.5
10163,718,39,716.0,19.0,,,728,23,730.0,12.0,,,723.0
10167,709,27,705.0,22.0,,,726,39,730.0,26.0,,,717.5
10166,709,17,704.0,29.0,,,724,16,729.0,17.0,,,716.5
10165,714,25,712.0,28.0,,,720,20,722.0,28.0,,,717.0
10168,712,36,709.0,11.0,,,723,15,726.0,26.0,,,717.5
10169,710,15,,,,,721,36,,,,,715.5
10170,709,22,706.0,12.0,,,720,33,723.0,23.0,,,714.5
10171,714,21,710.0,18.0,,,720,29,724.0,22.0,,,717.0
10172,711,31,708.0,28.0,,,725,25,728.0,13.0,,,718.0
10175,710,39,707.0,25.0,,,725,32,728.0,30.0,,,717.5
10174,712,36,710.0,19.0,,,723,21,725.0,19.0,,,717.5
10173,708,40,705.0,28.0,,,723,38,726.0,29.0,,,715.5
10176,714,27,710.0,29.0,,,720,29,724.0,15.0,,,717.0
10177,713,20,711.0,22.0,,,729,40,731.0,28.0,,,721.0
10178,716,38,710.0,19.0,,,727,35,733.0,25.0,,,721.5
10179,714,18,711.0,17.0,,,729,27,732.0,20.0,,,721.5
10180,714,19,710.0,18.0,,,729,23,733.0,10.0,,,721.5
10181,720,31,716.0,26.0,,,731,25,735.0,27.0,,,725.5
10182,721,22,718.0,15.0,,,733,17,736.0,12.0,,,727.0
10183,727,27,,,,,734,30,,,,,730.5
10184,723,25,719.0,28.0,,,737,35,741.0,12.0,,,730.0
10185,722,29,718.0,16.0,,,735,20,739.0,21.0,,,728.5
10186,726,34,723.0,21.0,,,733,32,736.0,24.0,,,729.5
10187,723,27,722.0,16.0,,,733,38,734.0,12.0,,,728.0
10188,723,36,719.0,10.0,,,740,21,744.0,19.0,,,731.5
10189,729,29,723.0,14.0,,,737,28,743.0,24.0,,,733.0
10190,726,27,723.0,13.0,,,741,33,744.0,18.0,,,733.5
10191,731,23,726.0,15.0,,,742,15,747.0,20.0,,,736.5
10192,730,25,728.0,23.0,,,744,39,746.0,23.0,,,737.0
10193,728,27,,,,,739,18,,,,,733.5
10194,728,27,726.0,24.0,721.0,7.0,743,28,745.0,14.0,750.0,9.0,735.5
10195,728,20,725.0,25.0,,,739,29,742.0,29.0,,,733.5
10196,724,35,721.0,23.0,717.0,13.0,735,18,738.0,15.0,742.0,13.0,729.5
10197,726,39,722.0,23.0,,,738,33,742.0,20.0,,,732.0
10198,725,38,723.0,13.0,,,735,37,737.0,12.0,,,730.0
10199,725,21,722.0,22.0,,,738,38,741.0,11.0,,,731.5
10200,721,26,718.0,24.0,,,736,22,739.0,30.0,,,728.5
10201,721,27,717.0,23.0,,,732,18,736.0,12.0,,,726.5
10202,722,36,720.0,23.0,,,733,18,735.0,22.0,,,727.5
10203,726,37,723.0,19.0,,,735,36,738.0,27.0,,,730.5
10204,727,27,725.0,14.0,,,740,30,742.0,17.0,,,733.5
10205,727,38,724.0,15.0,,,736,29,739.0,18.0,,,731.5
10206,728,30,726.0,26.0,,,739,28,741.0,10.0,,,733.5
10207,728,32,725.0,19.0,,,740,27,743.0,25.0,,,734.0
10208,731,29,728.0,13.0,,,739,34,742.0,21.0,,,735.0
10209,728,25,726.0,26.0,723.0,9.0,736,27,738.0,20.0,741.0,18.0,732.0
10210,722,38,720.0,29.0,,,735,35,737.0,19.0,,,728.5
10211,727,26,724.0,11.0,,,735,38,738.0,28.0,,,731.0
10212,725,30,723.0,27.0,,,739,30,741.0,19.0,,,732.0
10213,728,21,727.0,26.0,,,740,15,741.0,12.0,,,734.0
10214,728,31,724.0,20.0,,,739,21,743.0,18.0,,,733.5
10215,730,24,726.0,16.0,,,741,16,745.0,12.0,,,735.5
10216,729,26,726.0,29.0,,,742,18,745.0,13.0,,,735.5
10217,730,18,728.0,24.0,,,743,25,745.0,13.0,,,736.5
10218,727,33,725.0,25.0,,,742,24,744.0,10.0,,,734.5
10219,730,34,726.0,10.0,724.0,12.0,739,29,743.0,19.0,745.0,19.0,734.5
10220,726,21,723.0,26.0,,,740,15,743.0,13.0,,,733.0
10221,726,21,722.0,25.0,718.0,17.0,741,17,745.0,27.0,749.0,11.0,733.5
10222,731,34,728.0,10.0,,,741,34,744.0,10.0,,,736.0
10223,732,34,730.0,14.0,,,741,15,743.0,27.0,,,736.5
10224,728,39,724.0,13.0,,,744,27,748.0,28.0,,,736.0
10225,732,19,730.0,10.0,,,741,23,743.0,19.0,,,736.5
10226,727,39,,,,,745,30,,,,,736.0
10227,729,35,728.0,22.0,,,744,16,745.0,27.0,,,736.5
10229,735,16,731.0,27.0,,,745,37,749.0,15.0,,,740.0
10228,732,17,729.0,30.0,,,744,36,747.0,18.0,,,738.0
10230,733,29,731.0,17.0,,,749,33,751.0,28.0,,,741.0
10231,733,33,730.0,20.0,,,747,16,750.0,15.0,,,740.0
10232,735,40,733.0,19.0,,,749,28,751.0,17.0,,,742.0
10233,736,17,734.0,27.0,,,749,28,751.0,26.0,,,742.5
10234,732,34,729.0,24.0,,,747,23,750.0,23.0,,,739.5
10235,733,28,731.0,26.0,,,743,38,745.0,14.0,,,738.0
10236,734,26,732.0,22.0,,,742,23,744.0,17.0,,,738.0
10237,731,27,729.0,24.0,,,744,21,746.0,16.0,,,737.5
10238,731,31,,,,,741,24,,,,,736.0
10239,726,23,,,,,739,24,,,,,732.5
10240,728,37,725.0,18.0,,,739,36,742.0,15.0,,,733.5
10241,729,27,726.0,30.0,,,738,18,741.0,17.0,,,733.5
10242,730,31,726.0,15.0,,,740,20,744.0,30.0,,,735.0
10243,728,18,725.0,29.0,,,742,37,745.0,27.0,,,735.0
10244,725,28,723.0,22.0,721.0,16.0,739,17,741.0,18.0,743.0,6.0,732.0
10245,728,17,726.0,29.0,,,745,29,747.0,17.0,,,736.5
10246,733,27,729.0,15.0,,,745,37,749.0,25.0,,,739.0
10247,728,21,726.0,30.0,,,743,28,745.0,23.0,,,735.5
10248,729,40,726.0,30.0,,,739,38,742.0,10.0,,,734.0
10249,726,29,724.0,22.0,,,742,20,744.0,26.0,,,734.0
10250,731,35,,,,,744,16,,,,,737.5
10251,731,17,727.0,15.0,,,739,40,743.0,28.0,,,735.0
10252,728,31,725.0,26.0,,,749,17,752.0,15.0,,,738.5
10253,733,25,729.0,21.0,,,746,31,750.0,23.0,,,739.5
10254,738,23,736.0,22.0,,,747,33,749.0,30.0,,,742.5
10255,735,22,733.0,28.0,,,746,25,748.0,25.0,,,740.5
10256,737,30,733.0,15.0,,,744,22,748.0,21.0,,,740.5
10257,734,24,733.0,15.0,,,746,33,747.0,24.0,,,740.0
10258,733,16,730.0,19.0,727.0,8.0,745,30,748.0,28.0,751.0,18.0,739.0
10259,732,35,727.0,20.0,,,746,28,751.0,16.0,,,739.0
10260,735,20,731.0,14.0,,,743,25,747.0,27.0,,,739.0
10261,734,19,731.0,13.0,,,745,30,748.0,29.0,,,739.5
10262,735,17,733.0,26.0,730.0,20.0,748,38,750.0,20.0,753.0,15.0,741.5
10263,735,28,731.0,11.0,,,749,25,753.0,23.0,,,742.0
10264,737,23,733.0,16.0,,,747,24,751.0,14.0,,,742.0
10265,734,28,732.0,18.0,,,746,32,748.0,14.0,,,740.0
10266,735,18,731.0,23.0,,,747,34,751.0,28.0,,,741.0
10267,735,40,,,,,745,24,,,,,740.0
10268,730,32,728.0,12.0,,,744,16,746.0,15.0,,,737.0
10269,732,33,731.0,21.0,,,743,28,744.0,22.0,,,737.5
10270,732,35,,,,,742,27,,,,,737.0
10271,732,29,727.0,12.0,,,743,22,748.0,23.0,,,737.5
10272,732,16,727.0,25.0,,,746,28,751.0,17.0,,,739.0
10273,729,25,726.0,14.0,,,746,30,749.0,10.0,,,737.5
10274,733,27,,,,,744,20,,,,,738.5
10275,732,32,,,,,742,34,,,,,737.0
10276,733,36,731.0,29.0,727.0,8.0,740,38,742.0,10.0,746.0,9.0,736.5
10277,732,38,729.0,17.0,,,743,34,746.0,30.0,,,737.5
10278,730,25,727.0,14.0,,,742,20,745.0,21.0,,,736.0
10279,730,36,726.0,21.0,721.0,12.0,738,16,742.0,22.0,747.0,12.0,734.0
10280,727,33,723.0,15.0,,,740,20,744.0,15.0,,,733.5
10281,729,37,727.0,28.0,,,740,30,742.0,25.0,,,734.5
10282,724,39,721.0,25.0,,,738,18,741.0,17.0,,,731.0
10283,727,38,723.0,11.0,,,735,26,739.0,30.0,,,731.0
10284,725,32,723.0,21.0,,,737,19,739.0,20.0,,,731.0
10285,725,37,722.0,10.0,,,736,26,739.0,24.0,,,730.5
10286,725,28,722.0,27.0,,,737,39,740.0,23.0,,,731.0
10287,723,30,722.0,13.0,718.0,5.0,736,24,737.0,22.0,741.0,6.0,729.5
10288,725,24,,,,,734,34,,,,,729.5
10289,720,38,719.0,27.0,,,732,16,733.0,22.0,,,726.0
10290,722,19,719.0,17.0,,,731,30,734.0,14.0,,,726.5
10291,726,18,723.0,10.0,,,732,16,735.0,29.0,,,729.0
10292,724,22,721.0,10.0,,,735,22,738.0,24.0,,,729.5
10294,722,37,718.0,11.0,714.0,12.0,733,33,737.0,16.0,741.0,20.0,727.5
10293,720,25,716.0,10.0,,,731,39,735.0,28.0,,,725.5
10295,717,25,713.0,16.0,710.0,11.0,730,26,734.0,30.0,737.0,6.0,723.5
10296,719,36,715.0,10.0,,,729,33,733.0,12.0,,,724.0
10297,716,25,715.0,17.0,,,729,33,730.0,17.0,,,722.5
10298,719,34,715.0,11.0,,,732,19,736.0,13.0,,,725.5
10299,721,29,,,,,738,33,,,,,729.5
10300,721,26,719.0,22.0,,,733,35,735.0,30.0,,,727.0
10301,722,25,717.0,10.0,,,733,37,738.0,23.0,,,727.5
10302,715,27,712.0,13.0,709.0,16.0,737,19,740.0,10.0,743.0,5.0,726.0
10303,720,30,717.0,10.0,,,732,21,735.0,23.0,,,726.0
10304,714,34,711.0,22.0,,,726,26,729.0,10.0,,,720.0
10305,717,35,713.0,21.0,,,730,23,734.0,11.0,,,723.5
10306,723,35,720.0,20.0,,,730,30,733.0,20.0,,,726.5
10307,721,31,718.0,25.0,715.0,11.0,737,33,740.0,22.0,743.0,12.0,729.0
10308,719,37,715.0,14.0,,,734,35,738.0,23.0,,,726.5
10309,714,19,712.0,27.0,711.0,17.0,729,40,731.0,28.0,732.0,20.0,721.5
10310,717,38,715.0,30.0,,,726,28,728.0,20.0,,,721.5
10311,711,16,708.0,10.0,,,724,18,727.0,21.0,,,717.5
10312,717,20,713.0,13.0,,,729,30,733.0,17.0,,,723.0
10313,716,35,714.0,18.0,709.0,8.0,730,33,732.0,17.0,737.0,17.0,723.0
10314,719,32,716.0,12.0,,,729,31,732.0,28.0,,,724.0
10315,720,21,716.0,10.0,,,728,31,732.0,19.0,,,724.0
10316,718,28,717.0,13.0,,,728,33,729.0,27.0,,,723.0
10317,715,37,711.0,21.0,708.0,16.0,732,20,736.0,15.0,739.0,8.0,723.5
10318,717,25,714.0,15.0,,,731,17,734.0,25.0,,,724.0
10319,722,21,716.0,21.0,,,730,26,736.0,24.0,,,726.0
10320,723,23,719.0,16.0,,,735,22,739.0,22.0,,,729.0
10321,725,18,721.0,30.0,,,734,25,738.0,20.0,,,729.5
10322,723,21,720.0,29.0,716.0,20.0,729,32,732.0,28.0,736.0,19.0,726.0
10323,721,25,719.0,27.0,716.0,10.0,734,30,736.0,17.0,739.0,10.0,727.5
10324,721,20,716.0,20.0,,,734,15,739.0,17.0,,,727.5
10325,730,21,728.0,23.0,,,735,37,737.0,18.0,,,732.5
10326,725,26,722.0,21.0,,,738,34,741.0,17.0,,,731.5
10327,720,37,716.0,21.0,,,738,34,742.0,16.0,,,729.0
10328,724,20,722.0,24.0,,,739,31,741.0,25.0,,,731.5
10329,726,27,,,,,737,23,,,,,731.5
10330,729,33,725.0,12.0,,,737,26,741.0,11.0,,,733.0
10331,730,15,728.0,26.0,,,742,24,744.0,23.0,,,736.0
10332,727,20,724.0,10.0,,,740,33,743.0,26.0,,,733.5
10333,724,19,720.0,11.0,,,741,25,745.0,27.0,,,732.5
10334,725,32,721.0,12.0,,,740,34,744.0,16.0,,,732.5
10335,727,40,724.0,23.0,722.0,14.0,736,40,739.0,15.0,741.0,20.0,731.5
10336,725,26,723.0,11.0,,,741,24,743.0,24.0,,,733.0
10337,729,15,725.0,17.0,,,736,19,740.0,22.0,,,732.5
10338,723,23,720.0,22.0,719.0,15.0,738,36,741.0,20.0,742.0,8.0,730.5
10339,728,25,725.0,30.0,,,736,18,739.0,17.0,,,732.0
10340,726,23,722.0,25.0,,,738,35,742.0,19.0,,,732.0
10342,729,28,727.0,26.0,,,739,18,741.0,18.0,,,734.0
10343,724,34,721.0,19.0,,,741,30,744.0,15.0,,,732.5
10344,726,19,723.0,17.0,,,741,24,744.0,29.0,,,733.5
10345,731,35,729.0,19.0,,,739,24,741.0,15.0,,,735.0
10346,730,36,728.0,20.0,,,743,16,745.0,13.0,,,736.5
10347,735,26,732.0,18.0,,,745,17,748.0,19.0,,,740.0
10348,737,32,734.0,25.0,,,746,16,749.0,26.0,,,741.5
10349,735,19,732.0,10.0,,,746,32,749.0,22.0,,,740.5
10350,734,18,731.0,16.0,,,749,35,752.0,12.0,,,741.5
10351,734,35,733.0,23.0,,,748,17,749.0,19.0,,,741.0
10352,732,23,728.0,13.0,,,746,40,750.0,28.0,,,739.0
10353,733,40,729.0,20.0,,,744,16,748.0,16.0,,,738.5
10354,732,32,729.0,22.0,,,748,33,751.0,30.0,,,740.0
10355,735,40,732.0,24.0,728.0,17.0,747,22,750.0,13.0,754.0,15.0,741.0
10356,735,31,732.0,17.0,729.0,15.0,747,24,750.0,21.0,753.0,16.0,741.0
10357,740,37,737.0,27.0,,,751,30,754.0,27.0,,,745.5
10358,736,40,733.0,18.0,,,753,22,756.0,10.0,,,744.5
10359,736,24,731.0,27.0,,,748,18,753.0,26.0,,,742.0
10360,739,17,736.0,11.0,,,749,31,752.0,19.0,,,744.0
10361,738,19,735.0,20.0,,,753,40,756.0,10.0,,,745.5
10362,741,32,738.0,26.0,,,753,28,756.0,20.0,,,747.0
10363,739,27,736.0,10.0,,,753,21,756.0,25.0,,,746.0
10364,743,18,742.0,23.0,,,754,40,755.0,10.0,,,748.5
10365,739,35,736.0,26.0,,,754,40,757.0,17.0,,,746.5
10366,744,39,742.0,28.0,,,753,27,755.0,24.0,,,748.5
10367,746,34,,,,,753,32,,,,,749.5
10368,746,26,743.0,16.0,,,755,16,758.0,26.0,,,750.5
10369,747,24,744.0,19.0,,,758,39,761.0,15.0,,,752.5
10370,750,33,747.0,10.0,,,759,37,762.0,13.0,,,754.5
10371,753,39,,,,,761,39,,,,,757.0
10372,749,40,745.0,10.0,,,760,33,764.0,14.0,,,754.5
10377,752,39,749.0,12.0,,,767,31,770.0,30.0,,,759.5
10374,748,30,746.0,10.0,,,763,17,765.0,22.0,,,755.5
10375,750,26,746.0,21.0,,,763,25,767.0,19.0,,,756.5
10376,749,30,747.0,16.0,743.0,20.0,769,36,771.0,25.0,775.0,11.0,759.0
10373,753,40,748.0,26.0,,,764,20,769.0,13.0,,,758.5
10378,757,34,755.0,17.0,,,766,22,768.0,15.0,,,761.5
10379,760,24,757.0,12.0,,,768,22,771.0,15.0,,,764.0
10380,763,16,761.0,26.0,,,771,30,773.0,18.0,,,767.0
10382,764,40,760.0,14.0,,,775,19,779.0,17.0,,,769.5
10381,764,19,759.0,28.0,,,774,28,779.0,26.0,,,769.0
10383,766,34,762.0,30.0,,,778,21,782.0,14.0,,,772.0
10384,762,18,759.0,16.0,,,776,23,779.0,10.0,,,769.0
10385,766,27,763.0,22.0,,,780,18,783.0,23.0,,,773.0
10390,773,36,770.0,23.0,,,785,19,788.0,15.0,,,779.0
10387,770,36,767.0,21.0,764.0,17.0,777,27,780.0,14.0,783.0,10.0,773.5
10388,770,29,766.0,30.0,,,782,24,786.0,16.0,,,776.0
10389,772,40,,,,,784,24,,,,,778.0
10386,767,25,763.0,12.0,761.0,12.0,779,34,783.0,11.0,785.0,15.0,773.0
10391,774,18,772.0,22.0,,,784,36,786.0,17.0,,,779.0
10392,775,37,773.0,13.0,,,783,16,785.0,29.0,,,779.0
10393,772,15,767.0,25.0,763.0,20.0,787,25,792.0,13.0,796.0,19.0,779.5
10394,771,23,767.0,17.0,765.0,7.0,780,40,784.0,26.0,786.0,16.0,775.5
10395,765,27,762.0,12.0,,,781,32,784.0,14.0,,,773.0
10396,767,23,765.0,23.0,,,777,26,779.0,22.0,,,772.0
10397,770,19,768.0,27.0,,,777,27,779.0,18.0,,,773.5
10398,769,39,766.0,15.0,,,779,39,782.0,13.0,,,774.0
10399,765,28,761.0,30.0,,,780,32,784.0,11.0,,,772.5
10400,767,35,763.0,22.0,,,780,33,784.0,28.0,,,773.5
10401,768,25,764.0,23.0,,,779,40,783.0,24.0,,,773.5
10402,766,37,764.0,13.0,,,777,18,779.0,15.0,,,771.5
10403,767,31,764.0,29.0,,,783,37,786.0,10.0,,,775.0
10404,771,22,767.0,20.0,,,784,32,788.0,13.0,,,777.5
10405,768,18,763.0,12.0,,,782,32,787.0,23.0,,,775.0
10406,772,19,771.0,28.0,,,785,38,786.0,13.0,,,778.5
10407,775,19,771.0,13.0,,,784,16,788.0,13.0,,,779.5
10408,773,37,771.0,25.0,,,791,34,793.0,29.0,,,782.0
10409,773,21,770.0,19.0,,,787,33,790.0,29.0,,,780.0
10410,768,22,764.0,21.0,,,783,29,787.0,29.0,,,775.5
10411,771,16,769.0,23.0,,,782,16,784.0,18.0,,,776.5
10412,768,17,764.0,15.0,,,781,36,785.0,19.0,,,774.5
10413,767,23,763.0,11.0,,,778,22,782.0,19.0,,,772.5
10414,768,30,765.0,15.0,,,778,31,781.0,24.0,,,773.0
10415,766,27,762.0,14.0,,,786,25,790.0,18.0,,,776.0
10416,771,16,770.0,22.0,,,783,20,784.0,15.0,,,777.0
10417,776,37,773.0,26.0,,,782,29,785.0,16.0,,,779.0
10418,765,24,763.0,26.0,,,780,26,782.0,26.0,,,772.5
10419,772,33,767.0,20.0,,,781,23,786.0,30.0,,,776.5
10420,774,15,770.0,26.0,,,781,40,785.0,12.0,,,777.5
10421,769,40,768.0,30.0,,,781,19,782.0,30.0,,,775.0
10422,769,18,765.0,17.0,762.0,9.0,782,17,786.0,23.0,789.0,5.0,775.5
10423,765,15,760.0,17.0,,,780,39,785.0,19.0,,,772.5
10424,766,34,763.0,25.0,,,779,34,782.0,23.0,,,772.5
10425,773,22,770.0,12.0,,,778,34,781.0,12.0,,,775.5
10426,768,23,765.0,28.0,,,784,21,787.0,14.0,,,776.0
10427,771,19,769.0,30.0,767.0,8.0,782,35,784.0,28.0,786.0,9.0,776.5
10428,769,35,767.0,23.0,,,785,37,787.0,11.0,,,777.0
10429,772,35,,,,,785,38,,,,,778.5
10430,775,22,772.0,14.0,,,782,19,785.0,19.0,,,778.5
10431,771,27,767.0,18.0,,,787,24,791.0,16.0,,,779.0
10433,774,35,771.0,20.0,,,788,20,791.0,21.0,,,781.0
10432,774,31,772.0,22.0,,,790,40,792.0,23.0,,,782.0
10434,772,34,767.0,24.0,,,783,26,788.0,17.0,,,777.5
10435,770,36,,,,,781,15,,,,,775.5
10436,771,20,769.0,12.0,,,779,15,781.0,22.0,,,775.0
10437,772,38,769.0,10.0,,,782,32,785.0,27.0,,,777.0
10438,770,28,768.0,21.0,,,779,28,781.0,18.0,,,774.5
10439,768,35,765.0,27.0,,,779,22,782.0,13.0,,,773.5
10440,771,31,768.0,21.0,766.0,13.0,779,32,782.0,10.0,784.0,7.0,775.0
10441,771,24,767.0,25.0,,,782,34,786.0,29.0,,,776.5
10442,771,25,,,,,782,35,,,,,776.5
10443,768,21,766.0,12.0,,,786,38,788.0,24.0,,,777.0
10444,773,27,770.0,15.0,,,783,32,786.0,17.0,,,778.0
10445,775,26,773.0,30.0,,,785,25,787.0,30.0,,,780.0
10446,777,39,775.0,27.0,,,789,29,791.0,28.0,,,783.0
10447,778,37,774.0,12.0,,,791,15,795.0,24.0,,,784.5
10448,777,16,775.0,29.0,,,792,30,794.0,16.0,,,784.5
10449,777,36,776.0,25.0,773.0,18.0,790,37,791.0,14.0,794.0,19.0,783.5
10453,783,16,781.0,21.0,,,796,32,798.0,20.0,,,789.5
10451,779,16,777.0,14.0,,,796,38,798.0,18.0,,,787.5
10452,784,36,,,,,792,22,,,,,788.0
10450,778,37,774.0,21.0,,,793,27,797.0,19.0,,,785.5
10454,780,33,777.0,23.0,,,792,22,795.0,28.0,,,786.0
10455,782,18,780.0,19.0,,,794,28,796.0,21.0,,,788.0
10456,780,32,777.0,25.0,,,793,39,796.0,26.0,,,786.5
10457,779,38,778.0,17.0,,,789,23,790.0,14.0,,,784.0
10458,776,32,,,,,785,34,,,,,780.5
10459,773,16,769.0,20.0,,,786,20,790.0,22.0,,,779.5
10460,776,15,773.0,18.0,,,787,28,790.0,26.0,,,781.5
10461,772,28,767.0,15.0,,,788,21,793.0,23.0,,,780.0
10462,771,37,769.0,30.0,,,788,22,790.0,14.0,,,779.5
10463,772,26,769.0,20.0,,,783,33,786.0,11.0,,,777.5
10464,769,32,767.0,13.0,764.0,9.0,783,26,785.0,27.0,788.0,17.0,776.0
10465,769,19,765.0,25.0,,,778,22,782.0,30.0,,,773.5
10466,767,29,765.0,24.0,,,779,20,781.0,28.0,,,773.0
10467,762,22,759.0,18.0,,,779,27,782.0,13.0,,,770.5
10468,768,34,764.0,17.0,,,778,33,782.0,20.0,,,773.0
10469,761,24,756.0,10.0,,,775,34,780.0,19.0,,,768.0
10470,764,18,760.0,24.0,,,775,24,779.0,26.0,,,769.5
10471,763,19,759.0,27.0,,,778,37,782.0,18.0,,,770.5
10472,765,15,763.0,18.0,,,781,25,783.0,18.0,,,773.0
10473,769,36,768.0,24.0,,,776,24,777.0,13.0,,,772.5
10474,769,22,766.0,29.0,,,779,35,782.0,25.0,,,774.0
10475,769,19,766.0,23.0,,,779,36,782.0,29.0,,,774.0
10476,772,22,768.0,13.0,,,781,23,785.0,29.0,,,776.5
10477,769,29,,,,,773,21,,,,,771.0
10478,766,38,763.0,12.0,,,778,33,781.0,28.0,,,772.0
10479,768,28,766.0,17.0,,,780,36,782.0,12.0,,,774.0
10480,766,25,764.0,21.0,,,780,24,782.0,21.0,,,773.0
10481,769,16,767.0,15.0,,,781,20,783.0,29.0,,,775.0
10482,770,32,768.0,24.0,,,780,17,782.0,15.0,,,775.0
10483,766,22,764.0,26.0,,,782,27,784.0,17.0,,,774.0
10484,765,19,762.0,14.0,761.0,11.0,775,23,778.0,24.0,779.0,8.0,770.0
10485,761,19,759.0,15.0,,,777,37,779.0,23.0,,,769.0
10486,763,15,760.0,28.0,,,776,18,779.0,24.0,,,769.5
10487,765,40,,,,,775,32,,,,,770.0
10488,767,25,763.0,26.0,,,773,35,777.0,23.0,,,770.0
10489,764,29,762.0,28.0,,,777,16,779.0,21.0,,,770.5
10490,765,26,762.0,16.0,,,776,28,779.0,25.0,,,770.5
10491,767,28,764.0,16.0,,,773,31,776.0,17.0,,,770.0
10492,763,27,761.0,26.0,,,776,20,778.0,12.0,,,769.5
10493,764,35,760.0,13.0,,,781,19,785.0,29.0,,,772.5
10494,765,21,763.0,15.0,761.0,12.0,774,26,776.0,23.0,778.0,7.0,769.5
10495,759,21,754.0,30.0,,,773,15,778.0,11.0,,,766.0
10496,764,18,,,,,775,17,,,,,769.5
10497,764,15,759.0,12.0,,,776,23,781.0,20.0,,,770.0
10498,765,17,,,,,775,18,,,,,770.0
10499,764,22,,,,,774,26,,,,,769.0
10500,759,38,,,,,773,19,,,,,766.0
10501,757,40,754.0,21.0,,,769,38,772.0,15.0,,,763.0
10502,763,39,761.0,16.0,,,775,35,777.0,13.0,,,769.0
10503,770,34,766.0,10.0,,,777,21,781.0,12.0,,,773.5
10504,770,25,768.0,11.0,,,780,18,782.0,14.0,,,775.0
10505,769,15,766.0,15.0,,,782,19,785.0,14.0,,,775.5
10506,764,34,759.0,26.0,,,775,40,780.0,29.0,,,769.5
10507,768,39,764.0,16.0,,,780,20,784.0,14.0,,,774.0
10508,770,26,766.0,14.0,,,783,30,787.0,16.0,,,776.5
10509,775,20,771.0,26.0,,,784,16,788.0,13.0,,,779.5
10510,783,19,779.0,15.0,,,792,17,796.0,10.0,,,787.5
10511,781,33,779.0,25.0,,,794,20,796.0,17.0,,,787.5
10512,782,21,780.0,11.0,,,791,15,793.0,11.0,,,786.5
10513,784,37,781.0,25.0,777.0,6.0,801,35,804.0,23.0,808.0,17.0,792.5
10514,791,35,789.0,11.0,,,802,15,804.0,20.0,,,796.5
10515,794,39,792.0,22.0,,,799,32,801.0,21.0,,,796.5
10516,797,32,794.0,11.0,,,808,18,811.0,25.0,,,802.5
10517,791,18,788.0,21.0,,,808,25,811.0,30.0,,,799.5
10518,794,39,791.0,10.0,788.0,11.0,800,25,803.0,29.0,806.0,20.0,797.0
10519,798,39,795.0,21.0,792.0,8.0,810,39,813.0,21.0,816.0,16.0,804.0
10520,794,30,791.0,11.0,,,804,16,807.0,18.0,,,799.0
10521,785,27,782.0,14.0,,,801,15,804.0,20.0,,,793.0
10522,782,18,777.0,21.0,,,794,28,799.0,26.0,,,788.0
10523,776,16,773.0,14.0,,,796,20,799.0,19.0,,,786.0
10524,780,33,776.0,10.0,,,792,33,796.0,10.0,,,786.0
10525,782,37,779.0,27.0,,,792,21,795.0,12.0,,,787.0
10526,777,36,775.0,30.0,,,788,34,790.0,30.0,,,782.5
10527,783,16,779.0,23.0,,,795,33,799.0,21.0,,,789.0
10528,783,35,780.0,26.0,,,793,21,796.0,16.0,,,788.0
10529,777,27,772.0,28.0,,,789,16,794.0,30.0,,,783.0
10530,782,32,779.0,17.0,775.0,16.0,792,26,795.0,27.0,799.0,12.0,787.0
10531,784,35,780.0,25.0,,,796,36,800.0,29.0,,,790.0
10532,788,39,785.0,21.0,,,799,24,802.0,23.0,,,793.5
10533,778,21,776.0,12.0,,,790,28,792.0,29.0,,,784.0
10539,780,20,777.0,30.0,774.0,18.0,793,29,796.0,21.0,799.0,10.0,786.5
10535,775,25,,,,,793,28,,,,,784.0
10536,778,26,773.0,16.0,,,789,30,794.0,29.0,,,783.5
10537,772,27,770.0,20.0,,,782,24,784.0,15.0,,,777.0
10534,775,27,774.0,27.0,771.0,16.0,784,24,785.0,14.0,788.0,17.0,779.5
10538,774,34,771.0,17.0,,,786,27,789.0,18.0,,,780.0
10540,774,24,771.0,10.0,,,785,19,788.0,23.0,,,779.5
10541,771,26,,,,,780,33,,,,,775.5
10542,777,31,774.0,14.0,,,784,34,787.0,21.0,,,780.5
10543,770,34,767.0,10.0,,,782,21,785.0,27.0,,,776.0
10544,763,30,760.0,23.0,,,779,34,782.0,23.0,,,771.0
10545,769,28,766.0,22.0,,,776,40,779.0,28.0,,,772.5
10546,767,39,763.0,21.0,,,779,24,783.0,22.0,,,773.0
10547,768,25,767.0,17.0,,,782,29,783.0,18.0,,,775.0
10548,762,31,760.0,14.0,,,775,16,777.0,13.0,,,768.5
10549,761,20,759.0,19.0,,,775,28,777.0,25.0,,,768.0
10550,764,28,,,,,775,25,,,,,769.5
10551,765,29,762.0,24.0,,,783,40,786.0,19.0,,,774.0
10552,764,26,760.0,28.0,,,777,15,781.0,10.0,,,770.5
10553,768,17,764.0,18.0,,,779,23,783.0,29.0,,,773.5
10555,764,31,761.0,29.0,,,782,33,785.0,13.0,,,773.0
10556,770,20,767.0,11.0,,,780,17,783.0,17.0,,,775.0
10557,773,40,770.0,21.0,,,786,28,789.0,14.0,,,779.5
10558,773,24,771.0,28.0,,,786,19,788.0,15.0,,,779.5
10559,777,31,774.0,11.0,,,789,37,792.0,11.0,,,783.0
10560,780,32,777.0,24.0,,,792,27,795.0,30.0,,,786.0
10561,784,37,781.0,15.0,,,790,15,793.0,11.0,,,787.0
10562,777,35,775.0,17.0,,,787,20,789.0,18.0,,,782.0
10563,770,15,766.0,12.0,,,780,27,784.0,20.0,,,775.0
10564,771,23,768.0,16.0,,,782,33,785.0,28.0,,,776.5
10565,772,16,769.0,11.0,,,783,17,786.0,10.0,,,777.5
10566,768,30,764.0,16.0,,,778,20,782.0,27.0,,,773.0
10567,765,22,762.0,23.0,,,773,40,776.0,19.0,,,769.0
10568,765,19,760.0,27.0,,,776,25,781.0,15.0,,,770.5
10569,762,19,758.0,18.0,,,777,35,781.0,13.0,,,769.5
10570,767,32,765.0,15.0,,,779,29,781.0,28.0,,,773.0
10571,768,27,765.0,30.0,,,778,40,781.0,18.0,,,773.0
10572,761,22,757.0,28.0,,,774,27,778.0,19.0,,,767.5
10573,760,39,757.0,16.0,756.0,16.0,772,21,775.0,11.0,776.0,14.0,766.0
10574,768,32,764.0,17.0,,,778,35,782.0,10.0,,,773.0
10575,766,18,763.0,15.0,,,775,39,778.0,13.0,,,770.5
10576,770,24,767.0,16.0,,,780,33,783.0,18.0,,,775.0
10577,768,26,765.0,26.0,,,781,40,784.0,23.0,,,774.5
10578,772,26,768.0,21.0,,,784,31,788.0,26.0,,,778.0
10579,774,26,773.0,18.0,,,791,37,792.0,25.0,,,782.5
10580,778,35,776.0,26.0,,,787,25,789.0,22.0,,,782.5
10581,775,15,771.0,16.0,,,786,18,790.0,16.0,,,780.5
10582,781,40,778.0,25.0,,,791,25,794.0,23.0,,,786.0
10583,783,23,782.0,16.0,,,793,21,794.0,21.0,,,788.0
10584,777,31,,,,,794,26,,,,,785.5
10585,778,17,,,,,787,40,,,,,782.5
10586,775,26,773.0,19.0,,,788,18,790.0,11.0,,,781.5
10587,772,22,769.0,19.0,,,783,20,786.0,21.0,,,777.5
10588,775,17,773.0,14.0,,,786,19,788.0,25.0,,,780.5
10589,779,29,776.0,13.0,,,794,38,797.0,14.0,,,786.5
10590,783,16,,,,,799,34,,,,,791.0
10591,781,25,780.0,11.0,,,793,22,794.0,19.0,,,787.0
10592,783,25,780.0,28.0,,,798,33,801.0,21.0,,,790.5
10593,784,38,781.0,13.0,,,799,35,802.0,10.0,,,791.5
10594,788,39,785.0,26.0,781.0,18.0,799,38,802.0,17.0,806.0,11.0,793.5
10595,792,23,788.0,15.0,,,802,37,806.0,12.0,,,797.0
10596,796,22,793.0,28.0,,,809,30,812.0,25.0,,,802.5
10597,801,31,797.0,10.0,,,814,29,818.0,11.0,,,807.5
10598,795,29,792.0,11.0,,,804,27,807.0,26.0,,,799.5
10599,796,19,793.0,24.0,,,805,24,808.0,18.0,,,800.5
10600,796,38,,,,,810,25,,,,,803.0
10601,806,22,804.0,30.0,,,825,26,827.0,18.0,,,815.5
10602,812,16,810.0,23.0,808.0,8.0,823,21,825.0,25.0,827.0,10.0,817.5
10603,811,32,807.0,21.0,,,829,39,833.0,23.0,,,820.0
10604,809,29,808.0,11.0,,,824,35,825.0,25.0,,,816.5
10605,804,29,799.0,21.0,,,819,40,824.0,27.0,,,811.5
10606,809,34,807.0,24.0,,,820,26,822.0,29.0,,,814.5
10608,808,26,805.0,23.0,,,821,24,824.0,26.0,,,814.5
10609,820,33,818.0,20.0,,,827,36,829.0,12.0,,,823.5
10610,822,25,820.0,25.0,,,828,28,830.0,25.0,,,825.0
10611,818,34,815.0,28.0,,,833,23,836.0,28.0,,,825.5
10612,814,37,813.0,20.0,,,829,40,830.0,11.0,,,821.5
10613,810,26,806.0,17.0,,,821,24,825.0,14.0,,,815.5
10614,806,30,802.0,15.0,,,819,16,823.0,16.0,,,812.5
10615,805,25,802.0,27.0,,,821,35,824.0,15.0,,,813.0
10616,807,31,805.0,22.0,,,817,25,819.0,19.0,,,812.0
10617,808,31,806.0,24.0,,,822,19,824.0,28.0,,,815.0
10619,811,34,809.0,27.0,,,819,18,821.0,11.0,,,815.0
10620,809,15,806.0,16.0,,,822,36,825.0,14.0,,,815.5
10621,812,27,809.0,27.0,,,819,32,822.0,18.0,,,815.5
10622,806,23,802.0,10.0,,,819,24,823.0,16.0,,,812.5
10623,803,38,801.0,26.0,,,816,15,818.0,21.0,,,809.5
10624,803,36,800.0,29.0,,,809,39,812.0,27.0,,,806.0
10625,802,39,800.0,22.0,,,813,24,815.0,21.0,,,807.5
10626,812,26,808.0,26.0,,,825,19,829.0,25.0,,,818.5
10627,819,27,816.0,12.0,,,832,30,835.0,21.0,,,825.5
10628,816,39,813.0,26.0,809.0,10.0,827,22,830.0,20.0,834.0,6.0,821.5
10629,814,36,809.0,10.0,,,822,34,827.0,27.0,,,818.0
10630,811,33,807.0,14.0,,,826,34,830.0,30.0,,,818.5
10631,814,19,812.0,21.0,,,827,37,829.0,10.0,,,820.5
10632,819,40,816.0,23.0,,,829,22,832.0,10.0,,,824.0
10633,817,28,813.0,27.0,,,833,19,837.0,25.0,,,825.0
10634,812,38,810.0,19.0,,,831,34,833.0,12.0,,,821.5
10635,813,20,811.0,14.0,,,829,29,831.0,10.0,,,821.0
10636,816,39,813.0,12.0,,,830,18,833.0,25.0,,,823.0
10637,822,21,818.0,10.0,,,836,23,840.0,18.0,,,829.0
10638,824,27,821.0,17.0,,,833,39,836.0,14.0,,,828.5
10639,824,28,821.0,16.0,,,841,33,844.0,13.0,,,832.5
10640,827,33,,,,,842,32,,,,,834.5
10641,835,22,832.0,23.0,,,845,39,848.0,13.0,,,840.0
10642,839,28,836.0,12.0,,,852,25,855.0,25.0,,,845.5
10643,836,36,834.0,13.0,,,849,31,851.0,10.0,,,842.5
10644,836,34,833.0,10.0,,,845,19,848.0,22.0,,,840.5
10645,837,20,833.0,27.0,,,848,26,852.0,25.0,,,842.5
10646,830,22,827.0,11.0,,,840,26,843.0,17.0,,,835.0
10647,826,38,823.0,19.0,,,838,39,841.0,23.0,,,832.0
10648,825,20,823.0,29.0,,,833,22,835.0,24.0,,,829.0
10649,824,15,821.0,19.0,,,838,27,841.0,22.0,,,831.0
10650,829,30,825.0,29.0,,,836,34,840.0,30.0,,,832.5
10651,826,38,824.0,25.0,,,836,39,838.0,12.0,,,831.0
10652,816,32,814.0,12.0,,,831,15,833.0,13.0,,,823.5
10653,818,25,814.0,11.0,,,833,29,837.0,30.0,,,825.5
10654,816,35,813.0,17.0,,,832,16,835.0,13.0,,,824.0
10655,822,24,819.0,21.0,,,832,38,835.0,23.0,,,827.0
10656,828,25,825.0,19.0,,,837,27,840.0,24.0,,,832.5
10657,832,26,828.0,17.0,,,847,37,851.0,22.0,,,839.5
10658,834,27,831.0,24.0,,,842,31,845.0,17.0,,,838.0
10659,828,35,825.0,19.0,,,841,18,844.0,19.0,,,834.5
10660,831,15,828.0,17.0,,,844,38,847.0,27.0,,,837.5
10661,831,21,829.0,30.0,826.0,15.0,843,34,845.0,17.0,848.0,11.0,837.0
10662,832,16,828.0,29.0,,,843,21,847.0,26.0,,,837.5
10663,837,20,835.0,17.0,,,845,21,847.0,26.0,,,841.0
10664,831,22,827.0,19.0,,,848,31,852.0,11.0,,,839.5
10665,843,32,,,,,848,29,,,,,845.5
10666,838,29,836.0,11.0,834.0,7.0,850,38,852.0,26.0,854.0,13.0,844.0
10667,839,34,837.0,12.0,,,851,28,853.0,10.0,,,845.0
10668,841,32,838.0,11.0,,,857,35,860.0,25.0,,,849.0
10669,848,33,846.0,18.0,843.0,10.0,857,20,859.0,18.0,862.0,9.0,852.5
10670,842,20,839.0,26.0,,,855,39,858.0,26.0,,,848.5
10671,843,32,840.0,28.0,,,854,25,857.0,20.0,,,848.5
10672,844,29,841.0,10.0,,,858,21,861.0,29.0,,,851.0
10673,845,40,842.0,11.0,,,855,35,858.0,24.0,,,850.0
10674,853,24,850.0,30.0,,,863,35,866.0,19.0,,,858.0
10675,857,28,854.0,22.0,,,867,15,870.0,29.0,,,862.0
10676,855,25,853.0,22.0,,,866,24,868.0,26.0,,,860.5
10677,859,31,858.0,25.0,,,872,36,873.0,23.0,,,865.5
10678,860,32,858.0,28.0,,,872,18,874.0,11.0,,,866.0
10679,861,22,857.0,14.0,,,873,31,877.0,10.0,,,867.0
10680,859,31,857.0,11.0,853.0,16.0,872,31,874.0,28.0,878.0,12.0,865.5
10681,858,39,856.0,12.0,,,871,15,873.0,15.0,,,864.5
10682,855,31,852.0,18.0,,,870,31,873.0,16.0,,,862.5
10683,860,15,859.0,28.0,855.0,16.0,874,37,875.0,26.0,879.0,10.0,867.0
10684,865,25,861.0,20.0,,,874,37,878.0,11.0,,,869.5
10685,867,36,863.0,20.0,,,878,35,882.0,17.0,,,872.5
10686,862,30,859.0,27.0,,,869,19,872.0,11.0,,,865.5
10688,859,23,855.0,14.0,,,868,29,872.0,14.0,,,863.5
10689,855,29,853.0,18.0,,,867,27,869.0,18.0,,,861.0
10690,849,31,847.0,15.0,,,869,19,871.0,27.0,,,859.0
10691,850,18,846.0,10.0,,,867,20,871.0,10.0,,,858.5
10692,862,23,,,,,872,18,,,,,867.0
10693,853,21,850.0,20.0,847.0,15.0,866,28,869.0,18.0,872.0,12.0,859.5
10694,854,32,851.0,13.0,,,858,24,861.0,21.0,,,856.0
10695,848,28,845.0,19.0,,,866,15,869.0,15.0,,,857.0
10696,853,29,850.0,14.0,,,860,21,863.0,29.0,,,856.5
10697,853,16,850.0,22.0,,,864,16,867.0,18.0,,,858.5
10698,869,29,865.0,16.0,,,872,27,876.0,11.0,,,870.5
10699,863,30,861.0,20.0,,,877,21,879.0,18.0,,,870.0
10700,861,19,857.0,15.0,853.0,6.0,876,27,880.0,17.0,884.0,19.0,868.5
10701,859,26,,,,,868,15,,,,,863.5
10702,856,31,854.0,20.0,849.0,8.0,867,25,869.0,23.0,874.0,10.0,861.5
10703,859,31,856.0,14.0,,,866,19,869.0,10.0,,,862.5
10704,853,31,849.0,14.0,847.0,10.0,866,34,870.0,10.0,872.0,9.0,859.5
10705,853,36,852.0,19.0,,,865,16,866.0,15.0,,,859.0
10706,855,38,852.0,20.0,,,866,17,869.0,13.0,,,860.5
10707,855,26,854.0,26.0,,,868,21,869.0,29.0,,,861.5
10708,854,34,851.0,23.0,,,862,35,865.0,20.0,,,858.0
10709,854,25,850.0,11.0,,,865,39,869.0,11.0,,,859.5
10710,854,31,848.0,29.0,,,863,40,869.0,20.0,,,858.5
10711,847,22,845.0,16.0,,,861,37,863.0,19.0,,,854.0
10712,848,19,844.0,11.0,,,862,20,866.0,15.0,,,855.0
10713,847,28,845.0,16.0,,,861,17,863.0,25.0,,,854.0
10714,844,16,841.0,25.0,,,855,35,858.0,30.0,,,849.5
10715,848,27,,,,,858,40,,,,,853.0
10716,847,18,843.0,13.0,,,858,32,862.0,16.0,,,852.5
10717,849,33,845.0,30.0,,,862,24,866.0,15.0,,,855.5
10718,844,22,841.0,18.0,,,857,36,860.0,21.0,,,850.5
10722,846,19,843.0,20.0,840.0,12.0,858,36,861.0,30.0,864.0,12.0,852.0
10720,850,36,847.0,16.0,,,862,35,865.0,13.0,,,856.0
10719,844,26,839.0,20.0,,,858,22,863.0,21.0,,,851.0
10721,846,36,844.0,27.0,,,863,30,865.0,11.0,,,854.5
10723,849,29,846.0,24.0,,,855,15,858.0,17.0,,,852.0
10724,845,35,841.0,28.0,,,853,20,857.0,29.0,,,849.0
10725,847,16,845.0,29.0,,,856,27,858.0,14.0,,,851.5
10726,844,40,840.0,30.0,837.0,7.0,854,18,858.0,10.0,861.0,9.0,849.0
10727,844,34,842.0,18.0,,,850,19,852.0,29.0,,,847.0
10728,843,22,841.0,18.0,,,854,30,856.0,13.0,,,848.5
10729,841,16,836.0,25.0,,,845,39,850.0,24.0,,,843.0
10730,830,25,826.0,10.0,,,845,29,849.0,16.0,,,837.5
10731,836,28,833.0,15.0,,,850,19,853.0,24.0,,,843.0
10732,838,30,836.0,25.0,834.0,18.0,847,39,849.0,23.0,851.0,8.0,842.5
10733,835,15,831.0,17.0,,,843,23,847.0,29.0,,,839.0
10734,836,19,834.0,11.0,,,854,23,856.0,15.0,,,845.0
10735,837,26,,,,,855,39,,,,,846.0
10736,835,36,,,,,848,23,,,,,841.5
10737,832,22,830.0,26.0,,,842,18,844.0,24.0,,,837.0
10738,836,20,833.0,12.0,829.0,8.0,848,37,851.0,23.0,855.0,6.0,842.0
10739,836,40,832.0,23.0,,,855,32,859.0,22.0,,,845.5
10740,838,27,835.0,17.0,,,850,40,853.0,20.0,,,844.0
10741,835,36,832.0,18.0,,,845,28,848.0,19.0,,,840.0
10742,829,26,,,,,843,32,,,,,836.0
10743,836,17,,,,,845,38,,,,,840.5
10744,832,15,830.0,16.0,,,843,24,845.0,10.0,,,837.5
10745,826,36,825.0,15.0,,,838,28,839.0,15.0,,,832.0
10746,827,24,824.0,22.0,,,834,25,837.0,22.0,,,830.5
10747,827,29,824.0,13.0,,,837,39,840.0,21.0,,,832.0
10748,830,15,827.0,27.0,,,841,36,844.0,29.0,,,835.5
10749,827,30,823.0,12.0,,,840,23,844.0,11.0,,,833.5
10750,834,39,830.0,22.0,,,844,35,848.0,17.0,,,839.0
10751,835,32,832.0,13.0,,,844,40,847.0,23.0,,,839.5
10752,831,18,828.0,27.0,,,839,20,842.0,26.0,,,835.0
10753,829,40,826.0,12.0,,,841,32,844.0,22.0,,,835.0
10754,829,35,,,,,841,33,,,,,835.0
10755,828,20,825.0,18.0,,,840,22,843.0,11.0,,,834.0
10756,826,22,823.0,11.0,,,840,21,843.0,26.0,,,833.0
10757,819,28,817.0,28.0,,,832,17,834.0,28.0,,,825.5
10758,819,26,815.0,26.0,,,826,29,830.0,15.0,,,822.5
10759,814,35,812.0,29.0,,,826,40,828.0,18.0,,,820.0
10760,812,34,809.0,29.0,,,826,22,829.0,21.0,,,819.0
10761,811,22,807.0,24.0,,,823,23,827.0,19.0,,,817.0
10762,806,30,805.0,18.0,,,821,26,822.0,17.0,,,813.5
10763,815,27,811.0,20.0,808.0,18.0,822,28,826.0,16.0,829.0,10.0,818.5
10767,810,20,808.0,21.0,806.0,8.0,822,29,824.0,19.0,826.0,5.0,816.0
10769,800,25,798.0,22.0,,,810,22,812.0,25.0,,,805.0
10766,812,16,810.0,17.0,,,825,15,827.0,17.0,,,818.5
10764,820,23,817.0,16.0,,,828,31,831.0,28.0,,,824.0
10768,808,28,805.0,29.0,,,816,34,819.0,16.0,,,812.0
10765,814,15,812.0,26.0,,,824,40,826.0,22.0,,,819.0
10770,796,34,793.0,24.0,,,808,21,811.0,16.0,,,802.0
10771,805,29,801.0,27.0,,,813,37,817.0,27.0,,,809.0
10772,810,29,806.0,30.0,,,818,34,822.0,29.0,,,814.0
10773,808,31,805.0,15.0,,,821,27,824.0,13.0,,,814.5
10774,810,19,806.0,15.0,,,824,22,828.0,11.0,,,817.0
10775,821,33,818.0,25.0,,,830,25,833.0,18.0,,,825.5
10776,824,16,,,,,832,21,,,,,828.0
10777,828,31,823.0,30.0,,,836,29,841.0,26.0,,,832.0
10778,827,27,823.0,13.0,,,837,31,841.0,15.0,,,832.0
10779,831,18,,,,,840,31,,,,,835.5
10780,829,22,826.0,21.0,,,840,35,843.0,22.0,,,834.5
10781,824,39,820.0,24.0,,,839,29,843.0,16.0,,,831.5
10782,834,19,833.0,24.0,,,844,21,845.0,21.0,,,839.0
10783,836,26,833.0,14.0,,,847,37,850.0,21.0,,,841.5
10784,842,21,838.0,22.0,,,850,25,854.0,22.0,,,846.0
10785,843,32,841.0,21.0,,,852,33,854.0,26.0,,,847.5
10786,848,40,846.0,26.0,,,857,33,859.0,14.0,,,852.5
10787,856,15,854.0,28.0,,,863,28,865.0,27.0,,,859.5
10788,850,32,847.0,15.0,,,862,35,865.0,26.0,,,856.0
10789,855,26,851.0,15.0,,,865,25,869.0,29.0,,,860.0
10790,856,21,853.0,21.0,850.0,9.0,864,34,867.0,17.0,870.0,18.0,860.0
10791,851,30,847.0,19.0,,,864,35,868.0,24.0,,,857.5
10792,854,34,851.0,27.0,,,864,40,867.0,16.0,,,859.0
10793,859,19,855.0,29.0,,,871,30,875.0,23.0,,,865.0
10794,866,23,862.0,28.0,,,877,29,881.0,30.0,,,871.5
10795,866,31,860.0,27.0,,,880,34,886.0,11.0,,,873.0
10796,868,21,864.0,15.0,,,874,23,878.0,12.0,,,871.0
10797,858,15,855.0,27.0,,,871,30,874.0,11.0,,,864.5
10798,864,37,861.0,27.0,,,872,38,875.0,29.0,,,868.0
10799,866,18,863.0,25.0,,,877,21,880.0,14.0,,,871.5
10800,869,25,866.0,28.0,,,885,24,888.0,11.0,,,877.0
10801,873,40,869.0,13.0,,,883,28,887.0,26.0,,,878.0
10802,875,40,872.0,16.0,,,884,33,887.0,12.0,,,879.5
10803,873,40,869.0,14.0,,,884,29,888.0,15.0,,,878.5
10804,869,20,865.0,21.0,,,882,33,886.0,14.0,,,875.5
10805,868,19,865.0,18.0,861.0,11.0,878,23,881.0,21.0,885.0,10.0,873.0
10806,869,29,867.0,10.0,,,879,33,881.0,19.0,,,874.0
10807,868,24,864.0,14.0,,,882,18,886.0,17.0,,,875.0
10808,874,23,871.0,29.0,,,882,24,885.0,30.0,,,878.0
10809,876,21,872.0,29.0,,,886,23,890.0,28.0,,,881.0
10810,877,35,875.0,13.0,,,890,25,892.0,30.0,,,883.5
10811,881,21,878.0,17.0,876.0,15.0,888,17,891.0,13.0,893.0,19.0,884.5
10812,882,19,,,,,893,36,,,,,887.5
10813,882,31,879.0,17.0,,,889,22,892.0,29.0,,,885.5
10814,880,37,875.0,10.0,,,893,27,898.0,11.0,,,886.5
10815,874,19,871.0,19.0,,,886,34,889.0,10.0,,,880.0
10819,884,23,881.0,22.0,,,895,35,898.0,20.0,,,889.5
10817,875,25,872.0,18.0,,,890,17,893.0,18.0,,,882.5
10818,881,15,879.0,23.0,,,892,20,894.0,27.0,,,886.5
10816,870,34,,,,,881,38,,,,,875.5
10820,886,35,882.0,28.0,,,900,16,904.0,26.0,,,893.0
10821,884,23,882.0,24.0,,,898,21,900.0,22.0,,,891.0
10822,888,25,885.0,16.0,,,900,37,903.0,16.0,,,894.0
10823,883,35,881.0,24.0,,,898,40,900.0,13.0,,,890.5
10824,880,19,876.0,10.0,,,895,37,899.0,22.0,,,887.5
10825,880,25,876.0,14.0,,,894,31,898.0,21.0,,,887.0
10826,885,31,881.0,26.0,,,892,15,896.0,15.0,,,888.5
10827,888,18,,,,,890,26,,,,,889.0
10828,885,27,881.0,24.0,,,897,17,901.0,21.0,,,891.0
10829,886,20,884.0,18.0,,,897,20,899.0,12.0,,,891.5
10830,888,17,886.0,20.0,,,900,27,902.0,12.0,,,894.0
10831,888,30,886.0,28.0,,,906,29,908.0,30.0,,,897.0
10832,894,22,891.0,24.0,,,906,31,909.0,30.0,,,900.0
10833,901,20,898.0,13.0,895.0,11.0,909,18,912.0,10.0,915.0,15.0,905.0
10834,900,17,899.0,19.0,,,913,31,914.0,19.0,,,906.5
10835,901,21,897.0,23.0,895.0,18.0,917,28,921.0,28.0,923.0,7.0,909.0
10836,901,22,900.0,17.0,,,911,38,912.0,21.0,,,906.0
10837,897,26,895.0,26.0,,,911,18,913.0,29.0,,,904.0
10838,898,39,,,,,909,33,,,,,903.5
10839,894,19,892.0,23.0,,,909,29,911.0,21.0,,,901.5
10840,893,28,888.0,27.0,,,903,32,908.0,24.0,,,898.0
10841,891,38,888.0,19.0,883.0,8.0,902,26,905.0,22.0,910.0,20.0,896.5
10842,893,26,890.0,30.0,886.0,6.0,901,38,904.0,15.0,908.0,5.0,897.0
10843,891,16,888.0,19.0,,,904,35,907.0,22.0,,,897.5
10844,886,37,,,,,899,19,,,,,892.5
10845,882,16,878.0,15.0,,,896,17,900.0,12.0,,,889.0
10846,882,16,879.0,30.0,,,895,32,898.0,29.0,,,888.5
10847,880,15,879.0,13.0,877.0,7.0,894,35,895.0,18.0,897.0,6.0,887.0
10848,880,39,877.0,11.0,,,897,24,900.0,12.0,,,888.5
10849,887,32,884.0,23.0,,,895,15,898.0,18.0,,,891.0
10850,882,37,880.0,23.0,,,897,19,899.0,24.0,,,889.5
10851,877,38,874.0,22.0,,,889,40,892.0,13.0,,,883.0
10852,877,38,875.0,14.0,,,887,25,889.0,23.0,,,882.0
10853,877,21,874.0,17.0,,,889,40,892.0,29.0,,,883.0
10854,874,36,870.0,10.0,,,884,33,888.0,28.0,,,879.0
10855,879,18,877.0,28.0,,,886,20,888.0,10.0,,,882.5
10856,878,36,872.0,18.0,,,891,34,897.0,20.0,,,884.5
10857,878,22,876.0,25.0,,,887,15,889.0,26.0,,,882.5
10858,877,26,873.0,28.0,870.0,10.0,889,18,893.0,29.0,896.0,10.0,883.0
10859,880,33,879.0,25.0,,,891,25,892.0,11.0,,,885.5
10860,874,20,871.0,10.0,,,885,28,888.0,18.0,,,879.5
10861,876,26,873.0,28.0,,,891,27,894.0,18.0,,,883.5
10862,874,16,873.0,22.0,872.0,11.0,894,24,895.0,18.0,896.0,14.0,884.0
10863,878,17,877.0,21.0,,,890,39,891.0,13.0,,,884.0
10865,888,21,885.0,27.0,,,899,24,902.0,28.0,,,893.5
10864,881,33,876.0,10.0,,,891,35,896.0,30.0,,,886.0
10866,889,21,885.0,16.0,,,904,18,908.0,24.0,,,896.5
10867,892,23,890.0,20.0,,,905,27,907.0,11.0,,,898.5
10868,892,39,890.0,19.0,,,898,26,900.0,26.0,,,895.0
10869,889,32,886.0,26.0,,,898,29,901.0,22.0,,,893.5
10870,878,40,877.0,16.0,,,887,38,888.0,22.0,,,882.5
10871,869,16,,,,,880,17,,,,,874.5
10872,865,21,863.0,26.0,860.0,8.0,882,33,884.0,29.0,887.0,6.0,873.5
10873,863,23,859.0,14.0,,,877,36,881.0,28.0,,,870.0
10874,864,39,863.0,21.0,,,876,18,877.0,14.0,,,870.0
10875,861,38,860.0,11.0,,,876,37,877.0,14.0,,,868.5
10876,863,35,861.0,30.0,,,874,20,876.0,22.0,,,868.5
10877,860,25,858.0,25.0,,,871,37,873.0,21.0,,,865.5
10878,862,28,859.0,18.0,,,875,26,878.0,29.0,,,868.5
10879,870,38,867.0,14.0,,,880,24,883.0,20.0,,,875.0
10880,867,33,863.0,28.0,860.0,18.0,876,23,880.0,17.0,883.0,17.0,871.5
10881,857,36,854.0,26.0,,,869,32,872.0,14.0,,,863.0
10882,857,36,856.0,16.0,,,869,36,870.0,20.0,,,863.0
10883,859,39,857.0,22.0,,,871,31,873.0,26.0,,,865.0
10884,862,18,859.0,22.0,855.0,15.0,875,37,878.0,23.0,882.0,16.0,868.5
10885,858,18,856.0,19.0,,,872,25,874.0,18.0,,,865.0
10886,858,26,854.0,24.0,,,874,15,878.0,28.0,,,866.0
10887,857,27,853.0,20.0,,,865,21,869.0,12.0,,,861.0
10888,859,22,856.0,15.0,,,869,24,872.0,20.0,,,864.0
10889,860,15,857.0,29.0,,,870,37,873.0,16.0,,,865.0
10890,859,19,857.0,28.0,855.0,11.0,868,18,870.0,24.0,872.0,19.0,863.5
10891,857,31,853.0,13.0,,,869,21,873.0,25.0,,,863.0
10892,849,38,845.0,27.0,,,865,40,869.0,13.0,,,857.0
10893,852,35,,,,,864,36,,,,,858.0
10894,858,29,856.0,28.0,,,872,29,874.0,28.0,,,865.0
10895,863,36,860.0,25.0,,,874,25,877.0,24.0,,,868.5
10896,866,22,863.0,18.0,,,877,23,880.0,11.0,,,871.5
10897,864,39,860.0,24.0,857.0,6.0,879,31,883.0,29.0,886.0,5.0,871.5
10898,866,27,863.0,17.0,,,879,28,882.0,11.0,,,872.5
10899,866,39,862.0,11.0,,,878,35,882.0,17.0,,,872.0
10900,866,25,863.0,19.0,,,876,19,879.0,24.0,,,871.0
10901,864,23,862.0,29.0,,,876,22,878.0,10.0,,,870.0
10902,868,32,865.0,26.0,,,876,31,879.0,27.0,,,872.0
10903,864,35,863.0,17.0,,,873,23,874.0,16.0,,,868.5
10904,868,17,863.0,12.0,,,879,19,884.0,22.0,,,873.5
10905,861,19,856.0,16.0,,,872,28,877.0,25.0,,,866.5
10907,868,37,865.0,13.0,862.0,17.0,876,17,879.0,21.0,882.0,15.0,872.0
10908,867,21,865.0,25.0,,,878,35,880.0,23.0,,,872.5
10909,870,31,866.0,24.0,,,883,34,887.0,10.0,,,876.5
10910,872,26,870.0,10.0,,,886,36,888.0,13.0,,,879.0
10911,875,16,871.0,17.0,,,889,25,893.0,20.0,,,882.0
10912,879,34,877.0,22.0,,,892,32,894.0,30.0,,,885.5
10913,880,19,877.0,15.0,874.0,19.0,890,32,893.0,24.0,896.0,11.0,885.0
10914,881,16,878.0,24.0,876.0,20.0,895,18,898.0,22.0,900.0,10.0,888.0
10916,887,26,885.0,16.0,,,899,33,901.0,19.0,,,893.0
10917,882,18,879.0,17.0,,,897,37,900.0,17.0,,,889.5
10918,878,38,875.0,14.0,,,892,23,895.0,25.0,,,885.0
10919,877,23,873.0,13.0,,,887,18,891.0,13.0,,,882.0
10920,879,21,877.0,20.0,,,894,16,896.0,11.0,,,886.5
10921,877,24,873.0,11.0,869.0,15.0,891,28,895.0,10.0,899.0,6.0,884.0
10922,881,35,880.0,18.0,,,891,26,892.0,11.0,,,886.0
10923,877,19,874.0,26.0,,,890,40,893.0,26.0,,,883.5
10924,876,35,872.0,30.0,,,893,39,897.0,17.0,,,884.5
10925,872,20,870.0,17.0,,,892,31,894.0,12.0,,,882.0
10926,876,40,874.0,25.0,,,884,27,886.0,11.0,,,880.0
10927,870,24,866.0,22.0,,,885,38,889.0,15.0,,,877.5
10928,867,26,864.0,17.0,,,883,18,886.0,24.0,,,875.0
10929,868,25,865.0,17.0,,,883,22,886.0,23.0,,,875.5
10930,871,20,869.0,17.0,867.0,19.0,881,31,883.0,14.0,885.0,5.0,876.0
10931,865,33,860.0,23.0,,,874,31,879.0,22.0,,,869.5
10932,866,17,861.0,14.0,,,878,16,883.0,24.0,,,872.0
10933,863,21,859.0,12.0,,,880,34,884.0,24.0,,,871.5
10934,871,22,867.0,28.0,,,878,24,882.0,22.0,,,874.5
10935,866,27,864.0,30.0,,,882,16,884.0,29.0,,,874.0
10936,871,22,868.0,17.0,,,882,30,885.0,15.0,,,876.5
10937,867,22,864.0,17.0,861.0,12.0,879,22,882.0,10.0,885.0,14.0,873.0
10938,874,21,872.0,20.0,,,881,15,883.0,15.0,,,877.5
10939,872,40,869.0,29.0,,,885,30,888.0,25.0,,,878.5
10940,870,22,867.0,20.0,,,878,33,881.0,10.0,,,874.0
10941,870,32,868.0,11.0,,,882,33,884.0,17.0,,,876.0
10942,866,32,861.0,17.0,,,879,39,884.0,11.0,,,872.5
10943,862,20,858.0,21.0,856.0,20.0,874,30,878.0,30.0,880.0,17.0,868.0
10944,867,18,864.0,15.0,,,878,30,881.0,17.0,,,872.5
10945,864,32,860.0,28.0,,,878,18,882.0,17.0,,,871.0
10946,868,28,864.0,15.0,,,876,30,880.0,16.0,,,872.0
10947,864,23,,,,,877,39,,,,,870.5
10948,865,23,862.0,25.0,,,879,19,882.0,25.0,,,872.0
10949,867,26,865.0,17.0,,,882,31,884.0,22.0,,,874.5
10950,869,23,,,,,882,17,,,,,875.5
10951,865,22,862.0,16.0,,,879,35,882.0,24.0,,,872.0
10952,860,15,857.0,15.0,855.0,6.0,873,28,876.0,26.0,878.0,15.0,866.5
10953,866,26,863.0,29.0,861.0,9.0,869,39,872.0,21.0,874.0,16.0,867.5
10954,862,23,857.0,29.0,,,872,32,877.0,27.0,,,867.0
10956,857,27,853.0,30.0,,,870,30,874.0,19.0,,,863.5
10955,865,16,860.0,27.0,,,876,35,881.0,16.0,,,870.5
10957,856,27,852.0,24.0,,,868,31,872.0,12.0,,,862.0
10958,855,16,,,,,871,28,,,,,863.0
10959,859,31,857.0,19.0,855.0,5.0,868,30,870.0,25.0,872.0,6.0,863.5
10960,857,15,856.0,12.0,,,868,29,869.0,20.0,,,862.5
10961,856,40,854.0,30.0,,,864,22,866.0,28.0,,,860.0
10962,857,19,855.0,25.0,,,871,29,873.0,16.0,,,864.0
10963,855,20,851.0,29.0,,,869,26,873.0,11.0,,,862.0
10964,850,37,847.0,13.0,,,868,37,871.0,14.0,,,859.0
10965,853,32,,,,,866,16,,,,,859.5
10966,856,38,852.0,29.0,,,865,39,869.0,10.0,,,860.5
10967,852,25,847.0,18.0,,,867,20,872.0,17.0,,,859.5
10968,854,23,851.0,29.0,,,861,31,864.0,23.0,,,857.5
10969,849,24,846.0,10.0,,,862,23,865.0,12.0,,,855.5
10970,850,37,847.0,22.0,,,866,17,869.0,24.0,,,858.0
10971,847,40,845.0,21.0,,,863,16,865.0,29.0,,,855.0
10972,848,25,844.0,17.0,,,853,16,857.0,12.0,,,850.5
10973,850,39,849.0,17.0,845.0,19.0,863,38,864.0,28.0,868.0,6.0,856.5
10974,848,28,846.0,24.0,,,860,20,862.0,25.0,,,854.0
10975,850,23,847.0,18.0,,,862,35,865.0,12.0,,,856.0
10976,851,31,847.0,18.0,,,863,39,867.0,25.0,,,857.0
10977,859,16,855.0,21.0,,,867,34,871.0,16.0,,,863.0
10978,861,22,858.0,30.0,,,873,34,876.0,27.0,,,867.0
10979,863,15,862.0,22.0,,,876,31,877.0,12.0,,,869.5
10980,861,22,860.0,30.0,,,873,34,874.0,20.0,,,867.0
10981,862,16,859.0,29.0,,,876,21,879.0,11.0,,,869.0
10982,867,23,863.0,23.0,,,878,37,882.0,24.0,,,872.5
10983,857,18,853.0,27.0,,,870,33,874.0,25.0,,,863.5
10984,854,26,850.0,11.0,,,870,18,874.0,29.0,,,862.0
10985,854,32,851.0,14.0,,,873,25,876.0,12.0,,,863.5
10986,857,22,856.0,18.0,,,865,39,866.0,27.0,,,861.0
10987,865,36,861.0,15.0,,,877,33,881.0,20.0,,,871.0
10988,864,35,862.0,11.0,,,881,32,883.0,20.0,,,872.5
10989,868,29,866.0,30.0,,,877,27,879.0,10.0,,,872.5
10990,866,40,861.0,12.0,,,874,21,879.0,30.0,,,870.0
10991,864,36,861.0,21.0,,,880,25,883.0,13.0,,,872.0
10992,867,31,865.0,27.0,,,875,18,877.0,26.0,,,871.0
10993,863,25,,,,,872,34,,,,,867.5
10994,867,21,,,,,883,24,,,,,875.0
10995,863,35,859.0,27.0,,,873,23,877.0,25.0,,,868.0
10996,865,18,862.0,22.0,,,879,39,882.0,22.0,,,872.0
10997,866,29,865.0,12.0,,,878,36,879.0,25.0,,,872.0
10998,863,36,860.0,22.0,,,878,25,881.0,26.0,,,870.5
10999,865,19,862.0,13.0,,,875,34,878.0,15.0,,,870.0
11000,858,39,853.0,25.0,,,877,21,882.0,26.0,,,867.5
11001,867,19,862.0,19.0,,,878,22,883.0,28.0,,,872.5
11002,867,38,865.0,18.0,862.0,20.0,879,15,881.0,28.0,884.0,16.0,873.0
11003,872,25,870.0,28.0,,,881,27,883.0,10.0,,,876.5
11004,871,21,867.0,18.0,,,882,30,886.0,11.0,,,876.5
11005,868,18,866.0,25.0,,,879,18,881.0,10.0,,,873.5
11006,862,28,860.0,27.0,857.0,15.0,879,27,881.0,10.0,884.0,19.0,870.5
11007,863,24,859.0,11.0,,,873,34,877.0,30.0,,,868.0
11008,864,35,861.0,11.0,,,878,37,881.0,28.0,,,871.0
11009,862,29,858.0,27.0,,,877,22,881.0,24.0,,,869.5
11010,862,37,861.0,16.0,,,870,35,871.0,27.0,,,866.0
11011,859,24,857.0,16.0,,,870,31,872.0,24.0,,,864.5
11012,857,19,853.0,12.0,,,871,20,875.0,20.0,,,864.0
11013,851,36,848.0,23.0,,,860,24,863.0,24.0,,,855.5
11014,843,18,840.0,20.0,,,859,33,862.0,17.0,,,851.0
11015,844,31,841.0,27.0,837.0,11.0,861,27,864.0,19.0,868.0,9.0,852.5
11016,846,19,843.0,21.0,,,862,37,865.0,13.0,,,854.0
11017,844,23,842.0,18.0,,,854,20,856.0,15.0,,,849.0
11018,845,31,843.0,13.0,840.0,10.0,852,23,854.0,14.0,857.0,10.0,848.5
11019,847,33,844.0,25.0,,,856,40,859.0,11.0,,,851.5
11020,839,15,836.0,29.0,,,853,32,856.0,23.0,,,846.0
11021,835,15,832.0,25.0,,,851,32,854.0,11.0,,,843.0
11022,836,38,832.0,15.0,,,853,19,857.0,28.0,,,844.5
11023,842,29,837.0,23.0,,,848,38,853.0,23.0,,,845.0
11024,833,31,830.0,30.0,,,848,35,851.0,13.0,,,840.5
11026,846,35,842.0,12.0,,,860,34,864.0,18.0,,,853.0
11027,845,33,840.0,28.0,,,856,23,861.0,25.0,,,850.5
11028,841,32,838.0,13.0,,,849,22,852.0,16.0,,,845.0
11029,833,17,830.0,22.0,,,844,37,847.0,22.0,,,838.5
11033,827,21,824.0,11.0,,,838,29,841.0,12.0,,,832.5
11031,832,34,831.0,10.0,,,846,22,847.0,21.0,,,839.0
11032,831,19,828.0,25.0,,,836,38,839.0,25.0,,,833.5
11030,826,34,822.0,18.0,,,846,19,850.0,19.0,,,836.0
11034,828,32,,,,,838,15,,,,,833.0
11035,824,27,821.0,10.0,,,836,37,839.0,10.0,,,830.0
11036,825,21,823.0,27.0,,,836,38,838.0,11.0,,,830.5
11037,825,24,821.0,24.0,,,831,33,835.0,13.0,,,828.0
11038,825,15,822.0,19.0,,,834,30,837.0,16.0,,,829.5
11039,827,16,824.0,28.0,,,840,39,843.0,16.0,,,833.5
11040,827,25,,,,,841,31,,,,,834.0
11041,828,21,826.0,27.0,,,838,37,840.0,28.0,,,833.0
11042,825,24,823.0,13.0,,,839,16,841.0,15.0,,,832.0
11043,829,36,826.0,29.0,,,838,25,841.0,20.0,,,833.5
11044,828,36,824.0,22.0,823.0,5.0,842,29,846.0,30.0,847.0,17.0,835.0
11045,832,32,828.0,29.0,,,841,16,845.0,12.0,,,836.5
11046,838,32,834.0,25.0,,,848,20,852.0,15.0,,,843.0
11047,832,34,828.0,23.0,,,845,31,849.0,18.0,,,838.5
11052,814,18,811.0,26.0,,,821,18,824.0,12.0,,,817.5
11049,828,22,827.0,14.0,,,837,39,838.0,21.0,,,832.5
11050,825,22,,,,,837,35,,,,,831.0
11051,822,17,820.0,14.0,,,831,29,833.0,18.0,,,826.5
11048,826,25,824.0,20.0,,,841,29,843.0,18.0,,,833.5
11053,806,40,,,,,822,28,,,,,814.0
11054,814,38,812.0,27.0,,,827,24,829.0,29.0,,,820.5
11056,812,37,809.0,10.0,,,822,25,825.0,13.0,,,817.0
11057,809,26,805.0,14.0,,,820,22,824.0,18.0,,,814.5
11058,811,15,808.0,28.0,,,822,30,825.0,12.0,,,816.5
11059,813,38,811.0,29.0,809.0,20.0,826,36,828.0,14.0,830.0,10.0,819.5
11060,815,39,813.0,14.0,,,823,26,825.0,19.0,,,819.0
11061,814,20,812.0,19.0,,,828,32,830.0,22.0,,,821.0
11062,809,31,805.0,28.0,,,822,25,826.0,24.0,,,815.5
11063,805,24,802.0,19.0,801.0,15.0,822,20,825.0,12.0,826.0,6.0,813.5
11064,806,40,803.0,13.0,801.0,8.0,823,39,826.0,20.0,828.0,8.0,814.5
11065,811,26,,,,,819,32,,,,,815.0
11066,802,24,799.0,14.0,,,816,19,819.0,22.0,,,809.0
11067,803,34,800.0,26.0,,,815,38,818.0,26.0,,,809.0
11068,799,39,796.0,25.0,,,817,19,820.0,20.0,,,808.0
11069,797,29,795.0,28.0,,,808,23,810.0,30.0,,,802.5
11070,798,30,795.0,16.0,,,809,28,812.0,19.0,,,803.5
11071,802,23,801.0,12.0,,,814,17,815.0,29.0,,,808.0
11072,797,15,795.0,25.0,,,812,18,814.0,10.0,,,804.5
11073,799,20,797.0,15.0,,,810,36,812.0,23.0,,,804.5
11074,804,15,800.0,13.0,,,820,35,824.0,12.0,,,812.0
11075,807,19,803.0,10.0,,,829,21,833.0,20.0,,,818.0
11077,815,17,,,,,826,29,,,,,820.5
11078,813,17,807.0,13.0,,,828,24,834.0,19.0,,,820.5
11079,820,29,818.0,30.0,,,830,30,832.0,13.0,,,825.0
11080,819,23,815.0,17.0,,,831,28,835.0,22.0,,,825.0
11081,820,17,818.0,14.0,,,828,38,830.0,12.0,,,824.0
11082,818,35,815.0,17.0,,,825,33,828.0,26.0,,,821.5
11083,821,37,,,,,833,35,,,,,827.0
11084,812,21,810.0,22.0,,,824,16,826.0,17.0,,,818.0
11085,810,39,807.0,12.0,,,826,28,829.0,21.0,,,818.0
11086,817,38,816.0,14.0,,,832,20,833.0,24.0,,,824.5
11087,813,20,810.0,29.0,,,828,27,831.0,12.0,,,820.5
11088,812,37,810.0,29.0,,,822,37,824.0,22.0,,,817.0
11089,816,35,812.0,12.0,,,830,25,834.0,25.0,,,823.0
11090,813,34,809.0,16.0,,,828,30,832.0,27.0,,,820.5
11091,815,24,812.0,21.0,,,823,33,826.0,21.0,,,819.0
11092,812,34,810.0,27.0,,,830,39,832.0,20.0,,,821.0
11093,817,21,816.0,27.0,,,830,22,831.0,10.0,,,823.5
11094,818,29,817.0,18.0,,,833,16,834.0,24.0,,,825.5
11095,817,18,814.0,23.0,,,831,21,834.0,22.0,,,824.0
11096,821,40,819.0,13.0,815.0,19.0,828,24,830.0,14.0,834.0,8.0,824.5
11097,819,20,814.0,26.0,,,833,35,838.0,20.0,,,826.0
11098,820,29,816.0,15.0,,,834,39,838.0,12.0,,,827.0
11099,816,38,814.0,25.0,,,832,17,834.0,24.0,,,824.0
11100,818,22,814.0,29.0,,,829,22,833.0,20.0,,,823.5
11101,818,32,814.0,21.0,,,832,15,836.0,18.0,,,825.0
11102,818,23,814.0,30.0,,,831,15,835.0,26.0,,,824.5
11103,820,35,816.0,24.0,,,830,39,834.0,13.0,,,825.0
11109,822,28,819.0,21.0,,,829,38,832.0,14.0,,,825.5
11105,816,28,813.0,16.0,,,829,25,832.0,22.0,,,822.5
11106,825,30,822.0,24.0,,,831,28,834.0,28.0,,,828.0
11108,819,39,815.0,27.0,,,835,40,839.0,30.0,,,827.0
11104,813,23,811.0,17.0,,,830,36,832.0,10.0,,,821.5
11110,826,16,822.0,29.0,,,834,38,838.0,23.0,,,830.0
11111,825,28,823.0,18.0,,,836,36,838.0,22.0,,,830.5
11112,826,40,823.0,13.0,,,838,37,841.0,28.0,,,832.0
11113,825,29,823.0,15.0,,,843,15,845.0,27.0,,,834.0
11114,830,38,827.0,24.0,,,841,35,844.0,27.0,,,835.5
11115,835,16,831.0,10.0,,,848,15,852.0,21.0,,,841.5
11116,833,33,830.0,26.0,,,845,21,848.0,17.0,,,839.0
11117,834,22,831.0,12.0,,,848,35,851.0,24.0,,,841.0
11118,844,28,840.0,23.0,,,851,26,855.0,20.0,,,847.5
11119,848,32,844.0,22.0,839.0,19.0,861,39,865.0,22.0,870.0,20.0,854.5
11120,847,40,845.0,14.0,841.0,6.0,856,38,858.0,19.0,862.0,14.0,851.5
11121,844,33,842.0,19.0,,,856,27,858.0,26.0,,,850.0
11122,849,21,848.0,23.0,,,858,27,859.0,27.0,,,853.5
11123,846,27,845.0,18.0,,,857,16,858.0,14.0,,,851.5
11124,837,30,834.0,12.0,832.0,14.0,849,22,852.0,19.0,854.0,18.0,843.0
11125,833,27,,,,,844,28,,,,,838.5
11126,832,16,829.0,23.0,,,840,34,843.0,17.0,,,836.0
11127,826,39,,,,,836,17,,,,,831.0
11128,824,27,820.0,13.0,,,834,37,838.0,20.0,,,829.0
11129,825,27,822.0,16.0,,,836,16,839.0,19.0,,,830.5
11130,831,33,828.0,16.0,,,838,34,841.0,14.0,,,834.5
11131,827,39,,,,,838,34,,,,,832.5
11132,834,21,832.0,13.0,830.0,6.0,847,33,849.0,16.0,851.0,5.0,840.5
11133,831,15,828.0,23.0,,,848,39,851.0,22.0,,,839.5
11134,836,25,832.0,24.0,,,853,17,857.0,13.0,,,844.5
11135,839,24,835.0,29.0,832.0,12.0,854,15,858.0,23.0,861.0,12.0,846.5
11136,841,32,840.0,15.0,,,851,31,852.0,22.0,,,846.0
11137,839,18,,,,,850,17,,,,,844.5
11138,841,37,838.0,17.0,,,853,34,856.0,24.0,,,847.0
11141,837,26,833.0,24.0,,,849,33,853.0,24.0,,,843.0
11140,841,39,840.0,16.0,,,852,30,853.0,23.0,,,846.5
11139,839,21,837.0,27.0,,,852,31,854.0,26.0,,,845.5
11142,831,17,828.0,24.0,826.0,10.0,847,37,850.0,28.0,852.0,12.0,839.0
11143,832,35,830.0,27.0,,,847,36,849.0,25.0,,,839.5
11144,828,22,825.0,19.0,,,843,21,846.0,26.0,,,835.5
11145,827,35,824.0,10.0,,,837,31,840.0,11.0,,,832.0
11146,830,19,826.0,23.0,,,842,36,846.0,24.0,,,836.0
11147,830,31,828.0,23.0,,,840,33,842.0,27.0,,,835.0
11148,830,28,828.0,14.0,,,840,34,842.0,23.0,,,835.0
11149,826,30,822.0,25.0,,,844,26,848.0,18.0,,,835.0
11150,825,22,821.0,24.0,,,843,40,847.0,16.0,,,834.0
11151,831,38,829.0,19.0,,,842,39,844.0,10.0,,,836.5
11152,837,20,833.0,23.0,,,850,33,854.0,27.0,,,843.5
11153,837,27,,,,,846,26,,,,,841.5
11154,830,39,,,,,841,32,,,,,835.5
11155,827,31,823.0,25.0,,,837,36,841.0,13.0,,,832.0
11156,830,27,828.0,28.0,,,837,19,839.0,25.0,,,833.5
11157,827,27,824.0,24.0,821.0,20.0,837,33,840.0,28.0,843.0,20.0,832.0
11158,832,34,830.0,16.0,,,847,38,849.0,23.0,,,839.5
11159,833,25,831.0,22.0,,,844,26,846.0,26.0,,,838.5
11160,832,16,829.0,20.0,,,843,24,846.0,19.0,,,837.5
11161,831,29,828.0,21.0,,,848,15,851.0,19.0,,,839.5
11162,834,24,830.0,28.0,,,844,30,848.0,23.0,,,839.0
11163,832,37,828.0,28.0,,,845,32,849.0,19.0,,,838.5
11164,834,27,831.0,16.0,,,846,27,849.0,24.0,,,840.0
11165,826,19,822.0,27.0,,,839,21,843.0,10.0,,,832.5
11166,828,19,824.0,10.0,,,844,28,848.0,29.0,,,836.0
11167,835,16,830.0,18.0,,,839,35,844.0,12.0,,,837.0
11168,835,27,831.0,21.0,,,843,16,847.0,24.0,,,839.0
11169,833,25,830.0,25.0,,,841,31,844.0,15.0,,,837.0
11170,836,37,833.0,26.0,830.0,17.0,850,28,853.0,29.0,856.0,12.0,843.0
11171,835,17,832.0,14.0,,,845,31,848.0,16.0,,,840.0
11172,835,39,832.0,21.0,,,850,33,853.0,16.0,,,842.5
11173,837,40,834.0,12.0,,,849,33,852.0,24.0,,,843.0
11174,834,24,,,,,847,24,,,,,840.5
11175,838,38,834.0,24.0,,,851,20,855.0,16.0,,,844.5
11176,839,20,836.0,26.0,,,849,21,852.0,25.0,,,844.0
11177,836,17,832.0,13.0,,,848,36,852.0,19.0,,,842.0
11178,834,31,831.0,15.0,,,844,26,847.0,11.0,,,839.0
11179,830,38,825.0,28.0,822.0,14.0,837,37,842.0,23.0,845.0,14.0,833.5
11180,825,16,822.0,23.0,818.0,7.0,839,18,842.0,11.0,846.0,17.0,832.0
11181,824,28,820.0,19.0,,,837,19,841.0,22.0,,,830.5
11182,822,23,819.0,30.0,,,832,27,835.0,14.0,,,827.0
11183,824,37,821.0,19.0,,,837,32,840.0,19.0,,,830.5
11184,829,34,827.0,14.0,824.0,11.0,838,20,840.0,14.0,843.0,20.0,833.5
11185,823,30,821.0,26.0,,,840,30,842.0,27.0,,,831.5
11186,816,27,812.0,23.0,809.0,9.0,831,40,835.0,20.0,838.0,14.0,823.5
11187,822,27,818.0,19.0,,,830,32,834.0,30.0,,,826.0
11188,815,26,813.0,23.0,,,829,35,831.0,29.0,,,822.0
11189,819,35,816.0,11.0,,,824,28,827.0,22.0,,,821.5
11190,821,37,818.0,14.0,,,833,37,836.0,12.0,,,827.0
11191,827,15,823.0,30.0,820.0,10.0,841,25,845.0,21.0,848.0,10.0,834.0
11192,829,35,826.0,16.0,,,838,37,841.0,15.0,,,833.5
11193,823,15,819.0,11.0,,,831,23,835.0,10.0,,,827.0
11194,825,40,823.0,28.0,,,840,28,842.0,28.0,,,832.5
11195,825,36,823.0,22.0,,,836,33,838.0,17.0,,,830.5
11196,827,35,823.0,24.0,821.0,15.0,838,25,842.0,27.0,844.0,12.0,832.5
11197,830,29,828.0,20.0,,,838,21,840.0,15.0,,,834.0
11198,836,29,832.0,16.0,,,843,31,847.0,17.0,,,839.5
11199,828,31,826.0,15.0,,,842,18,844.0,18.0,,,835.0
11200,830,25,827.0,21.0,,,842,19,845.0,12.0,,,836.0
11201,829,16,826.0,18.0,,,843,32,846.0,24.0,,,836.0
11202,829,38,826.0,16.0,,,839,39,842.0,13.0,,,834.0
11203,834,21,832.0,18.0,,,847,15,849.0,11.0,,,840.5
11204,837,39,835.0,10.0,,,848,24,850.0,14.0,,,842.5
11205,839,40,836.0,20.0,833.0,11.0,848,34,851.0,26.0,854.0,7.0,843.5
11206,835,35,832.0,21.0,,,851,39,854.0,25.0,,,843.0
11207,837,33,833.0,26.0,,,845,30,849.0,13.0,,,841.0
11208,841,22,839.0,13.0,,,853,23,855.0,15.0,,,847.0
11209,841,15,838.0,14.0,,,856,35,859.0,20.0,,,848.5
11210,839,15,836.0,17.0,,,851,27,854.0,15.0,,,845.0
11211,837,25,833.0,17.0,,,848,22,852.0,13.0,,,842.5
11212,837,31,833.0,29.0,,,851,34,855.0,17.0,,,844.0
11213,843,18,839.0,29.0,,,854,26,858.0,14.0,,,848.5
11214,841,24,835.0,12.0,,,860,25,866.0,30.0,,,850.5
11215,842,31,839.0,23.0,,,858,20,861.0,29.0,,,850.0
11216,845,37,842.0,23.0,,,859,34,862.0,16.0,,,852.0
11217,846,26,844.0,25.0,,,859,33,861.0,23.0,,,852.5
11218,844,20,840.0,14.0,,,854,30,858.0,17.0,,,849.0
11219,843,22,842.0,16.0,,,852,38,853.0,10.0,,,847.5
11220,842,18,839.0,26.0,,,853,23,856.0,20.0,,,847.5
11221,840,20,837.0,23.0,,,859,16,862.0,10.0,,,849.5
11222,847,22,845.0,15.0,841.0,18.0,855,30,857.0,21.0,861.0,15.0,851.0
11223,841,20,838.0,27.0,,,856,15,859.0,18.0,,,848.5
11224,839,24,,,,,854,40,,,,,846.5
11225,843,37,840.0,30.0,,,852,18,855.0,28.0,,,847.5
11226,846,27,843.0,26.0,,,854,37,857.0,26.0,,,850.0
11227,838,20,835.0,15.0,,,853,34,856.0,14.0,,,845.5
11228,841,40,838.0,11.0,,,852,23,855.0,17.0,,,846.5
11229,844,33,843.0,18.0,,,858,32,859.0,28.0,,,851.0
11230,846,33,842.0,21.0,,,854,24,858.0,13.0,,,850.0
11231,846,23,844.0,12.0,,,862,32,864.0,15.0,,,854.0
11232,848,18,,,,,860,26,,,,,854.0
11233,841,20,838.0,30.0,,,855,35,858.0,27.0,,,848.0
11234,847,15,846.0,17.0,,,856,28,857.0,12.0,,,851.5
11235,847,34,843.0,10.0,,,853,15,857.0,15.0,,,850.0
11236,844,34,841.0,21.0,,,858,16,861.0,10.0,,,851.0
11237,850,21,847.0,23.0,,,858,29,861.0,29.0,,,854.0
11238,842,24,839.0,12.0,,,859,27,862.0,13.0,,,850.5
11239,845,15,843.0,14.0,,,858,15,860.0,24.0,,,851.5
11240,843,23,840.0,18.0,,,859,37,862.0,26.0,,,851.0
11242,845,15,843.0,20.0,,,858,17,860.0,18.0,,,851.5
11243,844,18,842.0,25.0,,,861,40,863.0,20.0,,,852.5
11244,849,31,846.0,26.0,,,857,26,860.0,24.0,,,853.0
11245,847,25,845.0,12.0,,,858,18,860.0,19.0,,,852.5
11246,846,24,845.0,16.0,,,859,38,860.0,30.0,,,852.5
11247,840,37,839.0,29.0,,,859,37,860.0,14.0,,,849.5
11248,844,27,840.0,25.0,,,854,24,858.0,10.0,,,849.0
11249,843,38,840.0,10.0,,,858,38,861.0,23.0,,,850.5
11250,837,37,833.0,21.0,,,854,24,858.0,10.0,,,845.5
11251,838,26,835.0,26.0,,,850,28,853.0,27.0,,,844.0
11252,842,28,,,,,852,28,,,,,847.0
11253,852,28,848.0,12.0,,,854,18,858.0,23.0,,,853.0
11254,852,20,850.0,28.0,,,859,16,861.0,27.0,,,855.5
11255,851,39,848.0,25.0,,,868,34,871.0,18.0,,,859.5
11256,851,19,849.0,19.0,,,862,22,864.0,28.0,,,856.5
11257,848,25,844.0,30.0,,,859,17,863.0,24.0,,,853.5
11258,843,38,841.0,27.0,,,854,34,856.0,28.0,,,848.5
11259,843,27,840.0,10.0,,,853,23,856.0,26.0,,,848.0
11260,834,16,831.0,30.0,,,844,30,847.0,29.0,,,839.0
11261,830,16,829.0,25.0,,,843,32,844.0,17.0,,,836.5
11262,823,40,821.0,20.0,,,834,27,836.0,15.0,,,828.5
11263,821,32,819.0,22.0,,,837,24,839.0,22.0,,,829.0
11264,825,37,824.0,28.0,,,840,40,841.0,12.0,,,832.5
11265,826,29,823.0,21.0,,,836,30,839.0,22.0,,,831.0
11266,818,21,816.0,21.0,,,827,40,829.0,25.0,,,822.5
11267,820,18,816.0,27.0,,,827,27,831.0,25.0,,,823.5
11268,817,20,814.0,25.0,,,827,35,830.0,12.0,,,822.0
11269,812,18,809.0,14.0,,,823,28,826.0,26.0,,,817.5
11270,813,16,812.0,12.0,810.0,5.0,828,28,829.0,15.0,831.0,15.0,820.5
11271,816,31,812.0,23.0,,,822,25,826.0,11.0,,,819.0
11272,809,33,806.0,28.0,,,826,35,829.0,17.0,,,817.5
11274,810,32,,,,,821,22,,,,,815.5
11273,810,15,808.0,15.0,,,822,35,824.0,30.0,,,816.0
11275,808,31,804.0,11.0,,,818,35,822.0,28.0,,,813.0
11276,807,36,802.0,15.0,798.0,17.0,819,27,824.0,15.0,828.0,15.0,813.0
11277,811,33,,,,,823,20,,,,,817.0
11278,813,26,810.0,22.0,,,825,25,828.0,29.0,,,819.0
11279,810,24,805.0,11.0,802.0,9.0,824,39,829.0,13.0,832.0,8.0,817.0
11280,812,20,809.0,22.0,,,822,35,825.0,14.0,,,817.0
11281,810,16,808.0,18.0,,,821,38,823.0,13.0,,,815.5
11282,809,28,804.0,14.0,,,825,37,830.0,25.0,,,817.0
11283,812,18,808.0,25.0,,,824,22,828.0,20.0,,,818.0
11284,809,29,806.0,12.0,,,820,26,823.0,26.0,,,814.5
11285,808,15,804.0,20.0,802.0,16.0,825,19,829.0,24.0,831.0,20.0,816.5
11286,808,33,806.0,24.0,,,819,27,821.0,22.0,,,813.5
11287,807,27,803.0,16.0,,,825,19,829.0,15.0,,,816.0
11288,807,21,804.0,18.0,,,819,21,822.0,29.0,,,813.0
11289,807,27,,,,,822,18,,,,,814.5
11290,800,29,796.0,26.0,,,818,35,822.0,17.0,,,809.0
11291,806,15,,,,,820,33,,,,,813.0
11292,808,31,804.0,22.0,,,819,25,823.0,29.0,,,813.5
11293,814,27,810.0,26.0,,,822,25,826.0,11.0,,,818.0
11294,806,36,802.0,15.0,,,821,28,825.0,17.0,,,813.5
11295,809,27,806.0,28.0,,,823,19,826.0,29.0,,,816.0
11297,804,25,801.0,16.0,,,820,26,823.0,29.0,,,812.0
11298,810,39,808.0,21.0,,,822,27,824.0,12.0,,,816.0
11299,811,24,809.0,15.0,807.0,14.0,823,32,825.0,29.0,827.0,6.0,817.0
11300,815,21,812.0,12.0,,,825,30,828.0,21.0,,,820.0
11301,812,28,808.0,13.0,,,826,40,830.0,14.0,,,819.0
11302,816,26,812.0,22.0,809.0,20.0,826,31,830.0,21.0,833.0,8.0,821.0
11303,816,32,813.0,27.0,809.0,18.0,828,20,831.0,16.0,835.0,12.0,822.0
11304,822,33,819.0,30.0,,,834,31,837.0,10.0,,,828.0
11305,827,37,825.0,17.0,,,838,39,840.0,19.0,,,832.5
11306,831,15,828.0,30.0,,,839,36,842.0,25.0,,,835.0
11307,827,22,824.0,19.0,,,839,37,842.0,29.0,,,833.0
11308,825,21,823.0,13.0,,,833,31,835.0,13.0,,,829.0
11309,822,34,819.0,10.0,,,832,30,835.0,29.0,,,827.0
11310,812,23,806.0,28.0,,,822,27,828.0,15.0,,,817.0
11313,821,30,818.0,24.0,,,829,39,832.0,22.0,,,825.0
11312,817,15,813.0,13.0,810.0,13.0,830,25,834.0,12.0,837.0,13.0,823.5
11311,813,37,809.0,12.0,,,823,22,827.0,14.0,,,818.0
11314,824,18,822.0,17.0,818.0,18.0,833,23,835.0,24.0,839.0,6.0,828.5
11315,822,16,820.0,26.0,,,835,31,837.0,18.0,,,828.5
11316,816,20,812.0,17.0,,,826,26,830.0,15.0,,,821.0
11317,818,23,814.0,30.0,,,830,26,834.0,15.0,,,824.0
11318,822,32,818.0,12.0,,,832,18,836.0,27.0,,,827.0
11319,821,23,818.0,21.0,,,834,28,837.0,27.0,,,827.5
11320,815,17,813.0,18.0,,,827,30,829.0,11.0,,,821.0
11321,817,37,813.0,19.0,809.0,14.0,828,17,832.0,19.0,836.0,5.0,822.5
11322,817,37,814.0,18.0,812.0,18.0,827,20,830.0,17.0,832.0,17.0,822.0
11323,819,27,817.0,27.0,,,823,32,825.0,19.0,,,821.0
11324,820,32,817.0,12.0,,,836,24,839.0,30.0,,,828.0
11325,819,38,813.0,23.0,,,836,33,842.0,21.0,,,827.5
11326,821,19,818.0,13.0,814.0,14.0,839,22,842.0,21.0,846.0,18.0,830.0
11327,826,32,824.0,12.0,,,842,23,844.0,25.0,,,834.0
11328,827,21,823.0,11.0,,,840,36,844.0,11.0,,,833.5
11329,828,20,825.0,14.0,,,842,26,845.0,19.0,,,835.0
11330,832,19,830.0,27.0,,,846,16,848.0,18.0,,,839.0
11331,833,32,829.0,29.0,826.0,18.0,847,28,851.0,20.0,854.0,15.0,840.0
11332,834,40,830.0,26.0,,,843,29,847.0,19.0,,,838.5
11333,832,36,829.0,12.0,,,840,37,843.0,29.0,,,836.0
11334,830,18,829.0,26.0,,,838,36,839.0,25.0,,,834.0
11335,828,40,825.0,26.0,,,842,38,845.0,20.0,,,835.0
11336,825,24,824.0,15.0,,,838,20,839.0,18.0,,,831.5
11337,830,40,826.0,10.0,,,846,21,850.0,20.0,,,838.0
11338,831,30,826.0,15.0,,,845,39,850.0,24.0,,,838.0
11339,828,31,824.0,14.0,,,844,20,848.0,28.0,,,836.0
11340,835,24,832.0,21.0,,,845,32,848.0,28.0,,,840.0
11341,835,39,833.0,12.0,830.0,10.0,846,31,848.0,14.0,851.0,10.0,840.5
11342,831,39,827.0,29.0,,,843,20,847.0,17.0,,,837.0
11343,830,39,827.0,11.0,,,841,34,844.0,10.0,,,835.5
11344,825,38,823.0,23.0,,,841,27,843.0,19.0,,,833.0
11345,823,20,819.0,14.0,816.0,7.0,837,15,841.0,18.0,844.0,18.0,830.0
11346,823,24,820.0,14.0,,,835,33,838.0,27.0,,,829.0
11347,822,37,818.0,28.0,814.0,20.0,833,21,837.0,21.0,841.0,8.0,827.5
11348,820,35,817.0,23.0,,,836,31,839.0,29.0,,,828.0
11349,816,39,812.0,28.0,,,831,37,835.0,23.0,,,823.5
11350,815,18,811.0,20.0,,,830,38,834.0,30.0,,,822.5
11351,827,17,826.0,23.0,822.0,19.0,834,33,835.0,18.0,839.0,5.0,830.5
11352,826,23,822.0,21.0,,,838,30,842.0,25.0,,,832.0
11353,820,27,818.0,26.0,,,834,32,836.0,13.0,,,827.0
11354,823,20,821.0,22.0,,,834,39,836.0,21.0,,,828.5
11355,826,15,822.0,15.0,,,835,38,839.0,13.0,,,830.5
11356,816,24,813.0,20.0,,,826,37,829.0,30.0,,,821.0
11357,816,34,,,,,830,30,,,,,823.0
11358,821,19,820.0,28.0,818.0,6.0,830,25,831.0,20.0,833.0,13.0,825.5
11359,817,19,,,,,832,15,,,,,824.5
11360,818,21,815.0,10.0,,,829,22,832.0,22.0,,,823.5
11361,823,26,820.0,22.0,,,833,38,836.0,23.0,,,828.0
11362,819,27,,,,,833,24,,,,,826.0
11363,820,28,816.0,15.0,,,832,17,836.0,23.0,,,826.0
11364,818,39,815.0,26.0,,,826,24,829.0,21.0,,,822.0
11365,819,16,816.0,24.0,,,832,20,835.0,26.0,,,825.5
11366,817,20,,,,,830,36,,,,,823.5
11367,823,15,822.0,19.0,,,836,15,837.0,11.0,,,829.5
11368,826,37,823.0,18.0,,,833,37,836.0,18.0,,,829.5
11369,829,33,825.0,26.0,,,838,29,842.0,29.0,,,833.5
11370,828,28,827.0,14.0,,,844,37,845.0,11.0,,,836.0
11371,838,30,834.0,27.0,,,845,30,849.0,23.0,,,841.5
11372,833,37,830.0,24.0,,,843,31,846.0,17.0,,,838.0
11373,830,21,826.0,14.0,,,839,21,843.0,17.0,,,834.5
11378,834,25,830.0,21.0,,,844,32,848.0,22.0,,,839.0
11375,830,17,828.0,28.0,,,841,29,843.0,30.0,,,835.5
11376,831,37,827.0,10.0,,,840,33,844.0,11.0,,,835.5
11377,828,35,823.0,13.0,,,840,35,845.0,30.0,,,834.0
11374,829,17,825.0,12.0,,,846,35,850.0,17.0,,,837.5
11379,834,29,831.0,25.0,,,844,23,847.0,26.0,,,839.0
11380,838,17,836.0,30.0,,,854,21,856.0,20.0,,,846.0
11381,842,26,839.0,13.0,,,852,31,855.0,21.0,,,847.0
11382,845,40,842.0,28.0,,,855,28,858.0,20.0,,,850.0
11383,842,37,838.0,26.0,,,857,26,861.0,30.0,,,849.5
11384,843,40,841.0,11.0,,,853,22,855.0,13.0,,,848.0
11385,841,26,840.0,28.0,,,852,38,853.0,19.0,,,846.5
11386,839,37,836.0,28.0,,,849,37,852.0,24.0,,,844.0
11387,832,24,830.0,13.0,828.0,12.0,846,23,848.0,11.0,850.0,14.0,839.0
11388,836,25,831.0,18.0,,,850,36,855.0,16.0,,,843.0
11389,843,20,841.0,24.0,,,853,27,855.0,14.0,,,848.0
11390,844,22,842.0,22.0,,,856,24,858.0,18.0,,,850.0
11391,841,24,838.0,17.0,,,853,20,856.0,17.0,,,847.0
11392,836,36,833.0,29.0,,,855,21,858.0,14.0,,,845.5
11393,841,18,838.0,17.0,,,853,37,856.0,28.0,,,847.0
11394,835,16,830.0,22.0,,,852,30,857.0,18.0,,,843.5
11395,829,25,826.0,25.0,,,838,23,841.0,12.0,,,833.5
11396,834,16,832.0,26.0,830.0,10.0,842,22,844.0,10.0,846.0,6.0,838.0
11397,829,16,826.0,18.0,,,841,30,844.0,12.0,,,835.0
11398,822,28,820.0,29.0,,,836,28,838.0,12.0,,,829.0
11399,826,39,825.0,12.0,,,836,21,837.0,21.0,,,831.0
11405,805,39,801.0,30.0,,,817,35,821.0,18.0,,,811.0
11402,810,26,806.0,13.0,,,820,37,824.0,17.0,,,815.0
11403,805,38,801.0,27.0,,,815,26,819.0,30.0,,,810.0
11404,805,33,802.0,10.0,,,818,26,821.0,28.0,,,811.5
11400,827,22,825.0,20.0,821.0,14.0,838,24,840.0,11.0,844.0,9.0,832.5
11406,812,24,809.0,27.0,,,822,22,825.0,17.0,,,817.0
11407,809,39,806.0,14.0,,,822,26,825.0,14.0,,,815.5
11408,811,35,808.0,24.0,,,827,34,830.0,17.0,,,819.0
11409,813,19,811.0,21.0,,,827,19,829.0,21.0,,,820.0
11410,812,20,808.0,19.0,,,823,37,827.0,21.0,,,817.5
11411,806,30,803.0,10.0,800.0,8.0,821,33,824.0,11.0,827.0,6.0,813.5
11412,802,32,799.0,15.0,,,818,17,821.0,19.0,,,810.0
11413,802,25,799.0,26.0,,,817,29,820.0,13.0,,,809.5
11414,802,15,799.0,13.0,,,819,16,822.0,14.0,,,810.5
11415,802,21,799.0,16.0,797.0,14.0,814,24,817.0,23.0,819.0,12.0,808.0
11416,802,30,800.0,19.0,,,816,30,818.0,20.0,,,809.0
11417,798,28,795.0,24.0,,,815,39,818.0,28.0,,,806.5
11418,804,20,800.0,13.0,,,818,37,822.0,19.0,,,811.0
11419,809,29,806.0,13.0,,,815,19,818.0,13.0,,,812.0
11420,811,33,808.0,19.0,,,822,16,825.0,30.0,,,816.5
11421,812,22,810.0,25.0,807.0,16.0,817,33,819.0,20.0,822.0,17.0,814.5
11422,809,40,805.0,21.0,,,819,37,823.0,10.0,,,814.0
11423,816,29,813.0,18.0,811.0,8.0,824,32,827.0,24.0,829.0,11.0,820.0
11424,814,31,811.0,23.0,,,829,35,832.0,16.0,,,821.5
11425,816,27,813.0,25.0,,,826,19,829.0,19.0,,,821.0
11426,814,40,810.0,18.0,,,825,20,829.0,15.0,,,819.5
11427,815,31,812.0,26.0,,,829,35,832.0,11.0,,,822.0
11428,808,38,805.0,23.0,,,827,37,830.0,16.0,,,817.5
11429,810,40,807.0,23.0,,,824,23,827.0,13.0,,,817.0
11430,806,24,803.0,12.0,799.0,8.0,822,32,825.0,16.0,829.0,15.0,814.0
11431,804,34,801.0,19.0,,,818,29,821.0,27.0,,,811.0
11432,800,29,798.0,29.0,,,815,16,817.0,12.0,,,807.5
11433,799,40,796.0,30.0,,,818,31,821.0,14.0,,,808.5
11434,796,38,793.0,21.0,,,808,17,811.0,10.0,,,802.0
11435,800,31,797.0,24.0,,,816,32,819.0,16.0,,,808.0
11436,800,30,797.0,21.0,,,811,28,814.0,11.0,,,805.5
11437,795,29,793.0,25.0,,,807,19,809.0,10.0,,,801.0
11438,803,30,799.0,30.0,,,815,27,819.0,15.0,,,809.0
11439,801,38,799.0,30.0,,,814,26,816.0,28.0,,,807.5
11440,793,19,789.0,23.0,,,807,17,811.0,24.0,,,800.0
11441,791,23,789.0,10.0,785.0,7.0,804,32,806.0,29.0,810.0,15.0,797.5
11442,801,34,,,,,813,30,,,,,807.0
11443,805,29,,,,,816,21,,,,,810.5
11444,800,18,797.0,21.0,,,811,23,814.0,18.0,,,805.5
11445,799,18,796.0,10.0,,,806,24,809.0,11.0,,,802.5
11446,796,21,793.0,10.0,,,812,25,815.0,28.0,,,804.0
11447,796,22,792.0,15.0,790.0,12.0,810,35,814.0,11.0,816.0,9.0,803.0
11448,797,29,793.0,11.0,790.0,19.0,810,40,814.0,30.0,817.0,5.0,803.5
11449,790,15,789.0,15.0,,,804,24,805.0,12.0,,,797.0
11450,794,33,791.0,12.0,,,805,25,808.0,25.0,,,799.5
11451,799,15,798.0,25.0,,,812,17,813.0,21.0,,,805.5
11452,805,30,802.0,10.0,,,820,29,823.0,13.0,,,812.5
11453,801,33,798.0,18.0,,,819,39,822.0,16.0,,,810.0
11454,802,33,799.0,22.0,,,817,30,820.0,24.0,,,809.5
11455,799,16,796.0,27.0,,,812,30,815.0,25.0,,,805.5
11456,789,21,787.0,28.0,784.0,9.0,805,23,807.0,18.0,810.0,16.0,797.0
11457,800,35,797.0,22.0,,,812,34,815.0,18.0,,,806.0
11458,800,20,799.0,28.0,,,812,40,813.0,28.0,,,806.0
11459,796,32,,,,,809,38,,,,,802.5
11460,797,39,793.0,14.0,789.0,6.0,803,20,807.0,23.0,811.0,17.0,800.0
11461,798,39,795.0,26.0,,,810,26,813.0,27.0,,,804.0
11462,801,23,799.0,10.0,,,816,34,818.0,29.0,,,808.5
11463,809,26,806.0,27.0,803.0,12.0,820,16,823.0,14.0,826.0,12.0,814.5
11464,819,21,815.0,12.0,,,831,17,835.0,20.0,,,825.0
11465,814,22,813.0,15.0,,,824,27,825.0,20.0,,,819.0
11466,811,31,809.0,11.0,,,816,37,818.0,25.0,,,813.5
11467,807,30,804.0,29.0,,,818,38,821.0,22.0,,,812.5
11468,807,17,,,,,815,29,,,,,811.0
11470,806,30,804.0,13.0,,,813,31,815.0,19.0,,,809.5
11471,802,33,798.0,20.0,,,814,33,818.0,26.0,,,808.0
11472,800,20,798.0,27.0,,,815,36,817.0,25.0,,,807.5
11473,801,23,799.0,29.0,,,809,24,811.0,11.0,,,805.0
11474,800,26,796.0,17.0,,,810,23,814.0,25.0,,,805.0
11475,806,38,803.0,11.0,,,815,18,818.0,27.0,,,810.5
11476,811,21,809.0,16.0,,,822,21,824.0,13.0,,,816.5
11477,807,26,805.0,10.0,,,824,32,826.0,15.0,,,815.5
11478,811,38,808.0,18.0,,,828,21,831.0,20.0,,,819.5
11479,811,18,806.0,29.0,802.0,18.0,824,36,829.0,12.0,833.0,18.0,817.5
11480,808,34,807.0,16.0,,,816,21,817.0,20.0,,,812.0
11481,802,20,798.0,27.0,,,818,15,822.0,28.0,,,810.0
11482,811,19,808.0,10.0,,,820,15,823.0,25.0,,,815.5
11483,812,18,810.0,13.0,,,819,27,821.0,10.0,,,815.5
11484,811,38,806.0,15.0,,,827,18,832.0,19.0,,,819.0
11485,809,18,806.0,13.0,,,820,39,823.0,25.0,,,814.5
11486,812,39,810.0,19.0,,,819,24,821.0,28.0,,,815.5
11487,811,22,807.0,20.0,,,818,40,822.0,24.0,,,814.5
11488,809,25,806.0,19.0,,,820,25,823.0,27.0,,,814.5
11489,812,17,811.0,17.0,,,822,29,823.0,19.0,,,817.0
11490,809,19,806.0,25.0,,,823,18,826.0,16.0,,,816.0
11491,804,35,801.0,26.0,,,820,16,823.0,17.0,,,812.0
11492,806,27,803.0,30.0,,,818,26,821.0,12.0,,,812.0
11493,807,29,804.0,18.0,,,816,19,819.0,26.0,,,811.5
11494,804,18,802.0,22.0,,,813,19,815.0,28.0,,,808.5
11495,801,40,800.0,19.0,,,819,37,820.0,29.0,,,810.0
11496,803,32,800.0,25.0,,,818,34,821.0,14.0,,,810.5
11497,805,26,803.0,22.0,,,811,17,813.0,16.0,,,808.0
11498,798,27,795.0,16.0,,,807,17,810.0,16.0,,,802.5
11499,794,16,791.0,28.0,,,804,37,807.0,24.0,,,799.0
11500,802,22,,,,,809,20,,,,,805.5
11501,798,25,795.0,25.0,,,808,22,811.0,28.0,,,803.0
11502,799,29,796.0,15.0,,,819,38,822.0,24.0,,,809.0
11503,800,34,794.0,28.0,,,818,19,824.0,19.0,,,809.0
11504,805,34,802.0,29.0,,,819,38,822.0,17.0,,,812.0
11505,811,30,808.0,27.0,,,824,32,827.0,17.0,,,817.5
11506,811,28,809.0,25.0,,,824,32,826.0,26.0,,,817.5
11507,814,29,811.0,15.0,806.0,17.0,829,36,832.0,14.0,837.0,11.0,821.5
11508,813,16,809.0,16.0,,,826,21,830.0,19.0,,,819.5
11509,813,20,812.0,26.0,,,824,30,825.0,28.0,,,818.5
11510,817,20,814.0,27.0,,,830,27,833.0,13.0,,,823.5
11511,830,38,828.0,29.0,,,840,21,842.0,17.0,,,835.0
11512,830,28,827.0,16.0,,,840,18,843.0,24.0,,,835.0
11513,831,29,829.0,14.0,,,845,20,847.0,26.0,,,838.0
11517,832,17,830.0,25.0,,,840,20,842.0,11.0,,,836.0
11515,823,32,819.0,28.0,,,839,37,843.0,23.0,,,831.0
11516,832,15,829.0,26.0,,,840,34,843.0,13.0,,,836.0
11514,835,27,832.0,10.0,,,849,30,852.0,29.0,,,842.0
11518,838,38,836.0,26.0,,,848,40,850.0,21.0,,,843.0
11519,836,30,834.0,19.0,,,847,15,849.0,14.0,,,841.5
11520,838,36,833.0,10.0,,,846,40,851.0,18.0,,,842.0
11521,838,20,836.0,14.0,,,854,38,856.0,15.0,,,846.0
11523,839,24,836.0,24.0,,,858,30,861.0,23.0,,,848.5
11524,842,34,839.0,21.0,,,851,40,854.0,30.0,,,846.5
11525,841,40,839.0,29.0,,,854,38,856.0,18.0,,,847.5
11526,847,34,844.0,28.0,,,858,37,861.0,21.0,,,852.5
11527,837,33,834.0,14.0,,,853,23,856.0,26.0,,,845.0
11529,840,33,837.0,30.0,,,855,23,858.0,21.0,,,847.5
11528,840,19,836.0,17.0,,,852,40,856.0,30.0,,,846.0
11530,844,36,841.0,15.0,,,851,19,854.0,11.0,,,847.5
11531,837,32,834.0,23.0,,,849,35,852.0,13.0,,,843.0
11532,844,25,842.0,11.0,840.0,17.0,857,29,859.0,11.0,861.0,6.0,850.5
11533,848,25,844.0,13.0,,,862,25,866.0,17.0,,,855.0
11534,847,36,845.0,12.0,,,861,25,863.0,25.0,,,854.0
11535,851,19,848.0,19.0,,,859,33,862.0,13.0,,,855.0
11536,841,28,837.0,17.0,,,859,26,863.0,15.0,,,850.0
11537,852,16,848.0,24.0,,,859,25,863.0,20.0,,,855.5
11538,858,38,854.0,21.0,,,869,26,873.0,10.0,,,863.5
11539,861,24,860.0,15.0,,,875,34,876.0,25.0,,,868.0
11540,863,28,860.0,17.0,,,875,20,878.0,19.0,,,869.0
11541,866,35,862.0,23.0,,,875,38,879.0,26.0,,,870.5
11542,860,17,858.0,22.0,,,872,23,874.0,23.0,,,866.0
11543,867,16,865.0,28.0,,,879,16,881.0,25.0,,,873.0
11544,860,28,857.0,24.0,,,878,38,881.0,17.0,,,869.0
11545,874,36,870.0,19.0,,,886,28,890.0,30.0,,,880.0
11546,880,17,,,,,891,38,,,,,885.5
11547,875,22,872.0,18.0,,,884,27,887.0,19.0,,,879.5
11548,872,19,869.0,29.0,864.0,14.0,884,18,887.0,29.0,892.0,6.0,878.0
11549,877,19,874.0,18.0,,,885,18,888.0,19.0,,,881.0
11550,869,19,867.0,17.0,,,878,33,880.0,26.0,,,873.5
11551,864,31,861.0,16.0,,,869,38,872.0,18.0,,,866.5
11552,858,38,854.0,23.0,851.0,8.0,872,19,876.0,28.0,879.0,19.0,865.0
11553,862,22,861.0,29.0,,,871,25,872.0,16.0,,,866.5
11554,867,24,863.0,30.0,,,878,16,882.0,22.0,,,872.5
11555,873,23,870.0,24.0,,,884,23,887.0,16.0,,,878.5
11556,874,34,869.0,27.0,,,880,17,885.0,28.0,,,877.0
11557,867,35,863.0,16.0,,,880,36,884.0,23.0,,,873.5
11558,871,28,868.0,20.0,,,886,37,889.0,19.0,,,878.5
11559,871,33,868.0,22.0,,,885,29,888.0,23.0,,,878.0
11560,874,20,869.0,20.0,,,883,24,888.0,21.0,,,878.5
11561,876,32,873.0,27.0,,,891,37,894.0,13.0,,,883.5
11562,870,30,868.0,14.0,,,883,38,885.0,23.0,,,876.5
11563,872,35,869.0,12.0,,,881,18,884.0,15.0,,,876.5
11564,871,33,868.0,13.0,,,883,19,886.0,13.0,,,877.0
11565,870,40,867.0,27.0,,,878,23,881.0,10.0,,,874.0
11566,864,22,,,,,877,16,,,,,870.5
11567,862,22,860.0,15.0,,,876,28,878.0,21.0,,,869.0
11568,861,16,859.0,28.0,,,872,23,874.0,25.0,,,866.5
11569,861,37,858.0,15.0,,,874,17,877.0,13.0,,,867.5
11570,864,38,863.0,11.0,859.0,11.0,876,35,877.0,26.0,881.0,10.0,870.0
11571,869,29,867.0,10.0,863.0,9.0,880,18,882.0,17.0,886.0,16.0,874.5
11572,861,16,856.0,20.0,,,877,29,882.0,15.0,,,869.0
11573,856,30,853.0,12.0,,,870,22,873.0,26.0,,,863.0
11577,841,18,838.0,29.0,,,850,26,853.0,27.0,,,845.5
11575,844,27,842.0,15.0,,,860,37,862.0,22.0,,,852.0
11576,842,28,839.0,26.0,,,851,34,854.0,16.0,,,846.5
11574,856,33,853.0,14.0,,,865,40,868.0,29.0,,,860.5
11578,832,22,,,,,839,28,,,,,835.5
11579,824,31,821.0,17.0,,,836,34,839.0,28.0,,,830.0
11580,814,18,811.0,11.0,,,824,20,827.0,11.0,,,819.0
11581,818,15,815.0,10.0,,,828,23,831.0,10.0,,,823.0
11582,815,23,811.0,15.0,,,825,15,829.0,13.0,,,820.0
11583,811,23,810.0,12.0,,,822,29,823.0,10.0,,,816.5
11584,812,32,809.0,10.0,,,824,27,827.0,30.0,,,818.0
11586,812,32,811.0,23.0,,,824,23,825.0,18.0,,,818.0
11585,809,22,805.0,30.0,,,820,25,824.0,18.0,,,814.5
11587,811,34,809.0,12.0,,,824,19,826.0,12.0,,,817.5
11588,805,40,800.0,15.0,,,818,36,823.0,21.0,,,811.5
11589,814,35,811.0,14.0,,,825,24,828.0,19.0,,,819.5
11590,827,24,824.0,21.0,,,834,28,837.0,23.0,,,830.5
11591,825,23,823.0,18.0,,,842,39,844.0,30.0,,,833.5
11592,822,39,819.0,11.0,,,841,40,844.0,12.0,,,831.5
11593,830,26,827.0,12.0,,,845,33,848.0,22.0,,,837.5
11598,811,16,809.0,29.0,,,824,32,826.0,19.0,,,817.5
11595,816,15,813.0,13.0,,,827,34,830.0,18.0,,,821.5
11596,811,40,808.0,29.0,,,823,39,826.0,14.0,,,817.0
11597,811,27,809.0,18.0,,,824,38,826.0,11.0,,,817.5
11594,821,33,816.0,14.0,,,833,15,838.0,23.0,,,827.0
11599,819,34,815.0,28.0,,,832,37,836.0,17.0,,,825.5
11600,820,18,815.0,13.0,,,835,17,840.0,14.0,,,827.5
11601,825,25,821.0,23.0,,,836,20,840.0,14.0,,,830.5
11602,821,21,818.0,19.0,,,836,31,839.0,10.0,,,828.5
11603,818,26,814.0,18.0,,,833,37,837.0,11.0,,,825.5
11604,816,18,814.0,10.0,,,828,17,830.0,10.0,,,822.0
11605,803,35,800.0,16.0,,,820,17,823.0,22.0,,,811.5
11606,810,20,807.0,15.0,,,816,15,819.0,10.0,,,813.0
11607,801,38,800.0,19.0,,,807,22,808.0,25.0,,,804.0
11608,798,19,794.0,28.0,792.0,6.0,803,27,807.0,15.0,809.0,13.0,800.5
11609,801,31,798.0,20.0,,,812,21,815.0,20.0,,,806.5
11610,801,37,797.0,17.0,793.0,18.0,811,28,815.0,21.0,819.0,18.0,806.0
11611,813,36,809.0,27.0,,,824,30,828.0,11.0,,,818.5
11612,810,17,807.0,29.0,805.0,9.0,820,31,823.0,15.0,825.0,20.0,815.0
11613,799,16,796.0,23.0,,,813,24,816.0,12.0,,,806.0
11614,793,33,789.0,22.0,,,806,20,810.0,25.0,,,799.5
11615,791,27,788.0,23.0,,,799,32,802.0,24.0,,,795.0
11616,788,18,784.0,17.0,,,796,27,800.0,10.0,,,792.0
11617,791,32,,,,,800,32,,,,,795.5
11618,802,33,798.0,10.0,,,814,15,818.0,10.0,,,808.0
11619,792,15,790.0,24.0,,,813,25,815.0,19.0,,,802.5
11620,808,38,804.0,26.0,,,821,24,825.0,18.0,,,814.5
11621,810,23,809.0,22.0,,,826,33,827.0,20.0,,,818.0
11622,815,26,811.0,23.0,807.0,12.0,823,32,827.0,25.0,831.0,11.0,819.0
11623,815,40,812.0,27.0,,,827,17,830.0,15.0,,,821.0
11624,819,21,818.0,10.0,,,833,33,834.0,17.0,,,826.0
11625,815,22,812.0,23.0,,,824,27,827.0,12.0,,,819.5
11626,815,27,812.0,20.0,,,829,30,832.0,16.0,,,822.0
11627,810,16,808.0,14.0,,,827,21,829.0,29.0,,,818.5
11628,822,22,818.0,22.0,,,835,29,839.0,28.0,,,828.5
11629,825,40,,,,,842,31,,,,,833.5
11630,828,24,,,,,837,31,,,,,832.5
11631,820,28,817.0,26.0,,,833,33,836.0,21.0,,,826.5
11632,819,31,818.0,17.0,,,835,32,836.0,19.0,,,827.0
11633,811,22,810.0,23.0,,,830,17,831.0,22.0,,,820.5
11634,808,26,804.0,16.0,,,825,27,829.0,28.0,,,816.5
11635,820,15,817.0,20.0,814.0,13.0,828,22,831.0,26.0,834.0,11.0,824.0
11636,818,15,815.0,28.0,,,827,19,830.0,23.0,,,822.5
11637,813,32,809.0,24.0,,,828,17,832.0,22.0,,,820.5
11638,824,21,820.0,25.0,,,833,16,837.0,22.0,,,828.5
11640,836,17,,,,,842,36,,,,,839.0
11639,827,27,824.0,24.0,,,842,18,845.0,18.0,,,834.5
11641,835,34,832.0,13.0,,,845,37,848.0,12.0,,,840.0
11642,827,35,823.0,18.0,,,837,28,841.0,27.0,,,832.0
11643,829,27,826.0,21.0,,,843,32,846.0,17.0,,,836.0
11644,815,25,810.0,30.0,,,832,27,837.0,28.0,,,823.5
11645,813,21,811.0,29.0,808.0,13.0,827,20,829.0,16.0,832.0,15.0,820.0
11646,815,28,813.0,26.0,,,826,24,828.0,10.0,,,820.5
11647,814,22,812.0,28.0,,,825,22,827.0,30.0,,,819.5
11648,810,36,807.0,13.0,804.0,13.0,821,25,824.0,28.0,827.0,15.0,815.5
11649,807,25,803.0,15.0,,,819,32,823.0,20.0,,,813.0
11650,814,39,812.0,27.0,,,825,15,827.0,27.0,,,819.5
11651,819,24,816.0,13.0,,,834,30,837.0,29.0,,,826.5
11652,811,17,808.0,17.0,,,823,17,826.0,13.0,,,817.0
11653,809,23,806.0,30.0,,,817,28,820.0,21.0,,,813.0
11654,810,22,807.0,18.0,,,824,31,827.0,19.0,,,817.0
11655,808,20,806.0,13.0,804.0,15.0,817,35,819.0,14.0,821.0,5.0,812.5
11656,816,16,,,,,828,32,,,,,822.0
11657,815,16,810.0,11.0,,,830,29,835.0,18.0,,,822.5
11658,807,33,804.0,16.0,,,820,29,823.0,21.0,,,813.5
11659,803,22,801.0,16.0,,,815,23,817.0,11.0,,,809.0
11660,804,25,800.0,17.0,,,819,18,823.0,15.0,,,811.5
11661,805,37,804.0,18.0,801.0,13.0,817,27,818.0,13.0,821.0,17.0,811.0
11662,803,23,801.0,27.0,,,814,22,816.0,26.0,,,808.5
11663,807,17,803.0,27.0,,,819,30,823.0,10.0,,,813.0
11664,802,40,799.0,30.0,,,815,32,818.0,24.0,,,808.5
11665,801,21,798.0,16.0,,,811,29,814.0,30.0,,,806.0
11666,790,15,,,,,804,40,,,,,797.0
11667,782,40,779.0,28.0,776.0,16.0,795,16,798.0,20.0,801.0,7.0,788.5
11668,787,16,783.0,24.0,,,798,37,802.0,29.0,,,792.5
11669,783,28,780.0,13.0,,,791,21,794.0,16.0,,,787.0
11670,775,23,773.0,19.0,769.0,17.0,787,34,789.0,30.0,793.0,16.0,781.0
11671,770,34,768.0,22.0,765.0,11.0,781,33,783.0,20.0,786.0,10.0,775.5
11672,769,24,,,,,784,18,,,,,776.5
11673,763,24,762.0,20.0,,,781,19,782.0,21.0,,,772.0
11674,769,33,766.0,26.0,763.0,10.0,781,20,784.0,12.0,787.0,14.0,775.0
11675,772,34,769.0,10.0,,,780,32,783.0,18.0,,,776.0
11676,768,31,765.0,28.0,,,777,33,780.0,15.0,,,772.5
11677,762,18,758.0,13.0,,,777,38,781.0,16.0,,,769.5
11678,762,37,759.0,23.0,756.0,8.0,772,32,775.0,25.0,778.0,14.0,767.0
11679,761,36,757.0,11.0,,,774,32,778.0,11.0,,,767.5
11680,768,34,766.0,19.0,,,781,20,783.0,25.0,,,774.5
11681,774,19,772.0,30.0,771.0,8.0,788,24,790.0,11.0,791.0,16.0,781.0
11682,777,30,773.0,21.0,,,784,23,788.0,20.0,,,780.5
11683,779,18,775.0,24.0,,,788,16,792.0,18.0,,,783.5
11684,791,25,,,,,797,33,,,,,794.0
11685,792,21,788.0,10.0,785.0,19.0,808,35,812.0,10.0,815.0,17.0,800.0
11686,798,27,796.0,20.0,,,809,17,811.0,30.0,,,803.5
11687,812,28,808.0,26.0,,,820,38,824.0,16.0,,,816.0
11688,810,27,808.0,26.0,,,819,15,821.0,11.0,,,814.5
11689,810,31,808.0,26.0,,,822,39,824.0,26.0,,,816.0
11690,807,21,803.0,30.0,,,820,15,824.0,22.0,,,813.5
11691,798,34,796.0,27.0,,,812,26,814.0,26.0,,,805.0
11692,797,22,795.0,16.0,,,811,40,813.0,21.0,,,804.0
11693,799,15,797.0,28.0,794.0,9.0,817,27,819.0,20.0,822.0,9.0,808.0
11694,812,40,809.0,11.0,,,823,19,826.0,29.0,,,817.5
11695,803,22,799.0,11.0,,,816,31,820.0,16.0,,,809.5
11696,795,38,791.0,14.0,,,811,40,815.0,14.0,,,803.0
11697,787,17,783.0,10.0,,,795,29,799.0,27.0,,,791.0
11698,784,36,781.0,18.0,,,790,15,793.0,13.0,,,787.0
11699,777,39,771.0,13.0,,,789,38,795.0,19.0,,,783.0
11700,774,17,,,,,789,31,,,,,781.5
11701,775,34,773.0,13.0,771.0,16.0,787,40,789.0,27.0,791.0,12.0,781.0
11702,772,23,,,,,781,32,,,,,776.5
11704,772,20,769.0,21.0,,,784,36,787.0,13.0,,,778.0
11705,776,34,774.0,11.0,772.0,19.0,790,28,792.0,15.0,794.0,16.0,783.0
11706,771,29,768.0,12.0,,,784,19,787.0,19.0,,,777.5
11707,773,21,769.0,14.0,,,787,31,791.0,25.0,,,780.0
11710,769,38,763.0,29.0,,,780,37,786.0,12.0,,,774.5
11709,775,40,770.0,14.0,,,785,26,790.0,20.0,,,780.0
11708,773,26,772.0,25.0,,,788,29,789.0,17.0,,,780.5
11711,772,22,770.0,25.0,,,784,40,786.0,15.0,,,778.0
11712,771,24,768.0,13.0,,,781,36,784.0,21.0,,,776.0
11713,774,24,772.0,14.0,,,788,39,790.0,15.0,,,781.0
11714,777,19,773.0,30.0,,,791,28,795.0,12.0,,,784.0
11715,780,30,776.0,23.0,,,788,33,792.0,26.0,,,784.0
11716,778,22,775.0,24.0,,,785,28,788.0,24.0,,,781.5
11717,782,33,780.0,22.0,,,791,16,793.0,13.0,,,786.5
11718,784,31,780.0,18.0,,,796,22,800.0,13.0,,,790.0
11719,781,25,778.0,11.0,,,788,36,791.0,12.0,,,784.5
11720,775,33,772.0,16.0,,,791,38,794.0,14.0,,,783.0
11721,777,38,774.0,28.0,,,786,23,789.0,11.0,,,781.5
11722,768,29,766.0,11.0,,,781,16,783.0,28.0,,,774.5
11723,764,30,760.0,18.0,,,772,30,776.0,19.0,,,768.0
11724,759,36,757.0,20.0,,,772,39,774.0,24.0,,,765.5
11725,770,25,767.0,13.0,,,783,36,786.0,16.0,,,776.5
11726,766,38,764.0,13.0,,,784,23,786.0,28.0,,,775.0
11727,771,17,769.0,21.0,,,781,26,783.0,15.0,,,776.0
11728,759,21,755.0,26.0,,,769,38,773.0,14.0,,,764.0
11729,756,31,754.0,21.0,,,760,38,762.0,30.0,,,758.0
11730,754,20,753.0,15.0,,,765,26,766.0,18.0,,,759.5
11731,765,36,762.0,14.0,,,769,34,772.0,20.0,,,767.0
11732,756,33,754.0,21.0,,,765,18,767.0,20.0,,,760.5
11733,751,29,748.0,18.0,,,768,20,771.0,18.0,,,759.5
11734,750,39,749.0,14.0,,,765,18,766.0,23.0,,,757.5
11735,764,33,762.0,30.0,,,777,37,779.0,20.0,,,770.5
11738,767,21,765.0,20.0,,,774,29,776.0,15.0,,,770.5
11737,760,19,759.0,27.0,755.0,16.0,774,33,775.0,24.0,779.0,14.0,767.0
11736,760,40,758.0,18.0,,,770,32,772.0,12.0,,,765.0
11739,762,38,759.0,16.0,,,775,38,778.0,28.0,,,768.5
11740,771,32,770.0,12.0,,,780,23,781.0,23.0,,,775.5
11741,770,39,767.0,23.0,,,777,25,780.0,27.0,,,773.5
11742,774,40,771.0,12.0,,,784,28,787.0,28.0,,,779.0
11743,771,36,768.0,17.0,,,784,25,787.0,11.0,,,777.5
11744,775,16,771.0,21.0,,,786,28,790.0,14.0,,,780.5
11745,770,22,769.0,10.0,766.0,17.0,785,33,786.0,28.0,789.0,15.0,777.5
11746,772,22,769.0,22.0,,,785,22,788.0,13.0,,,778.5
11747,772,35,769.0,11.0,767.0,10.0,785,26,788.0,17.0,790.0,13.0,778.5
11748,767,26,764.0,11.0,,,781,37,784.0,19.0,,,774.0
11749,771,37,767.0,22.0,,,781,17,785.0,16.0,,,776.0
11750,762,17,759.0,23.0,,,775,19,778.0,29.0,,,768.5
11751,772,18,768.0,20.0,765.0,19.0,784,38,788.0,28.0,791.0,19.0,778.0
11752,780,20,778.0,12.0,,,794,37,796.0,17.0,,,787.0
11753,783,30,780.0,18.0,,,797,39,800.0,12.0,,,790.0
11754,781,30,777.0,21.0,,,800,20,804.0,27.0,,,790.5
11755,790,20,786.0,16.0,,,800,35,804.0,16.0,,,795.0
11756,787,29,784.0,27.0,,,799,39,802.0,17.0,,,793.0
11757,782,17,780.0,28.0,,,801,39,803.0,16.0,,,791.5
11758,792,34,790.0,20.0,,,805,24,807.0,20.0,,,798.5
11759,786,33,,,,,801,18,,,,,793.5
11760,788,20,787.0,26.0,,,800,28,801.0,21.0,,,794.0
11761,787,25,,,,,800,33,,,,,793.5
11762,790,20,788.0,25.0,,,804,36,806.0,15.0,,,797.0
11764,798,16,794.0,14.0,,,811,33,815.0,15.0,,,804.5
11765,806,15,802.0,10.0,798.0,13.0,815,32,819.0,13.0,823.0,19.0,810.5
11766,810,18,808.0,26.0,,,820,16,822.0,22.0,,,815.0
11767,815,20,814.0,13.0,,,825,29,826.0,11.0,,,820.0
11768,810,35,807.0,26.0,803.0,18.0,823,19,826.0,17.0,830.0,7.0,816.5
11769,807,17,805.0,19.0,,,819,20,821.0,18.0,,,813.0
11770,806,16,803.0,28.0,,,819,35,822.0,11.0,,,812.5
11771,801,26,798.0,17.0,,,817,32,820.0,14.0,,,809.0
11772,801,35,799.0,14.0,,,818,18,820.0,27.0,,,809.5
11773,796,23,793.0,10.0,,,813,37,816.0,27.0,,,804.5
11774,798,33,794.0,24.0,,,808,30,812.0,25.0,,,803.0
11775,797,22,794.0,18.0,,,810,33,813.0,13.0,,,803.5
11776,793,30,790.0,19.0,,,801,22,804.0,28.0,,,797.0
11777,783,18,781.0,27.0,,,792,31,794.0,22.0,,,787.5
11778,776,18,772.0,14.0,769.0,15.0,788,39,792.0,30.0,795.0,16.0,782.0
11779,775,16,772.0,29.0,,,784,18,787.0,11.0,,,779.5
11780,785,38,,,,,797,37,,,,,791.0
11781,785,17,780.0,23.0,,,792,17,797.0,13.0,,,788.5
11783,775,38,772.0,28.0,,,789,15,792.0,21.0,,,782.0
11782,777,26,,,,,786,39,,,,,781.5
11784,777,15,773.0,29.0,,,786,17,790.0,20.0,,,781.5
11785,788,19,784.0,15.0,,,801,16,805.0,26.0,,,794.5
11786,792,23,788.0,29.0,,,804,19,808.0,28.0,,,798.0
11787,787,20,784.0,20.0,,,799,20,802.0,11.0,,,793.0
11788,777,19,774.0,10.0,,,792,26,795.0,11.0,,,784.5
11789,776,19,773.0,20.0,,,793,18,796.0,18.0,,,784.5
11790,775,21,772.0,17.0,,,787,37,790.0,23.0,,,781.0
11791,769,15,766.0,13.0,,,777,40,780.0,30.0,,,773.0
11792,766,38,763.0,24.0,,,780,37,783.0,14.0,,,773.0
11793,759,16,756.0,30.0,754.0,15.0,770,25,773.0,28.0,775.0,14.0,764.5
11794,761,30,757.0,11.0,,,772,33,776.0,16.0,,,766.5
11795,762,19,759.0,23.0,,,774,40,777.0,24.0,,,768.0
11796,769,36,766.0,11.0,,,784,17,787.0,24.0,,,776.5
11797,772,28,770.0,22.0,,,782,28,784.0,25.0,,,777.0
11798,769,22,767.0,26.0,,,777,27,779.0,15.0,,,773.0
11799,758,24,755.0,21.0,,,776,22,779.0,28.0,,,767.0
11800,755,39,753.0,25.0,,,769,20,771.0,24.0,,,762.0
11801,759,39,756.0,26.0,,,768,35,771.0,12.0,,,763.5
11802,756,18,751.0,11.0,,,769,18,774.0,24.0,,,762.5
11803,762,24,759.0,12.0,,,775,31,778.0,16.0,,,768.5
11804,761,27,757.0,20.0,,,775,30,779.0,18.0,,,768.0
11805,759,35,756.0,24.0,,,771,30,774.0,19.0,,,765.0
11809,759,33,756.0,27.0,,,769,26,772.0,11.0,,,764.0
11807,753,26,749.0,30.0,,,763,15,767.0,19.0,,,758.0
11808,751,35,749.0,25.0,,,766,39,768.0,27.0,,,758.5
11806,753,28,752.0,26.0,,,764,35,765.0,26.0,,,758.5
11810,762,28,758.0,28.0,,,776,37,780.0,30.0,,,769.0
11811,762,32,759.0,29.0,,,773,19,776.0,22.0,,,767.5
11812,765,30,763.0,19.0,,,775,17,777.0,23.0,,,770.0
11813,764,31,762.0,14.0,,,780,25,782.0,24.0,,,772.0
11814,773,16,772.0,12.0,,,786,36,787.0,30.0,,,779.5
11815,779,24,775.0,17.0,,,791,37,795.0,14.0,,,785.0
11816,773,15,771.0,25.0,,,786,23,788.0,30.0,,,779.5
11817,764,29,761.0,24.0,,,774,30,777.0,13.0,,,769.0
11818,763,20,760.0,15.0,,,772,26,775.0,15.0,,,767.5
11819,757,36,754.0,15.0,,,773,15,776.0,30.0,,,765.0
11820,758,19,754.0,13.0,,,768,39,772.0,29.0,,,763.0
11821,759,36,758.0,17.0,,,769,26,770.0,12.0,,,764.0
11822,757,27,755.0,14.0,,,769,30,771.0,20.0,,,763.0
11823,769,26,767.0,15.0,,,782,39,784.0,23.0,,,775.5
11824,767,32,764.0,15.0,,,775,36,778.0,11.0,,,771.0
11825,759,32,757.0,13.0,,,776,30,778.0,17.0,,,767.5
11826,763,32,760.0,22.0,,,777,30,780.0,17.0,,,770.0
11827,764,27,,,,,773,40,,,,,768.5
11828,760,20,,,,,773,15,,,,,766.5
11829,763,28,760.0,26.0,,,779,22,782.0,12.0,,,771.0
11830,764,24,759.0,28.0,,,780,19,785.0,12.0,,,772.0
11831,766,17,,,,,780,40,,,,,773.0
11832,761,40,758.0,15.0,,,768,35,771.0,21.0,,,764.5
11833,766,36,763.0,10.0,,,778,30,781.0,14.0,,,772.0
11834,772,23,769.0,17.0,,,784,35,787.0,15.0,,,778.0
11835,768,28,764.0,14.0,,,786,29,790.0,26.0,,,777.0
11836,774,18,771.0,22.0,,,786,18,789.0,14.0,,,780.0
11837,777,34,774.0,20.0,,,789,34,792.0,27.0,,,783.0
11838,768,27,767.0,12.0,,,779,17,780.0,23.0,,,773.5
11839,770,23,764.0,12.0,761.0,7.0,783,25,789.0,13.0,792.0,20.0,776.5
11840,770,19,769.0,14.0,,,785,36,786.0,27.0,,,777.5
11841,767,18,765.0,25.0,,,781,39,783.0,22.0,,,774.0
11842,771,40,768.0,20.0,,,786,33,789.0,26.0,,,778.5
11843,775,28,772.0,24.0,,,786,38,789.0,19.0,,,780.5
11844,788,31,783.0,19.0,,,797,21,802.0,30.0,,,792.5
11845,782,25,778.0,25.0,775.0,13.0,797,36,801.0,26.0,804.0,18.0,789.5
11846,789,15,786.0,14.0,,,799,21,802.0,18.0,,,794.0
11847,798,33,795.0,29.0,,,808,22,811.0,25.0,,,803.0
11848,796,32,793.0,15.0,,,812,29,815.0,30.0,,,804.0
11849,790,39,787.0,13.0,,,805,40,808.0,25.0,,,797.5
11850,796,19,793.0,13.0,,,802,26,805.0,16.0,,,799.0
11851,798,17,796.0,19.0,,,813,25,815.0,19.0,,,805.5
11852,798,32,,,,,810,29,,,,,804.0
11853,803,28,800.0,13.0,796.0,18.0,814,22,817.0,25.0,821.0,11.0,808.5
11854,797,22,794.0,30.0,,,808,33,811.0,27.0,,,802.5
11855,796,20,793.0,29.0,,,808,28,811.0,24.0,,,802.0
11856,797,30,796.0,19.0,792.0,19.0,806,40,807.0,21.0,811.0,7.0,801.5
11857,796,25,792.0,15.0,,,808,26,812.0,22.0,,,802.0
11858,797,40,794.0,21.0,,,806,21,809.0,26.0,,,801.5
11859,798,34,796.0,19.0,,,808,34,810.0,17.0,,,803.0
11860,790,35,787.0,24.0,,,803,25,806.0,19.0,,,796.5
11861,786,35,,,,,795,15,,,,,790.5
11862,788,19,784.0,23.0,,,801,36,805.0,10.0,,,794.5
11863,790,27,787.0,20.0,,,804,21,807.0,16.0,,,797.0
11864,798,17,796.0,14.0,,,816,40,818.0,15.0,,,807.0
11865,802,26,798.0,25.0,796.0,10.0,813,36,817.0,19.0,819.0,18.0,807.5
11866,803,20,801.0,18.0,,,821,37,823.0,29.0,,,812.0
11867,811,29,806.0,13.0,,,820,28,825.0,12.0,,,815.5
11868,807,30,804.0,15.0,,,820,39,823.0,24.0,,,813.5
11869,817,21,814.0,19.0,812.0,16.0,828,37,831.0,12.0,833.0,6.0,822.5
11870,812,18,809.0,12.0,,,828,36,831.0,28.0,,,820.0
11871,810,30,808.0,19.0,,,817,33,819.0,27.0,,,813.5
11872,809,18,804.0,27.0,,,818,22,823.0,11.0,,,813.5
11873,805,28,802.0,12.0,,,814,36,817.0,28.0,,,809.5
11874,809,30,808.0,16.0,,,817,26,818.0,14.0,,,813.0
11875,806,32,804.0,19.0,,,818,34,820.0,24.0,,,812.0
11876,815,21,812.0,16.0,,,826,22,829.0,12.0,,,820.5
11877,820,17,817.0,19.0,,,831,24,834.0,10.0,,,825.5
11878,820,33,817.0,21.0,,,832,23,835.0,11.0,,,826.0
11879,821,40,817.0,19.0,814.0,6.0,829,39,833.0,23.0,836.0,10.0,825.0
11880,820,35,816.0,14.0,,,829,35,833.0,24.0,,,824.5
11881,812,17,807.0,21.0,,,823,23,828.0,22.0,,,817.5
11882,818,21,815.0,16.0,,,833,38,836.0,17.0,,,825.5
11883,817,37,813.0,18.0,,,825,21,829.0,19.0,,,821.0
11884,809,27,808.0,13.0,,,820,28,821.0,17.0,,,814.5
11885,807,27,805.0,15.0,,,818,18,820.0,12.0,,,812.5
11886,805,33,,,,,814,37,,,,,809.5
11887,801,19,798.0,28.0,,,815,34,818.0,11.0,,,808.0
11888,808,23,,,,,820,20,,,,,814.0
11889,813,39,810.0,21.0,,,818,38,821.0,16.0,,,815.5
11890,800,16,797.0,22.0,,,815,19,818.0,19.0,,,807.5
11891,810,39,807.0,21.0,,,816,20,819.0,16.0,,,813.0
11892,806,20,802.0,23.0,,,818,38,822.0,19.0,,,812.0
11893,804,20,802.0,23.0,800.0,7.0,823,26,825.0,25.0,827.0,8.0,813.5
11894,810,39,806.0,10.0,,,823,33,827.0,25.0,,,816.5
11895,813,38,810.0,28.0,,,834,37,837.0,20.0,,,823.5
11896,804,23,801.0,11.0,,,825,18,828.0,27.0,,,814.5
11897,818,23,814.0,25.0,,,829,36,833.0,28.0,,,823.5
11898,820,26,816.0,19.0,,,832,28,836.0,11.0,,,826.0
11899,812,19,809.0,22.0,807.0,17.0,822,28,825.0,17.0,827.0,11.0,817.0
11900,815,20,813.0,18.0,,,827,15,829.0,27.0,,,821.0
11901,827,24,823.0,10.0,,,835,33,839.0,29.0,,,831.0
11902,817,18,815.0,24.0,,,835,24,837.0,14.0,,,826.0
11906,830,36,828.0,19.0,,,834,25,836.0,13.0,,,832.0
11904,827,24,825.0,16.0,,,838,26,840.0,16.0,,,832.5
11905,828,27,825.0,28.0,824.0,15.0,843,18,846.0,21.0,847.0,5.0,835.5
11903,812,24,809.0,23.0,,,829,25,832.0,21.0,,,820.5
11907,835,24,832.0,28.0,829.0,17.0,848,29,851.0,12.0,854.0,9.0,841.5
11908,832,18,829.0,29.0,,,842,32,845.0,22.0,,,837.0
11909,836,19,833.0,14.0,830.0,17.0,848,20,851.0,22.0,854.0,13.0,842.0
11910,840,16,837.0,19.0,,,848,22,851.0,13.0,,,844.0
11911,831,26,828.0,12.0,,,839,27,842.0,11.0,,,835.0
11912,837,36,834.0,16.0,829.0,17.0,850,26,853.0,22.0,858.0,17.0,843.5
11913,835,19,832.0,25.0,,,842,39,845.0,26.0,,,838.5
11914,834,24,832.0,27.0,,,844,39,846.0,13.0,,,839.0
11915,833,28,830.0,16.0,,,845,31,848.0,28.0,,,839.0
11916,828,30,826.0,17.0,,,840,26,842.0,22.0,,,834.0
11917,831,38,827.0,28.0,,,845,32,849.0,21.0,,,838.0
11918,838,38,,,,,856,21,,,,,847.0
11919,843,29,839.0,20.0,,,852,17,856.0,26.0,,,847.5
11920,840,28,838.0,16.0,,,854,16,856.0,19.0,,,847.0
11921,837,38,835.0,14.0,,,843,17,845.0,29.0,,,840.0
11922,833,19,829.0,15.0,,,845,39,849.0,22.0,,,839.0
11923,836,32,832.0,14.0,,,847,35,851.0,13.0,,,841.5
11924,833,21,,,,,848,25,,,,,840.5
11925,843,30,838.0,22.0,,,856,38,861.0,19.0,,,849.5
11926,844,31,841.0,19.0,840.0,8.0,854,40,857.0,19.0,858.0,14.0,849.0
11927,852,23,851.0,12.0,,,865,24,866.0,11.0,,,858.5
11928,846,35,842.0,13.0,,,857,34,861.0,30.0,,,851.5
11929,844,35,839.0,13.0,,,860,15,865.0,11.0,,,852.0
11930,847,38,843.0,23.0,840.0,5.0,861,23,865.0,17.0,868.0,20.0,854.0
11931,853,17,851.0,26.0,,,864,31,866.0,30.0,,,858.5
11932,858,22,854.0,29.0,,,866,16,870.0,24.0,,,862.0
11933,853,18,849.0,11.0,,,863,28,867.0,23.0,,,858.0
11934,856,38,853.0,17.0,,,869,16,872.0,17.0,,,862.5
11935,857,17,854.0,29.0,849.0,8.0,869,38,872.0,17.0,877.0,20.0,863.0
11936,857,26,855.0,25.0,,,868,21,870.0,26.0,,,862.5
11937,852,18,848.0,15.0,,,866,31,870.0,27.0,,,859.0
11938,851,37,849.0,21.0,,,868,15,870.0,25.0,,,859.5
11939,871,22,870.0,30.0,,,875,30,876.0,26.0,,,873.0
11940,868,37,865.0,18.0,,,888,27,891.0,23.0,,,878.0
11941,871,18,868.0,17.0,,,884,19,887.0,11.0,,,877.5
11942,883,34,879.0,27.0,,,896,26,900.0,23.0,,,889.5
11943,892,15,889.0,25.0,,,903,35,906.0,24.0,,,897.5
11944,894,32,893.0,16.0,,,898,30,899.0,17.0,,,896.0
11945,874,36,871.0,26.0,,,882,26,885.0,24.0,,,878.0
11946,870,24,868.0,16.0,,,883,26,885.0,28.0,,,876.5
11947,874,29,870.0,26.0,,,882,17,886.0,17.0,,,878.0
11948,866,19,862.0,18.0,,,885,15,889.0,22.0,,,875.5
11949,880,21,877.0,10.0,,,893,35,896.0,28.0,,,886.5
11950,880,38,878.0,25.0,,,893,18,895.0,19.0,,,886.5
11951,875,33,872.0,15.0,,,884,29,887.0,26.0,,,879.5
11952,875,33,872.0,22.0,,,884,21,887.0,24.0,,,879.5
11953,871,28,867.0,15.0,,,881,21,885.0,21.0,,,876.0
11954,871,18,869.0,29.0,,,884,18,886.0,22.0,,,877.5
11955,869,19,866.0,22.0,,,880,22,883.0,11.0,,,874.5
11956,881,23,878.0,24.0,,,892,20,895.0,22.0,,,886.5
11957,885,32,883.0,15.0,,,899,31,901.0,13.0,,,892.0
11958,896,16,893.0,29.0,,,908,30,911.0,13.0,,,902.0
11959,907,30,905.0,13.0,,,916,31,918.0,17.0,,,911.5
11960,900,40,896.0,25.0,,,915,35,919.0,18.0,,,907.5
11961,909,24,907.0,11.0,903.0,5.0,920,30,922.0,12.0,926.0,18.0,914.5
11962,916,27,914.0,13.0,,,925,31,927.0,30.0,,,920.5
11963,908,24,905.0,18.0,,,915,21,918.0,21.0,,,911.5
11964,902,27,,,,,916,33,,,,,909.0
11965,896,29,894.0,15.0,,,910,24,912.0,14.0,,,903.0
11966,901,19,900.0,24.0,,,912,19,913.0,26.0,,,906.5
11967,895,35,891.0,22.0,,,907,26,911.0,23.0,,,901.0
11968,894,27,892.0,30.0,,,906,33,908.0,28.0,,,900.0
11970,880,19,876.0,16.0,,,889,17,893.0,19.0,,,884.5
11971,875,25,871.0,24.0,,,882,23,886.0,13.0,,,878.5
11972,879,18,877.0,21.0,,,890,20,892.0,20.0,,,884.5
11973,884,38,882.0,19.0,,,894,36,896.0,28.0,,,889.0
11974,876,26,872.0,14.0,,,889,33,893.0,10.0,,,882.5
11975,871,20,868.0,25.0,,,887,22,890.0,14.0,,,879.0
11976,874,28,872.0,11.0,,,886,18,888.0,22.0,,,880.0
11977,878,27,876.0,29.0,,,884,18,886.0,23.0,,,881.0
11978,874,32,871.0,25.0,,,884,21,887.0,22.0,,,879.0
11979,874,30,870.0,22.0,,,882,18,886.0,11.0,,,878.0
11980,872,30,870.0,14.0,,,876,35,878.0,30.0,,,874.0
11981,864,28,862.0,24.0,,,877,32,879.0,24.0,,,870.5
11982,864,22,861.0,22.0,,,872,20,875.0,22.0,,,868.0
11983,856,24,854.0,16.0,,,872,34,874.0,22.0,,,864.0
11984,860,35,857.0,15.0,,,868,24,871.0,24.0,,,864.0
11985,864,15,860.0,12.0,,,874,22,878.0,29.0,,,869.0
11986,856,23,853.0,16.0,,,867,37,870.0,22.0,,,861.5
11987,858,19,856.0,17.0,,,871,35,873.0,19.0,,,864.5
11988,857,24,856.0,30.0,,,873,18,874.0,20.0,,,865.0
11991,855,19,853.0,11.0,,,870,22,872.0,25.0,,,862.5
11990,855,33,851.0,21.0,,,865,23,869.0,14.0,,,860.0
11989,857,35,855.0,18.0,,,864,26,866.0,19.0,,,860.5
11992,852,28,848.0,29.0,,,866,32,870.0,29.0,,,859.0
11993,858,22,856.0,28.0,,,874,38,876.0,24.0,,,866.0
11994,863,27,860.0,11.0,,,879,30,882.0,25.0,,,871.0
11995,865,39,862.0,25.0,,,870,27,873.0,22.0,,,867.5
11996,862,20,859.0,14.0,,,878,16,881.0,15.0,,,870.0
11997,863,35,860.0,17.0,857.0,10.0,878,37,881.0,17.0,884.0,17.0,870.5
11998,864,18,862.0,20.0,,,877,33,879.0,10.0,,,870.5
11999,860,24,,,,,873,35,,,,,866.5
3253,804,20,802.0,27.0,,,811,32,813.0,13.0,,,807.5006883543458
9327,599,22,,,,,614,16,,,,,606.511855153722
1986,823,30,821.0,29.0,,,837,40,839.0,19.0,,,829.9857611453508
5173,844,26,842.0,28.0,,,857,28,859.0,22.0,,,850.4577806853139
10257,734,24,733.0,15.0,,,746,33,747.0,24.0,,,740.0968135464182
8691,801,25,799.0,28.0,,,814,16,816.0,17.0,,,807.4548250381677
3396,777,32,775.0,26.0,,,789,31,791.0,22.0,,,782.9526272934224
8754,748,19,746.0,12.0,,,757,36,759.0,29.0,,,752.5229042394507
5920,1137,30,1133.0,18.0,,,1144,18,1148.0,14.0,,,1140.5156012404445
1929,781,30,778.0,10.0,,,790,30,793.0,29.0,,,785.5968288176954
9638,623,27,621.0,25.0,,,634,40,636.0,23.0,,,628.4828148350193
5333,953,28,950.0,12.0,949.0,18.0,966,18,969.0,26.0,970.0,16.0,959.4965758081612
6012,1108,27,1105.0,12.0,,,1124,26,1127.0,24.0,,,1115.922057660977
6566,864,24,860.0,19.0,,,879,28,883.0,16.0,,,871.5150978042917
5966,1068,33,1064.0,16.0,1062.0,13.0,1082,19,1086.0,21.0,1088.0,19.0,1075.0469532028712
8510,758,36,755.0,15.0,,,771,39,774.0,30.0,,,764.5085174289676
9846,619,38,617.0,13.0,,,632,28,634.0,26.0,,,625.4744139376924
2851,788,30,786.0,29.0,,,796,40,798.0,13.0,,,792.0345448543337
7484,846,28,843.0,12.0,,,858,25,861.0,30.0,,,851.9190331352053
7175,876,15,874.0,16.0,,,884,30,886.0,22.0,,,880.0421650113026
101,859,30,856.0,28.0,852.0,7.0,874,29,877.0,19.0,881.0,9.0,866.5103752738704
4620,778,18,,,,,784,33,,,,,781.042594763516
5913,1130,16,1127.0,22.0,,,1137,35,1140.0,24.0,,,1133.5350369353548
11130,831,33,828.0,16.0,,,838,34,841.0,14.0,,,834.4731359025951
2531,794,33,790.0,12.0,,,805,37,809.0,29.0,,,799.5457283637409
750,759,15,756.0,24.0,,,770,34,773.0,24.0,,,764.4856718147635
5230,882,17,878.0,20.0,,,896,34,900.0,21.0,,,888.952386571453
2510,791,27,788.0,21.0,,,803,27,806.0,10.0,,,796.9619311060683
7328,860,29,858.0,16.0,,,871,19,873.0,12.0,,,865.5360319034922
10671,843,32,840.0,28.0,,,854,25,857.0,20.0,,,848.5042741335856
2924,817,34,,,,,826,15,,,,,821.468342392158
11066,802,24,799.0,14.0,,,816,19,819.0,22.0,,,808.9527066863376
10702,856,31,854.0,20.0,849.0,8.0,867,25,869.0,23.0,874.0,10.0,861.5542218671868
5943,1095,38,1091.0,15.0,,,1105,21,1109.0,26.0,,,1100.0087347684623
8112,632,37,627.0,13.0,,,643,17,648.0,29.0,,,637.5240811221436
2711,781,19,779.0,10.0,,,798,34,800.0,12.0,,,789.6189519570228
2529,791,32,787.0,19.0,,,805,36,809.0,21.0,,,798.0271832626383
4534,765,33,763.0,10.0,,,774,20,776.0,21.0,,,769.458451661288
1809,770,25,,,,,786,22,,,,,777.982442791156
9021,768,31,765.0,20.0,,,783,33,786.0,12.0,,,775.5120310587339
7426,864,17,861.0,15.0,,,879,34,882.0,28.0,,,871.5384475355584
1044,790,27,788.0,15.0,,,801,23,803.0,12.0,,,795.5141784815258
2288,754,37,750.0,15.0,,,762,33,766.0,15.0,,,757.9378464312907
6623,868,34,864.0,24.0,,,881,35,885.0,10.0,,,874.4363036352695
11718,784,31,780.0,18.0,,,796,22,800.0,13.0,,,789.9766268730339
840,744,15,741.0,19.0,,,755,21,758.0,21.0,,,749.4395188777949
11294,806,36,802.0,15.0,,,821,28,825.0,17.0,,,813.4761624311044
9264,610,34,606.0,17.0,,,623,19,627.0,24.0,,,616.5119610121947
557,813,26,810.0,17.0,806.0,11.0,821,24,824.0,20.0,828.0,6.0,816.9635844377324
3972,756,16,752.0,18.0,,,769,29,773.0,27.0,,,762.5430455510119
4807,752,37,749.0,10.0,746.0,9.0,764,33,767.0,20.0,770.0,5.0,758.0095785139188
2631,812,31,,,,,820,35,,,,,815.9557875266869
1425,780,32,777.0,21.0,773.0,18.0,791,34,794.0,21.0,798.0,9.0,785.5448454359092
7034,868,33,864.0,28.0,,,882,38,886.0,25.0,,,874.9869643144118
49,848,20,846.0,13.0,,,860,39,862.0,24.0,,,853.9678990762039
10890,859,19,857.0,28.0,855.0,11.0,868,18,870.0,24.0,872.0,19.0,863.5742463964442
4847,746,22,,,,,757,38,,,,,751.4732165683301
4732,777,21,773.0,18.0,,,791,26,795.0,20.0,,,784.1109904986051
11426,814,40,810.0,18.0,,,825,20,829.0,15.0,,,819.5220508880096
10769,800,25,798.0,22.0,,,810,22,812.0,25.0,,,805.0512697433882
5741,1060,32,1057.0,22.0,,,1068,37,1071.0,23.0,,,1064.0548320907415
3457,737,24,735.0,14.0,,,744,22,746.0,20.0,,,740.5843029118333
5275,939,22,933.0,11.0,,,949,16,955.0,22.0,,,943.97031545367
7591,851,17,848.0,11.0,,,866,38,869.0,16.0,,,858.59719856016
9005,764,17,762.0,16.0,,,778,22,780.0,17.0,,,770.897001701821
263,845,22,843.0,30.0,,,851,36,853.0,17.0,,,848.034657735078
6564,861,26,859.0,22.0,,,875,37,877.0,22.0,,,868.0224622613268
5084,794,26,793.0,27.0,,,805,27,806.0,30.0,,,799.4749142102455
11563,872,35,869.0,12.0,,,881,18,884.0,15.0,,,876.5316505659074
624,821,16,818.0,18.0,,,831,37,834.0,20.0,,,826.105699085717
9422,574,30,572.0,12.0,568.0,7.0,584,20,586.0,10.0,590.0,14.0,578.925089627823
4859,736,29,735.0,18.0,,,749,37,750.0,19.0,,,742.5267639006042
4424,829,28,827.0,27.0,825.0,9.0,840,30,842.0,13.0,844.0,7.0,834.5120367876256
10783,836,26,833.0,14.0,,,847,37,850.0,21.0,,,841.4847935695177
11211,837,25,833.0,17.0,,,848,22,852.0,13.0,,,842.5716441736548
3599,749,40,748.0,11.0,,,762,31,763.0,25.0,,,755.4393257428717
6745,928,24,927.0,21.0,924.0,20.0,943,19,944.0,12.0,947.0,13.0,935.519439652525
10342,729,28,727.0,26.0,,,739,18,741.0,18.0,,,733.9731025896375
3687,749,19,,,,,763,33,,,,,755.9963713533919
7976,691,37,689.0,19.0,,,705,17,707.0,15.0,,,698.0335749504482
959,755,23,,,,,766,33,,,,,760.4754362688356
767,736,26,733.0,30.0,,,749,29,752.0,10.0,,,742.5611129986801
325,882,16,880.0,23.0,,,897,38,899.0,14.0,,,889.4948352819621
8427,783,35,781.0,18.0,778.0,20.0,801,31,803.0,11.0,806.0,17.0,791.9733696524753
6177,1044,36,1041.0,28.0,,,1056,35,1059.0,15.0,,,1049.9847883236805
5383,932,23,929.0,10.0,,,942,17,945.0,12.0,,,937.0687230357407
8871,718,20,716.0,27.0,,,730,34,732.0,11.0,,,724.0161242674479
7061,873,22,872.0,25.0,,,882,16,883.0,22.0,,,877.4099779365292
5488,986,15,984.0,24.0,,,993,25,995.0,23.0,,,989.5099808282689
9558,588,38,585.0,17.0,,,604,30,607.0,26.0,,,596.0296987101187
2063,809,39,805.0,12.0,,,828,24,832.0,26.0,,,818.4967622560223
3919,768,36,765.0,25.0,,,779,36,782.0,14.0,,,773.4728058602996
10352,732,23,728.0,13.0,,,746,40,750.0,28.0,,,739.0418839965047
9048,739,22,737.0,21.0,,,750,29,752.0,21.0,,,744.4669376757176
5431,982,34,979.0,25.0,976.0,20.0,991,34,994.0,23.0,997.0,18.0,986.5840093929439
5039,810,28,806.0,28.0,,,816,29,820.0,13.0,,,813.0040458180512
11468,807,17,,,,,815,29,,,,,811.0218285702372
114,851,33,848.0,13.0,,,863,25,866.0,27.0,,,856.9649512325428
4993,764,39,763.0,23.0,,,781,26,782.0,19.0,,,772.4835149517652
4408,818,30,816.0,10.0,,,833,23,835.0,12.0,,,825.4598801449229
4200,817,26,814.0,14.0,,,830,17,833.0,21.0,,,823.5626441395603
933,769,17,765.0,27.0,,,786,22,790.0,12.0,,,777.5140412065585
8884,740,35,737.0,26.0,,,752,27,755.0,20.0,,,745.9911030956024
2432,798,21,793.0,24.0,,,811,27,816.0,17.0,,,804.4951118287888
4066,836,34,833.0,27.0,,,843,24,846.0,29.0,,,839.511757986154
10080,702,38,699.0,25.0,,,714,30,717.0,26.0,,,707.9141479715493
2830,787,21,786.0,26.0,,,797,30,798.0,15.0,,,792.0053741808827
9425,580,30,577.0,14.0,,,590,19,593.0,18.0,,,584.866105509728
3203,773,20,770.0,12.0,,,788,36,791.0,21.0,,,780.4435779394873
3978,747,28,744.0,28.0,,,754,21,757.0,14.0,,,750.5610149512211
418,841,20,839.0,11.0,,,857,39,859.0,18.0,,,848.9790957508296
1144,850,34,848.0,27.0,,,857,31,859.0,10.0,,,853.5201277773152
5470,977,15,973.0,11.0,972.0,5.0,991,27,995.0,27.0,996.0,20.0,984.1199706665712
11744,775,16,771.0,21.0,,,786,28,790.0,14.0,,,780.5148037765905
7654,834,40,831.0,29.0,,,846,28,849.0,28.0,,,839.9337498256419
7990,673,19,,,,,682,28,,,,,677.5427114004872
10565,772,16,769.0,11.0,,,783,17,786.0,10.0,,,777.4900064455343
8685,821,34,817.0,14.0,,,833,28,837.0,25.0,,,827.0452865513789
3166,767,27,763.0,12.0,760.0,5.0,780,32,784.0,20.0,787.0,6.0,773.5335286293035
10367,746,34,,,,,753,32,,,,,749.5068278669004
6262,1009,31,1006.0,17.0,,,1022,21,1025.0,13.0,,,1015.4104189892809
1893,795,37,791.0,29.0,,,813,22,817.0,27.0,,,804.0178536327878
6119,1076,26,1073.0,10.0,,,1089,22,1092.0,24.0,,,1082.5160763186161
204,834,36,830.0,23.0,,,848,39,852.0,14.0,,,840.9933718640522
4804,751,36,,,,,763,25,,,,,756.9487226418171
5783,1103,23,,,,,1116,36,,,,,1109.4778696361686
3510,740,27,737.0,14.0,,,757,21,760.0,22.0,,,748.5349009618839
6820,947,26,942.0,30.0,,,952,33,957.0,22.0,,,949.5901566564573
11228,841,40,838.0,11.0,,,852,23,855.0,17.0,,,846.4733737450887
9480,599,39,596.0,25.0,,,612,29,615.0,22.0,,,605.4914461939759
5862,1082,32,1079.0,18.0,,,1090,29,1093.0,18.0,,,1086.0745950192088
11606,810,20,807.0,15.0,,,816,15,819.0,10.0,,,812.9238078026873
292,860,38,857.0,22.0,,,872,20,875.0,20.0,,,865.9803418854411
985,755,32,753.0,27.0,749.0,7.0,764,36,766.0,15.0,770.0,17.0,759.4812302748948
1606,773,16,769.0,12.0,,,782,18,786.0,25.0,,,777.4584981016405
10787,856,15,854.0,28.0,,,863,28,865.0,27.0,,,859.4195112769967
11970,880,19,876.0,16.0,,,889,17,893.0,19.0,,,884.508369556972
385,866,21,862.0,24.0,,,874,16,878.0,22.0,,,869.9426848916573
9250,603,39,599.0,15.0,,,612,29,616.0,12.0,,,607.4658048212492
9889,627,37,625.0,27.0,,,641,25,643.0,14.0,,,634.0111163811239
3483,740,30,737.0,17.0,,,751,31,754.0,10.0,,,745.3988281214397
9552,600,20,598.0,13.0,,,610,19,612.0,19.0,,,605.0296819284562
11603,818,26,814.0,18.0,,,833,37,837.0,11.0,,,825.4537807180949
3125,776,22,774.0,14.0,,,785,40,787.0,14.0,,,780.5174396661165
8874,729,21,725.0,17.0,,,738,23,742.0,22.0,,,733.5252471286585
8306,758,32,755.0,11.0,,,771,21,774.0,30.0,,,764.436675591558
7329,857,28,854.0,14.0,,,874,32,877.0,10.0,,,865.5029540996003
6424,915,17,913.0,21.0,,,927,34,929.0,21.0,,,920.9609398514258
3176,788,24,785.0,28.0,,,798,36,801.0,16.0,,,793.013192394033
8111,629,26,626.0,20.0,,,641,37,644.0,23.0,,,635.0231528729615
6787,945,25,942.0,15.0,,,960,38,963.0,24.0,,,952.4320508482783
663,824,23,822.0,13.0,,,834,24,836.0,12.0,,,828.9763777527008
9772,619,18,615.0,15.0,,,630,32,634.0,12.0,,,624.4693022286109
6310,997,22,995.0,26.0,,,1003,18,1005.0,19.0,,,999.9429409986366
1899,786,15,783.0,27.0,,,798,29,801.0,21.0,,,792.0193443051317
2873,824,20,822.0,18.0,,,833,17,835.0,14.0,,,828.4978443863158
8304,751,22,748.0,25.0,,,763,16,766.0,27.0,,,756.9162235928576
1621,778,36,777.0,26.0,,,792,31,793.0,23.0,,,785.0640674470701
5678,1053,40,1050.0,10.0,,,1067,18,1070.0,29.0,,,1059.9080698995797
4248,816,31,813.0,17.0,,,827,19,830.0,23.0,,,821.5054983739875
8848,747,15,743.0,20.0,,,760,35,764.0,21.0,,,753.5503383606494
10692,862,23,,,,,872,18,,,,,867.0974339925351
8829,737,17,734.0,19.0,,,751,27,754.0,20.0,,,744.0459729226486
2120,794,36,790.0,12.0,787.0,6.0,811,35,815.0,17.0,818.0,9.0,802.4129288034648
2146,792,17,789.0,16.0,,,805,21,808.0,21.0,,,798.4291982588283
5380,931,26,927.0,15.0,,,939,29,943.0,16.0,,,934.9675440514238
6472,966,39,965.0,21.0,,,981,25,982.0,30.0,,,973.5224079438731
5186,847,22,843.0,23.0,,,864,19,868.0,26.0,,,855.414112428924
3038,774,37,771.0,21.0,,,789,38,792.0,26.0,,,781.4681355815214
6429,924,39,921.0,26.0,,,933,30,936.0,21.0,,,928.4469215250147
4213,822,27,819.0,14.0,,,830,24,833.0,27.0,,,826.0357397560414
4486,781,33,776.0,16.0,771.0,18.0,791,39,796.0,22.0,801.0,16.0,785.9636193136755
601,818,15,,,,,832,20,,,,,825.1053739594136
377,872,16,869.0,16.0,,,886,17,889.0,10.0,,,878.9910777255477
10518,794,39,791.0,10.0,788.0,11.0,800,25,803.0,29.0,806.0,20.0,796.9276744748408
4561,772,18,768.0,28.0,,,781,24,785.0,21.0,,,776.463115533318
8338,770,22,765.0,30.0,763.0,20.0,778,40,783.0,15.0,785.0,8.0,774.0927884334162
2466,784,31,781.0,20.0,,,795,28,798.0,11.0,,,789.4454354280462
326,884,24,881.0,13.0,877.0,19.0,899,25,902.0,18.0,906.0,13.0,891.4838582372889
